ReviewId,HouseId,Developer,ReviewerType,Satisfaction,Noise,Neighbors,Maintenance,CommentScore,Date
1,1,GreenBrick,Retiree,5,3,3,3,5,2022-04-14
2,1,GreenBrick,Family,4,4,3,4,4,2024-02-07
3,1,GreenBrick,Student,5,3,3,3,4,2020-07-17
4,1,GreenBrick,Couple,4,2,3,4,3,2024-05-26
5,1,GreenBrick,Single,5,4,2,5,5,2024-11-27
6,1,GreenBrick,Couple,4,4,3,4,4,2023-08-23
7,2,Luna Developments,Retiree,5,5,2,4,4,2023-08-17
8,2,Luna Developments,Student,4,4,4,1,3,2019-07-27
9,2,Luna Developments,Single,4,3,3,5,4,2024-08-20
10,2,Luna Developments,Single,5,4,5,4,5,2025-08-08
11,2,Luna Developments,Retiree,4,4,4,3,5,2022-04-12
12,2,Luna Developments,Couple,4,3,3,5,4,2025-07-04
13,2,Luna Developments,Family,3,4,4,5,3,2023-05-07
14,2,Luna Developments,Single,5,4,4,5,4,2020-04-12
15,3,Pioneer Homes,Family,5,3,4,2,5,2023-03-16
16,3,Pioneer Homes,Professional,4,3,4,3,5,2023-03-11
17,4,Horizon Builders,Single,4,4,2,3,5,2023-04-09
18,4,Horizon Builders,Family,5,2,4,4,5,2024-02-22
19,4,Horizon Builders,Retiree,3,3,2,3,3,2023-12-29
20,4,Horizon Builders,Student,4,2,3,3,3,2024-04-30
21,5,Nova Estates,Single,4,4,3,4,4,2019-04-13
22,5,Nova Estates,Couple,3,3,4,4,3,2020-08-10
23,5,Nova Estates,Single,4,3,3,2,4,2023-06-28
24,5,Nova Estates,Couple,4,4,4,4,5,2019-09-23
25,5,Nova Estates,Family,4,5,3,3,4,2022-07-26
26,6,Nova Estates,Professional,3,3,3,4,3,2021-12-05
27,6,Nova Estates,Family,3,4,4,4,3,2020-02-11
28,6,Nova Estates,Single,4,3,5,3,4,2025-10-23
29,7,Nova Estates,Professional,3,1,3,4,3,2022-05-26
30,7,Nova Estates,Single,3,2,3,4,4,2021-07-08
31,7,Nova Estates,Single,2,1,4,5,2,2024-10-06
32,7,Nova Estates,Family,3,3,3,4,3,2024-03-14
33,7,Nova Estates,Student,2,2,4,5,2,2023-10-10
34,7,Nova Estates,Student,2,4,3,4,2,2022-11-13
35,7,Nova Estates,Professional,2,1,4,3,2,2019-03-02
36,7,Nova Estates,Couple,1,2,1,4,1,2023-01-07
37,9,Horizon Builders,Family,3,2,3,2,3,2024-08-11
38,9,Horizon Builders,Family,2,3,3,4,2,2018-06-17
39,9,Horizon Builders,Couple,2,3,3,3,1,2019-03-17
40,9,Horizon Builders,Student,1,1,4,2,2,2020-08-30
41,9,Horizon Builders,Single,2,2,5,4,2,2019-08-02
42,10,BlueRiver Dev,Single,1,3,3,3,1,2025-05-11
43,10,BlueRiver Dev,Professional,2,5,5,5,2,2019-07-02
44,10,BlueRiver Dev,Single,4,4,4,4,4,2022-06-02
45,10,BlueRiver Dev,Family,3,3,2,3,3,2021-05-06
46,12,Cedar & Co,Family,4,4,5,4,5,2025-03-28
47,12,Cedar & Co,Couple,4,2,4,5,3,2025-11-19
48,12,Cedar & Co,Couple,3,3,4,3,3,2023-04-13
49,12,Cedar & Co,Professional,4,3,2,3,3,2020-06-17
50,12,Cedar & Co,Couple,4,2,5,3,4,2022-12-20
51,12,Cedar & Co,Family,4,4,4,5,4,2019-06-26
52,12,Cedar & Co,Single,5,3,3,3,5,2023-01-01
53,12,Cedar & Co,Retiree,4,3,2,3,3,2025-05-02
54,13,MetroConstruct,Single,1,4,4,4,1,2023-04-06
55,13,MetroConstruct,Family,1,2,2,4,2,2021-10-19
56,13,MetroConstruct,Single,3,3,5,4,4,2018-11-22
57,14,Skyline Holdings,Single,4,2,4,2,5,2023-12-12
58,14,Skyline Holdings,Couple,3,2,3,3,4,2025-08-26
59,14,Skyline Holdings,Student,5,2,4,3,5,2023-01-05
60,14,Skyline Holdings,Single,5,3,4,4,5,2020-08-19
61,15,Nova Estates,Family,4,3,4,3,4,2021-05-21
62,15,Nova Estates,Family,4,2,3,3,5,2025-08-25
63,15,Nova Estates,Family,4,2,3,4,5,2020-06-06
64,15,Nova Estates,Family,4,4,3,3,5,2022-09-06
65,15,Nova Estates,Single,5,3,4,5,4,2024-02-05
66,15,Nova Estates,Professional,2,4,3,5,2,2024-04-15
67,15,Nova Estates,Student,4,2,4,4,4,2020-02-26
68,16,Nova Estates,Retiree,2,3,3,3,2,2023-06-24
69,16,Nova Estates,Retiree,1,4,4,3,1,2019-03-11
70,16,Nova Estates,Family,3,5,5,4,3,2021-05-08
71,17,Skyline Holdings,Couple,4,3,3,1,4,2022-03-22
72,17,Skyline Holdings,Student,3,3,2,3,3,2025-01-20
73,17,Skyline Holdings,Student,5,2,3,4,5,2020-09-23
74,17,Skyline Holdings,Professional,3,2,2,2,3,2025-09-09
75,17,Skyline Holdings,Family,3,1,3,3,3,2024-05-15
76,17,Skyline Holdings,Professional,3,3,4,1,3,2023-01-15
77,17,Skyline Holdings,Retiree,3,3,2,3,4,2020-03-14
78,18,UrbanCore,Couple,2,3,4,3,3,2023-06-19
79,18,UrbanCore,Professional,3,5,3,3,3,2019-05-23
80,20,Skyline Holdings,Family,4,3,5,4,4,2025-10-13
81,20,Skyline Holdings,Family,4,3,4,3,4,2018-07-31
82,20,Skyline Holdings,Retiree,4,3,3,3,5,2023-08-26
83,21,Horizon Builders,Couple,4,1,5,3,5,2018-05-27
84,22,Nova Estates,Family,5,4,3,3,5,2019-06-09
85,22,Nova Estates,Couple,4,4,3,4,3,2023-09-17
86,22,Nova Estates,Single,4,3,4,4,4,2019-01-07
87,22,Nova Estates,Family,5,1,3,4,5,2024-03-12
88,22,Nova Estates,Single,5,3,5,3,5,2023-06-04
89,22,Nova Estates,Single,5,4,3,3,5,2024-12-26
90,22,Nova Estates,Retiree,4,2,2,4,4,2019-03-18
91,22,Nova Estates,Couple,5,4,2,4,5,2021-05-19
92,23,Skyline Holdings,Family,3,4,5,5,3,2025-01-16
93,23,Skyline Holdings,Professional,2,4,4,5,2,2024-04-18
94,23,Skyline Holdings,Professional,3,4,4,5,3,2018-07-20
95,23,Skyline Holdings,Student,3,5,4,3,3,2024-07-21
96,23,Skyline Holdings,Couple,3,3,3,4,3,2021-02-04
97,23,Skyline Holdings,Family,2,4,4,3,1,2022-10-09
98,24,GreenBrick,Couple,4,2,2,4,4,2022-05-10
99,24,GreenBrick,Professional,3,1,1,3,2,2018-12-08
100,25,Sunrise Group,Professional,4,2,5,3,5,2020-07-03
101,25,Sunrise Group,Couple,4,4,5,3,5,2018-06-21
102,25,Sunrise Group,Couple,5,3,5,4,5,2024-01-13
103,25,Sunrise Group,Couple,4,2,3,4,5,2021-03-27
104,25,Sunrise Group,Professional,4,3,3,4,4,2019-08-09
105,25,Sunrise Group,Professional,4,4,5,3,4,2025-07-13
106,25,Sunrise Group,Professional,5,4,2,5,5,2018-05-19
107,25,Sunrise Group,Couple,3,3,4,3,3,2019-09-28
108,26,Oakfield Ltd,Couple,4,4,5,3,5,2023-07-17
109,26,Oakfield Ltd,Couple,5,3,3,1,4,2018-04-07
110,26,Oakfield Ltd,Family,4,3,4,4,4,2018-01-25
111,26,Oakfield Ltd,Family,4,4,4,5,4,2018-06-15
112,26,Oakfield Ltd,Couple,4,4,1,3,3,2022-03-04
113,26,Oakfield Ltd,Family,4,2,4,5,4,2025-06-27
114,26,Oakfield Ltd,Couple,5,3,4,3,5,2023-03-10
115,27,Nova Estates,Family,5,1,3,4,5,2025-08-31
116,27,Nova Estates,Couple,4,1,4,3,5,2022-04-18
117,27,Nova Estates,Family,5,2,3,4,4,2024-11-26
118,28,UrbanCore,Single,5,3,3,3,5,2019-10-28
119,28,UrbanCore,Student,4,2,4,4,4,2018-02-19
120,28,UrbanCore,Professional,4,3,2,1,4,2018-12-20
121,28,UrbanCore,Retiree,4,4,4,2,4,2024-06-29
122,28,UrbanCore,Professional,4,2,3,2,4,2022-01-31
123,28,UrbanCore,Couple,5,4,5,5,5,2020-04-04
124,28,UrbanCore,Professional,5,4,2,5,5,2021-05-03
125,29,Horizon Builders,Couple,2,4,2,4,3,2019-05-17
126,29,Horizon Builders,Student,1,3,5,3,1,2024-02-08
127,29,Horizon Builders,Single,3,4,4,4,3,2020-01-15
128,30,Nova Estates,Single,5,3,3,4,5,2022-08-05
129,30,Nova Estates,Family,5,4,2,4,5,2024-08-16
130,30,Nova Estates,Student,3,4,2,3,2,2018-01-07
131,31,Horizon Builders,Family,2,3,4,3,1,2025-10-05
132,31,Horizon Builders,Student,3,2,5,2,4,2019-12-31
133,31,Horizon Builders,Family,1,3,3,2,1,2023-07-07
134,31,Horizon Builders,Family,4,2,3,2,4,2023-03-21
135,31,Horizon Builders,Couple,3,2,5,4,3,2022-12-09
136,31,Horizon Builders,Family,4,2,3,4,4,2019-09-21
137,32,Nova Estates,Couple,5,1,5,5,5,2021-01-24
138,32,Nova Estates,Single,5,2,3,3,5,2018-02-15
139,32,Nova Estates,Couple,3,2,5,5,3,2025-04-25
140,32,Nova Estates,Student,4,1,4,5,4,2022-11-20
141,32,Nova Estates,Family,4,2,4,4,4,2022-08-30
142,32,Nova Estates,Retiree,3,2,5,4,4,2019-10-27
143,32,Nova Estates,Family,5,2,3,4,5,2020-03-17
144,32,Nova Estates,Professional,4,4,2,3,4,2021-09-11
145,33,Nova Estates,Retiree,3,3,3,5,4,2022-08-01
146,33,Nova Estates,Couple,1,1,2,4,1,2025-01-20
147,33,Nova Estates,Couple,3,2,2,5,3,2025-11-01
148,33,Nova Estates,Professional,2,3,1,2,2,2018-03-13
149,35,Cedar & Co,Student,2,2,1,2,2,2020-11-19
150,35,Cedar & Co,Single,2,4,4,2,2,2019-12-07
151,35,Cedar & Co,Single,4,3,5,5,4,2024-03-29
152,35,Cedar & Co,Family,2,2,3,5,2,2024-07-23
153,35,Cedar & Co,Student,2,5,5,1,1,2020-07-19
154,35,Cedar & Co,Professional,4,4,2,3,4,2025-02-05
155,37,Skyline Holdings,Couple,4,1,4,3,5,2020-10-12
156,37,Skyline Holdings,Family,4,2,5,4,5,2025-01-17
157,37,Skyline Holdings,Retiree,5,3,4,5,5,2024-12-06
158,37,Skyline Holdings,Retiree,4,1,3,5,5,2019-02-18
159,38,Nova Estates,Single,4,3,3,3,3,2023-02-24
160,38,Nova Estates,Family,4,2,4,5,4,2023-05-23
161,39,BlueRiver Dev,Couple,4,1,3,3,5,2025-04-05
162,39,BlueRiver Dev,Couple,4,2,4,4,4,2019-10-18
163,40,Sunrise Group,Retiree,5,5,5,4,5,2024-11-22
164,41,Nova Estates,Professional,5,5,4,3,5,2024-08-30
165,41,Nova Estates,Professional,4,2,5,3,5,2025-11-16
166,42,Sunrise Group,Professional,4,5,2,4,3,2025-07-29
167,42,Sunrise Group,Retiree,4,5,3,5,5,2019-01-04
168,42,Sunrise Group,Couple,4,5,5,5,4,2025-06-10
169,42,Sunrise Group,Retiree,4,5,4,2,4,2020-04-02
170,42,Sunrise Group,Couple,5,4,4,3,5,2025-02-20
171,43,Nova Estates,Couple,5,1,4,3,5,2018-03-30
172,43,Nova Estates,Student,4,2,4,4,4,2022-04-08
173,43,Nova Estates,Professional,5,2,4,4,4,2020-09-23
174,43,Nova Estates,Single,4,2,3,3,4,2024-10-30
175,43,Nova Estates,Family,5,3,3,3,4,2018-11-20
176,44,EverHome,Single,3,3,3,4,4,2021-07-08
177,44,EverHome,Family,5,3,2,2,5,2022-07-28
178,44,EverHome,Family,5,4,4,3,5,2022-04-25
179,44,EverHome,Professional,5,4,4,3,5,2020-03-28
180,44,EverHome,Family,4,4,5,4,3,2025-07-16
181,44,EverHome,Retiree,4,3,5,4,3,2021-01-07
182,44,EverHome,Single,5,3,4,4,5,2022-05-15
183,44,EverHome,Family,3,4,3,3,2,2020-07-28
184,45,Skyline Holdings,Professional,4,3,3,4,4,2024-02-23
185,45,Skyline Holdings,Professional,4,2,5,5,4,2024-08-09
186,45,Skyline Holdings,Couple,4,3,4,3,4,2022-12-16
187,45,Skyline Holdings,Professional,4,3,5,1,4,2021-01-06
188,45,Skyline Holdings,Student,3,2,3,3,2,2018-01-21
189,45,Skyline Holdings,Professional,4,2,3,3,3,2023-06-20
190,45,Skyline Holdings,Couple,4,2,4,5,4,2023-04-13
191,46,BlueRiver Dev,Student,4,4,3,4,3,2025-09-23
192,46,BlueRiver Dev,Professional,3,4,5,5,3,2021-07-03
193,47,Skyline Holdings,Student,4,4,3,2,2,2021-05-04
194,47,Skyline Holdings,Student,3,3,4,3,3,2018-06-21
195,47,Skyline Holdings,Family,4,4,4,2,5,2023-07-22
196,47,Skyline Holdings,Family,4,2,4,3,4,2018-07-24
197,47,Skyline Holdings,Professional,4,3,1,3,5,2024-03-29
198,47,Skyline Holdings,Couple,5,2,4,5,5,2019-11-15
199,49,UrbanCore,Professional,3,3,3,3,2,2019-05-25
200,49,UrbanCore,Couple,2,5,5,3,2,2019-04-11
201,49,UrbanCore,Professional,2,4,3,3,2,2018-10-27
202,49,UrbanCore,Retiree,3,4,3,1,2,2020-05-21
203,50,Nova Estates,Couple,3,5,4,4,3,2021-03-25
204,51,Cedar & Co,Retiree,4,2,4,3,5,2019-07-04
205,51,Cedar & Co,Single,1,5,3,4,1,2022-11-27
206,51,Cedar & Co,Family,2,5,3,4,2,2020-05-17
207,51,Cedar & Co,Student,2,4,3,4,2,2019-01-10
208,52,Oakfield Ltd,Couple,3,3,5,3,3,2020-03-12
209,52,Oakfield Ltd,Family,2,2,4,3,1,2020-11-02
210,52,Oakfield Ltd,Professional,3,3,4,3,2,2018-10-20
211,52,Oakfield Ltd,Retiree,3,5,3,2,3,2022-09-01
212,52,Oakfield Ltd,Professional,2,1,3,4,2,2020-08-10
213,53,Luna Developments,Single,5,2,4,2,5,2025-10-05
214,53,Luna Developments,Single,5,1,4,3,4,2024-11-01
215,53,Luna Developments,Student,4,3,3,4,4,2018-05-05
216,53,Luna Developments,Couple,5,2,4,2,5,2019-10-17
217,53,Luna Developments,Single,5,2,4,4,4,2022-11-09
218,53,Luna Developments,Single,4,1,3,2,5,2020-05-23
219,53,Luna Developments,Single,3,1,4,3,3,2018-06-26
220,54,Stonegate,Single,4,4,1,4,4,2022-08-29
221,54,Stonegate,Student,2,3,4,3,2,2023-06-20
222,55,Horizon Builders,Retiree,3,4,2,4,3,2019-08-14
223,55,Horizon Builders,Couple,2,3,3,5,1,2025-06-19
224,55,Horizon Builders,Single,4,4,4,3,4,2023-07-16
225,55,Horizon Builders,Couple,2,1,3,4,2,2018-09-11
226,55,Horizon Builders,Family,4,2,3,4,4,2023-08-21
227,55,Horizon Builders,Family,3,4,4,2,3,2022-01-10
228,56,EverHome,Student,2,2,3,4,2,2024-09-17
229,56,EverHome,Retiree,3,1,5,3,2,2024-07-23
230,56,EverHome,Family,3,3,4,4,4,2023-04-26
231,56,EverHome,Retiree,2,2,3,3,2,2021-07-16
232,56,EverHome,Professional,2,5,4,3,2,2024-01-01
233,56,EverHome,Retiree,3,4,2,5,4,2025-07-28
234,57,Nova Estates,Family,5,3,4,4,5,2022-07-01
235,57,Nova Estates,Family,4,2,4,5,4,2019-03-18
236,57,Nova Estates,Couple,3,3,2,3,3,2020-03-06
237,57,Nova Estates,Retiree,5,2,5,2,5,2023-03-04
238,57,Nova Estates,Family,5,2,5,3,4,2024-04-02
239,57,Nova Estates,Family,3,3,4,2,3,2024-07-28
240,58,Nova Estates,Retiree,4,4,4,2,5,2020-10-30
241,58,Nova Estates,Single,5,5,3,3,5,2022-05-04
242,58,Nova Estates,Professional,4,3,3,4,4,2020-07-26
243,58,Nova Estates,Couple,4,5,4,3,4,2020-03-22
244,58,Nova Estates,Family,5,5,5,3,5,2019-07-14
245,58,Nova Estates,Couple,4,3,4,4,4,2023-01-20
246,58,Nova Estates,Couple,4,4,3,2,3,2020-12-15
247,58,Nova Estates,Couple,4,3,2,3,3,2019-08-26
248,59,Nova Estates,Couple,3,3,4,3,3,2021-03-18
249,59,Nova Estates,Family,3,2,4,3,4,2020-03-25
250,59,Nova Estates,Retiree,3,1,2,4,3,2018-05-13
251,59,Nova Estates,Student,4,3,2,3,5,2022-12-16
252,60,GreenBrick,Family,4,4,5,3,4,2023-01-17
253,60,GreenBrick,Family,3,2,5,5,3,2020-06-30
254,60,GreenBrick,Single,4,5,4,5,4,2018-10-18
255,60,GreenBrick,Student,4,2,2,3,4,2022-06-15
256,60,GreenBrick,Family,5,5,4,5,4,2019-10-03
257,60,GreenBrick,Professional,4,3,3,3,5,2021-10-14
258,60,GreenBrick,Family,4,4,3,3,5,2023-08-07
259,60,GreenBrick,Family,4,2,2,5,4,2022-08-07
260,61,GreenBrick,Single,3,3,4,4,5,2025-11-18
261,61,GreenBrick,Professional,4,3,4,3,5,2021-09-26
262,61,GreenBrick,Family,4,1,4,4,5,2019-10-10
263,61,GreenBrick,Single,4,1,5,5,3,2024-06-07
264,61,GreenBrick,Single,5,2,3,4,5,2018-12-23
265,61,GreenBrick,Single,3,4,4,3,3,2021-01-23
266,61,GreenBrick,Single,3,3,3,4,5,2023-05-25
267,61,GreenBrick,Couple,3,4,3,3,3,2023-09-18
268,62,Skyline Holdings,Couple,3,3,4,3,2,2019-11-22
269,62,Skyline Holdings,Family,3,4,3,3,3,2024-02-23
270,63,MetroConstruct,Family,3,2,4,5,3,2019-09-30
271,63,MetroConstruct,Retiree,5,3,3,2,5,2020-04-22
272,63,MetroConstruct,Single,3,2,3,5,4,2018-07-15
273,64,GreenBrick,Family,3,2,4,3,3,2023-03-08
274,64,GreenBrick,Couple,2,3,2,5,2,2018-09-09
275,64,GreenBrick,Family,4,3,4,3,4,2021-07-01
276,64,GreenBrick,Couple,3,3,5,5,2,2024-05-26
277,64,GreenBrick,Retiree,2,3,4,1,2,2018-10-25
278,64,GreenBrick,Single,2,1,3,4,1,2020-02-22
279,66,UrbanCore,Professional,3,2,3,3,2,2022-04-17
280,66,UrbanCore,Family,3,2,5,3,2,2023-02-01
281,67,Nova Estates,Single,4,1,4,2,4,2022-10-23
282,68,Oakfield Ltd,Couple,4,2,4,5,5,2023-10-05
283,68,Oakfield Ltd,Retiree,4,3,2,4,4,2021-07-15
284,68,Oakfield Ltd,Couple,3,2,4,5,3,2019-02-10
285,68,Oakfield Ltd,Retiree,4,4,5,3,4,2022-01-03
286,70,Atlas Properties,Family,5,1,2,5,5,2025-03-24
287,70,Atlas Properties,Single,4,3,4,3,4,2018-09-13
288,70,Atlas Properties,Retiree,3,2,4,3,2,2021-04-09
289,70,Atlas Properties,Family,4,2,4,4,5,2023-08-17
290,70,Atlas Properties,Family,4,1,2,3,4,2018-06-13
291,70,Atlas Properties,Family,5,4,5,4,5,2020-06-28
292,71,Oakfield Ltd,Couple,3,3,3,3,3,2019-07-28
293,71,Oakfield Ltd,Single,3,3,3,3,4,2023-08-04
294,72,Nova Estates,Single,5,4,4,3,5,2023-08-07
295,72,Nova Estates,Single,5,3,5,4,5,2021-08-20
296,72,Nova Estates,Family,4,3,5,3,2,2019-03-29
297,72,Nova Estates,Professional,4,2,4,4,4,2018-05-13
298,73,Nova Estates,Couple,3,1,4,3,3,2019-07-27
299,73,Nova Estates,Professional,4,1,5,3,4,2018-12-25
300,73,Nova Estates,Family,4,2,5,5,4,2023-02-02
301,73,Nova Estates,Family,4,3,3,5,4,2018-10-06
302,73,Nova Estates,Single,5,2,1,3,5,2024-03-18
303,74,Oakfield Ltd,Family,4,1,3,5,5,2023-02-07
304,74,Oakfield Ltd,Couple,3,3,2,3,2,2021-08-04
305,74,Oakfield Ltd,Couple,4,2,4,5,4,2025-01-09
306,74,Oakfield Ltd,Couple,5,3,5,2,5,2025-04-15
307,74,Oakfield Ltd,Family,5,2,3,3,5,2020-06-05
308,74,Oakfield Ltd,Family,5,3,3,3,5,2021-06-03
309,75,BlueRiver Dev,Single,5,1,3,4,5,2018-11-26
310,75,BlueRiver Dev,Couple,5,3,2,4,5,2025-11-13
311,75,BlueRiver Dev,Couple,4,2,3,3,4,2023-08-16
312,76,Pioneer Homes,Couple,1,2,4,2,1,2022-10-31
313,76,Pioneer Homes,Couple,3,1,4,3,2,2018-05-08
314,76,Pioneer Homes,Professional,2,5,2,5,3,2020-07-11
315,76,Pioneer Homes,Couple,2,3,4,3,1,2018-02-27
316,76,Pioneer Homes,Professional,2,2,5,2,2,2022-02-04
317,77,Oakfield Ltd,Student,4,2,4,4,4,2018-07-13
318,77,Oakfield Ltd,Single,5,4,2,3,5,2025-11-24
319,77,Oakfield Ltd,Couple,4,3,2,3,4,2024-06-14
320,77,Oakfield Ltd,Student,4,1,5,3,4,2022-06-09
321,78,Nova Estates,Family,4,2,3,5,4,2019-05-18
322,78,Nova Estates,Family,5,2,4,2,5,2024-06-21
323,78,Nova Estates,Professional,3,2,4,3,4,2020-03-22
324,78,Nova Estates,Student,3,3,3,4,3,2021-08-13
325,78,Nova Estates,Professional,5,3,2,5,5,2019-11-06
326,78,Nova Estates,Retiree,5,3,2,3,4,2022-04-18
327,79,GreenBrick,Student,3,3,4,4,4,2020-10-29
328,79,GreenBrick,Single,3,3,2,2,2,2024-04-22
329,80,Nova Estates,Couple,2,3,4,3,2,2021-12-25
330,81,Stonegate,Single,4,2,3,3,4,2020-06-24
331,81,Stonegate,Family,4,2,4,5,5,2024-05-12
332,81,Stonegate,Student,4,2,4,4,4,2025-03-10
333,81,Stonegate,Single,4,3,3,4,4,2023-01-17
334,81,Stonegate,Professional,3,3,4,4,3,2023-10-31
335,81,Stonegate,Student,3,4,3,3,2,2018-08-01
336,81,Stonegate,Single,5,3,3,4,4,2025-06-19
337,81,Stonegate,Professional,4,1,4,5,4,2023-01-18
338,82,Horizon Builders,Family,4,3,3,3,4,2024-12-01
339,82,Horizon Builders,Professional,4,2,4,2,4,2025-06-16
340,82,Horizon Builders,Couple,3,1,4,3,3,2019-07-13
341,82,Horizon Builders,Couple,4,2,3,4,4,2018-09-15
342,82,Horizon Builders,Couple,3,4,2,3,4,2022-01-30
343,82,Horizon Builders,Single,3,4,4,3,4,2019-07-25
344,84,Nova Estates,Family,3,4,5,3,4,2017-12-18
345,84,Nova Estates,Student,3,3,5,4,2,2024-12-08
346,84,Nova Estates,Professional,3,5,3,3,3,2024-10-29
347,84,Nova Estates,Professional,3,3,3,2,3,2020-04-12
348,84,Nova Estates,Family,3,4,4,3,4,2023-02-07
349,84,Nova Estates,Retiree,3,5,5,4,3,2019-08-25
350,84,Nova Estates,Single,3,2,2,2,4,2018-07-30
351,84,Nova Estates,Professional,4,5,3,2,4,2018-02-10
352,85,Skyline Holdings,Family,5,5,4,3,5,2021-12-21
353,85,Skyline Holdings,Single,4,4,2,5,3,2018-01-26
354,85,Skyline Holdings,Couple,4,3,3,2,4,2021-07-05
355,85,Skyline Holdings,Family,4,2,5,4,3,2019-04-26
356,85,Skyline Holdings,Single,4,4,2,4,4,2023-12-05
357,85,Skyline Holdings,Student,5,3,2,3,5,2018-05-19
358,85,Skyline Holdings,Professional,5,4,2,3,5,2020-02-11
359,85,Skyline Holdings,Family,5,3,3,5,5,2021-08-09
360,86,GreenBrick,Retiree,4,3,4,4,4,2023-01-13
361,86,GreenBrick,Family,3,3,3,3,4,2018-05-13
362,86,GreenBrick,Couple,3,3,3,2,3,2019-06-07
363,87,Pioneer Homes,Family,3,3,3,4,3,2025-09-14
364,87,Pioneer Homes,Family,5,4,5,4,5,2023-04-29
365,87,Pioneer Homes,Single,5,1,4,5,5,2022-03-01
366,87,Pioneer Homes,Single,5,3,4,5,4,2021-04-15
367,87,Pioneer Homes,Family,5,4,2,3,4,2025-02-10
368,87,Pioneer Homes,Family,5,3,3,3,5,2018-12-29
369,87,Pioneer Homes,Student,5,3,4,2,5,2022-06-15
370,87,Pioneer Homes,Couple,5,2,5,4,5,2024-12-29
371,90,Sunrise Group,Single,4,1,5,5,5,2025-11-22
372,90,Sunrise Group,Couple,3,3,4,4,4,2024-05-28
373,91,Nova Estates,Family,4,5,1,4,4,2020-10-13
374,91,Nova Estates,Student,4,3,5,5,4,2020-04-18
375,91,Nova Estates,Student,3,4,1,4,3,2025-02-01
376,91,Nova Estates,Student,4,4,3,3,4,2021-06-10
377,91,Nova Estates,Retiree,4,3,2,1,4,2023-06-04
378,91,Nova Estates,Single,5,3,3,5,5,2018-01-10
379,91,Nova Estates,Single,5,3,3,2,5,2022-11-02
380,91,Nova Estates,Couple,3,2,5,4,3,2018-11-24
381,92,BlueRiver Dev,Retiree,3,5,4,2,2,2020-07-27
382,92,BlueRiver Dev,Single,3,2,4,4,3,2023-03-28
383,92,BlueRiver Dev,Family,3,2,2,3,3,2021-01-21
384,93,Pioneer Homes,Professional,2,5,2,4,2,2021-04-27
385,94,UrbanCore,Family,5,4,4,3,5,2022-08-29
386,94,UrbanCore,Family,5,4,3,5,5,2018-08-28
387,94,UrbanCore,Student,4,4,2,3,3,2020-09-20
388,94,UrbanCore,Family,4,3,3,3,5,2025-10-24
389,94,UrbanCore,Family,3,3,4,3,4,2018-03-25
390,94,UrbanCore,Couple,5,3,5,3,5,2021-04-23
391,95,Oakfield Ltd,Couple,3,4,3,3,4,2018-07-19
392,95,Oakfield Ltd,Couple,3,4,3,5,3,2022-02-27
393,95,Oakfield Ltd,Family,2,2,3,5,3,2025-06-07
394,95,Oakfield Ltd,Professional,2,2,2,3,2,2020-04-20
395,96,Sunrise Group,Couple,4,3,4,2,4,2021-03-22
396,96,Sunrise Group,Couple,4,2,2,3,5,2025-06-22
397,97,UrbanCore,Student,3,2,5,3,2,2022-01-17
398,97,UrbanCore,Family,3,3,3,4,3,2018-07-11
399,97,UrbanCore,Retiree,3,3,4,1,4,2024-02-17
400,98,Sunrise Group,Single,4,5,3,2,4,2019-07-19
401,98,Sunrise Group,Couple,3,3,3,3,3,2022-03-11
402,98,Sunrise Group,Family,2,3,4,3,1,2022-08-14
403,99,Nova Estates,Family,3,2,5,1,4,2020-05-31
404,99,Nova Estates,Couple,3,2,5,4,3,2022-12-03
405,100,Nova Estates,Family,4,2,4,4,4,2019-06-21
406,101,Nova Estates,Couple,4,2,5,5,4,2018-12-24
407,101,Nova Estates,Couple,4,3,3,4,5,2022-03-18
408,102,Horizon Builders,Professional,3,5,5,2,3,2018-07-08
409,102,Horizon Builders,Student,3,3,3,3,3,2025-09-28
410,102,Horizon Builders,Family,2,5,3,3,2,2020-11-21
411,102,Horizon Builders,Retiree,3,3,4,2,3,2019-10-26
412,104,Sunrise Group,Single,4,2,5,3,5,2020-11-12
413,105,EverHome,Professional,4,3,3,2,4,2024-02-05
414,105,EverHome,Single,5,5,4,4,4,2018-02-22
415,105,EverHome,Single,4,3,4,4,4,2024-10-18
416,105,EverHome,Family,5,5,2,5,5,2019-05-03
417,105,EverHome,Couple,4,3,4,3,5,2018-11-07
418,105,EverHome,Professional,4,2,5,3,4,2022-05-07
419,105,EverHome,Professional,4,2,3,3,4,2020-11-26
420,105,EverHome,Couple,4,2,2,3,4,2025-01-12
421,106,Skyline Holdings,Couple,4,3,3,3,5,2020-03-09
422,106,Skyline Holdings,Single,4,1,5,2,5,2023-07-03
423,106,Skyline Holdings,Single,4,1,3,5,4,2024-08-25
424,106,Skyline Holdings,Professional,5,3,5,5,5,2024-07-13
425,106,Skyline Holdings,Student,3,1,4,2,3,2021-01-29
426,107,GreenBrick,Professional,4,3,3,2,4,2024-10-15
427,108,Pioneer Homes,Professional,4,2,2,3,4,2021-01-04
428,108,Pioneer Homes,Family,5,1,4,4,5,2024-07-29
429,108,Pioneer Homes,Family,5,4,3,5,5,2024-08-02
430,109,Skyline Holdings,Student,3,1,3,2,3,2018-03-08
431,109,Skyline Holdings,Family,3,3,3,5,2,2023-01-20
432,109,Skyline Holdings,Single,4,4,4,4,5,2024-11-30
433,109,Skyline Holdings,Family,3,2,4,3,3,2018-12-02
434,110,Nova Estates,Professional,4,3,4,2,5,2020-09-27
435,110,Nova Estates,Professional,3,3,4,4,3,2022-09-10
436,111,Skyline Holdings,Family,5,1,4,4,5,2025-06-28
437,111,Skyline Holdings,Single,5,2,3,5,4,2018-06-23
438,112,Nova Estates,Couple,1,3,2,3,1,2022-09-06
439,113,EverHome,Single,5,3,3,2,5,2021-11-30
440,113,EverHome,Student,4,2,3,5,4,2022-09-03
441,113,EverHome,Family,4,2,3,4,3,2018-07-04
442,113,EverHome,Single,5,2,5,4,4,2022-08-02
443,114,Oakfield Ltd,Single,2,3,5,4,2,2023-08-09
444,114,Oakfield Ltd,Student,2,4,4,4,2,2021-05-14
445,114,Oakfield Ltd,Single,2,4,3,3,3,2021-02-11
446,114,Oakfield Ltd,Family,3,4,3,2,2,2018-10-26
447,114,Oakfield Ltd,Single,3,4,4,4,3,2021-10-08
448,115,Horizon Builders,Student,4,2,5,2,4,2021-09-01
449,115,Horizon Builders,Single,4,2,3,3,4,2023-06-09
450,115,Horizon Builders,Retiree,4,4,3,2,5,2022-10-05
451,116,Stonegate,Professional,2,3,3,4,2,2022-07-11
452,116,Stonegate,Family,2,5,4,4,1,2019-06-16
453,117,Oakfield Ltd,Single,4,2,5,5,3,2021-01-22
454,117,Oakfield Ltd,Student,2,3,5,4,3,2024-08-13
455,117,Oakfield Ltd,Couple,3,1,3,2,4,2025-12-13
456,117,Oakfield Ltd,Family,3,3,3,4,3,2019-06-10
457,117,Oakfield Ltd,Professional,2,2,5,3,2,2020-07-02
458,118,Nova Estates,Student,3,2,3,4,3,2024-08-19
459,118,Nova Estates,Couple,4,1,4,3,3,2018-02-16
460,118,Nova Estates,Couple,4,3,4,5,3,2019-05-20
461,119,Stonegate,Single,4,3,3,3,4,2025-06-22
462,120,UrbanCore,Single,3,2,5,3,3,2020-03-04
463,120,UrbanCore,Couple,4,4,3,4,4,2021-08-31
464,120,UrbanCore,Single,3,3,4,5,2,2022-01-02
465,120,UrbanCore,Professional,2,4,4,3,1,2025-10-13
466,120,UrbanCore,Single,2,4,4,4,2,2023-11-03
467,120,UrbanCore,Couple,3,4,4,3,2,2021-08-30
468,120,UrbanCore,Single,3,4,3,2,4,2024-02-22
469,120,UrbanCore,Family,2,5,3,4,2,2023-06-11
470,122,Stonegate,Single,5,2,3,3,4,2021-07-14
471,122,Stonegate,Single,5,4,4,3,5,2025-01-27
472,122,Stonegate,Professional,4,1,4,3,4,2023-09-14
473,122,Stonegate,Couple,5,3,3,5,4,2023-10-04
474,122,Stonegate,Family,4,3,5,4,4,2022-04-21
475,122,Stonegate,Family,4,2,4,3,4,2018-03-05
476,123,Skyline Holdings,Family,4,4,3,3,5,2025-04-18
477,123,Skyline Holdings,Family,4,4,5,4,4,2022-05-03
478,123,Skyline Holdings,Family,4,2,3,3,4,2021-11-15
479,124,Nova Estates,Single,3,3,3,4,2,2021-05-08
480,124,Nova Estates,Single,4,2,3,5,4,2021-12-16
481,124,Nova Estates,Retiree,2,3,5,3,2,2018-07-02
482,125,Skyline Holdings,Couple,4,4,5,4,4,2025-07-21
483,125,Skyline Holdings,Family,3,5,4,3,2,2019-08-25
484,125,Skyline Holdings,Student,4,2,5,4,4,2022-03-26
485,125,Skyline Holdings,Family,5,4,2,3,5,2020-06-24
486,125,Skyline Holdings,Couple,4,4,3,4,5,2019-11-13
487,125,Skyline Holdings,Family,5,4,4,4,5,2023-05-09
488,126,Sunrise Group,Professional,3,2,4,5,3,2020-07-15
489,126,Sunrise Group,Single,3,3,3,3,3,2025-06-25
490,126,Sunrise Group,Couple,2,4,3,4,1,2018-06-03
491,127,Oakfield Ltd,Couple,3,5,3,3,2,2022-03-30
492,127,Oakfield Ltd,Professional,3,3,4,5,3,2023-09-21
493,127,Oakfield Ltd,Retiree,2,2,5,4,3,2024-10-14
494,127,Oakfield Ltd,Family,3,4,4,2,2,2023-08-12
495,127,Oakfield Ltd,Retiree,4,5,4,4,4,2019-03-06
496,127,Oakfield Ltd,Family,3,2,3,3,3,2021-12-03
497,127,Oakfield Ltd,Couple,3,3,2,5,3,2021-07-15
498,128,Stonegate,Family,3,3,4,2,3,2018-03-29
499,128,Stonegate,Single,5,2,4,3,5,2025-10-17
500,128,Stonegate,Couple,4,3,5,3,3,2024-03-14
501,129,Nova Estates,Student,5,2,2,4,5,2020-06-29
502,129,Nova Estates,Couple,4,3,5,3,4,2022-06-10
503,129,Nova Estates,Family,5,2,3,3,5,2018-02-13
504,130,UrbanCore,Family,3,1,3,3,3,2023-11-21
505,130,UrbanCore,Family,3,3,4,3,2,2020-10-20
506,131,GreenBrick,Single,4,3,5,4,4,2023-05-31
507,131,GreenBrick,Single,3,3,4,3,3,2024-02-25
508,132,Skyline Holdings,Family,3,3,4,5,2,2022-01-28
509,132,Skyline Holdings,Retiree,2,4,4,5,2,2020-01-13
510,133,Nova Estates,Professional,5,2,3,3,5,2020-01-01
511,133,Nova Estates,Family,4,1,3,3,4,2023-11-03
512,133,Nova Estates,Couple,4,2,4,3,3,2021-12-20
513,133,Nova Estates,Couple,4,3,5,3,4,2022-10-17
514,133,Nova Estates,Retiree,3,2,4,3,2,2021-06-02
515,133,Nova Estates,Couple,4,1,5,2,4,2024-12-28
516,133,Nova Estates,Student,4,2,5,4,4,2025-09-26
517,134,GreenBrick,Couple,4,3,3,3,4,2020-10-27
518,134,GreenBrick,Couple,5,3,5,4,4,2019-11-29
519,135,Luna Developments,Retiree,5,2,5,5,5,2023-12-28
520,137,UrbanCore,Professional,3,4,2,3,4,2018-05-02
521,137,UrbanCore,Professional,3,3,3,4,3,2018-05-17
522,137,UrbanCore,Family,4,4,3,2,4,2019-02-10
523,138,BlueRiver Dev,Couple,3,1,5,3,2,2021-04-28
524,138,BlueRiver Dev,Family,2,5,4,4,2,2018-02-19
525,138,BlueRiver Dev,Couple,2,2,5,3,2,2019-11-05
526,138,BlueRiver Dev,Single,3,4,5,4,2,2018-02-10
527,138,BlueRiver Dev,Student,3,3,3,4,4,2020-12-24
528,138,BlueRiver Dev,Professional,3,3,5,2,4,2021-01-16
529,138,BlueRiver Dev,Professional,2,3,4,4,1,2020-09-16
530,139,GreenBrick,Family,5,2,3,4,5,2019-09-03
531,139,GreenBrick,Retiree,3,3,4,2,2,2025-12-01
532,139,GreenBrick,Single,5,4,4,4,5,2025-10-25
533,139,GreenBrick,Family,5,4,5,3,4,2019-08-06
534,139,GreenBrick,Professional,5,2,3,4,5,2021-10-22
535,139,GreenBrick,Family,4,3,3,4,4,2025-01-04
536,141,Cedar & Co,Student,4,3,4,2,4,2019-05-03
537,141,Cedar & Co,Professional,2,3,2,2,2,2025-04-20
538,142,Skyline Holdings,Student,4,2,3,4,3,2023-07-05
539,142,Skyline Holdings,Student,2,1,4,3,2,2024-03-03
540,142,Skyline Holdings,Family,2,1,4,4,2,2023-03-10
541,143,Sunrise Group,Single,1,3,3,4,1,2025-10-27
542,143,Sunrise Group,Couple,2,4,2,3,2,2020-11-18
543,143,Sunrise Group,Student,3,4,3,4,3,2024-06-05
544,143,Sunrise Group,Family,3,3,2,4,4,2020-09-07
545,143,Sunrise Group,Family,2,4,2,4,3,2018-03-09
546,143,Sunrise Group,Couple,2,4,2,3,2,2022-10-24
547,143,Sunrise Group,Single,2,2,3,3,2,2023-10-28
548,144,Skyline Holdings,Professional,4,3,3,4,4,2022-03-24
549,144,Skyline Holdings,Single,4,2,4,3,5,2021-09-29
550,144,Skyline Holdings,Single,4,2,3,3,4,2022-07-03
551,144,Skyline Holdings,Professional,4,4,4,5,4,2018-11-07
552,144,Skyline Holdings,Professional,4,2,3,4,5,2018-05-30
553,144,Skyline Holdings,Student,4,1,2,4,4,2025-12-11
554,145,Skyline Holdings,Family,5,1,3,4,5,2022-02-26
555,145,Skyline Holdings,Student,4,1,3,3,3,2025-03-18
556,145,Skyline Holdings,Family,5,2,5,2,5,2020-11-20
557,146,Nova Estates,Professional,2,2,4,4,2,2022-07-29
558,146,Nova Estates,Couple,3,3,1,3,4,2020-01-06
559,146,Nova Estates,Single,2,5,4,3,2,2025-10-11
560,146,Nova Estates,Family,3,5,4,5,3,2018-07-06
561,146,Nova Estates,Couple,3,3,4,4,3,2020-02-29
562,146,Nova Estates,Student,2,3,4,4,1,2024-01-18
563,146,Nova Estates,Professional,4,4,4,4,4,2024-04-19
564,147,Horizon Builders,Family,3,3,5,4,2,2018-10-26
565,148,Sunrise Group,Family,4,3,3,4,4,2024-09-13
566,148,Sunrise Group,Student,4,3,4,2,4,2021-12-01
567,148,Sunrise Group,Couple,4,4,3,3,3,2023-04-27
568,148,Sunrise Group,Retiree,3,3,3,1,4,2019-04-01
569,148,Sunrise Group,Retiree,3,3,3,4,4,2018-01-09
570,148,Sunrise Group,Professional,2,3,5,4,3,2019-11-22
571,148,Sunrise Group,Couple,5,3,4,3,4,2019-01-07
572,149,Nova Estates,Couple,3,3,4,2,3,2019-02-15
573,149,Nova Estates,Couple,5,4,5,3,5,2018-10-20
574,149,Nova Estates,Couple,4,2,2,4,4,2020-08-21
575,150,Skyline Holdings,Couple,4,2,1,3,4,2024-03-21
576,150,Skyline Holdings,Family,4,3,3,3,5,2019-12-16
577,150,Skyline Holdings,Single,5,4,3,3,4,2018-01-22
578,151,EverHome,Single,3,2,4,3,4,2022-01-15
579,151,EverHome,Professional,4,4,4,4,5,2023-06-27
580,151,EverHome,Single,3,1,3,2,3,2018-08-09
581,152,Skyline Holdings,Single,4,2,3,4,5,2018-06-03
582,152,Skyline Holdings,Couple,5,5,5,5,5,2022-04-06
583,152,Skyline Holdings,Student,4,3,2,3,4,2021-01-19
584,152,Skyline Holdings,Couple,4,2,2,5,5,2023-04-09
585,152,Skyline Holdings,Couple,5,3,5,4,4,2019-07-31
586,152,Skyline Holdings,Couple,4,2,3,5,5,2024-06-07
587,152,Skyline Holdings,Couple,5,2,3,5,5,2023-04-06
588,152,Skyline Holdings,Family,4,4,4,3,4,2020-05-24
589,153,Nova Estates,Couple,4,3,4,4,4,2023-07-27
590,153,Nova Estates,Professional,3,4,3,4,2,2021-08-26
591,153,Nova Estates,Professional,3,2,2,4,2,2024-10-13
592,153,Nova Estates,Student,2,4,3,2,1,2021-04-02
593,153,Nova Estates,Single,2,4,4,4,2,2023-08-18
594,153,Nova Estates,Couple,3,2,5,3,3,2019-10-28
595,153,Nova Estates,Family,3,2,4,3,3,2025-06-05
596,153,Nova Estates,Family,3,4,4,5,3,2021-07-17
597,154,Sunrise Group,Single,3,4,2,3,3,2018-08-26
598,155,Atlas Properties,Couple,5,3,4,4,5,2018-08-01
599,155,Atlas Properties,Professional,4,3,1,3,4,2019-12-01
600,156,Skyline Holdings,Professional,4,3,3,2,5,2022-10-27
601,156,Skyline Holdings,Student,5,2,4,5,4,2020-03-11
602,156,Skyline Holdings,Single,4,1,5,3,3,2022-09-28
603,158,Pioneer Homes,Family,3,3,4,2,3,2021-12-25
604,158,Pioneer Homes,Single,2,4,3,1,1,2021-06-30
605,158,Pioneer Homes,Couple,3,4,2,3,2,2022-12-12
606,158,Pioneer Homes,Retiree,3,4,4,3,3,2025-11-02
607,159,Skyline Holdings,Single,5,4,3,4,4,2021-08-14
608,159,Skyline Holdings,Couple,2,3,5,3,3,2025-10-28
609,159,Skyline Holdings,Single,3,1,2,3,3,2021-07-24
610,159,Skyline Holdings,Family,3,4,4,3,3,2019-12-17
611,159,Skyline Holdings,Couple,2,4,5,3,3,2018-03-02
612,159,Skyline Holdings,Single,3,1,4,5,3,2023-08-04
613,160,Pioneer Homes,Professional,4,4,3,5,4,2023-05-02
614,160,Pioneer Homes,Family,5,4,5,3,5,2021-10-05
615,161,GreenBrick,Single,3,4,4,5,4,2021-06-19
616,163,Horizon Builders,Couple,4,3,3,3,3,2024-10-02
617,163,Horizon Builders,Family,4,3,1,5,5,2025-04-09
618,163,Horizon Builders,Couple,3,1,4,2,3,2019-04-27
619,163,Horizon Builders,Family,4,2,3,2,4,2025-07-21
620,163,Horizon Builders,Couple,5,1,3,3,5,2023-01-14
621,163,Horizon Builders,Professional,5,1,2,4,5,2018-03-31
622,163,Horizon Builders,Professional,3,2,3,5,3,2022-10-29
623,163,Horizon Builders,Couple,3,2,3,5,3,2022-12-26
624,164,UrbanCore,Couple,4,2,4,3,4,2020-09-21
625,164,UrbanCore,Single,4,3,5,3,5,2024-06-03
626,164,UrbanCore,Family,4,3,4,3,5,2022-01-28
627,164,UrbanCore,Single,5,4,4,4,5,2019-02-01
628,164,UrbanCore,Couple,3,3,3,1,4,2025-12-11
629,165,Nova Estates,Student,3,4,5,4,2,2023-02-08
630,165,Nova Estates,Professional,3,4,3,3,3,2024-08-05
631,165,Nova Estates,Family,2,2,3,3,1,2025-09-03
632,166,MetroConstruct,Retiree,3,3,3,4,3,2022-09-13
633,166,MetroConstruct,Family,5,3,3,3,5,2021-04-22
634,166,MetroConstruct,Single,4,3,5,4,4,2018-11-06
635,166,MetroConstruct,Couple,5,4,3,3,5,2024-02-19
636,166,MetroConstruct,Student,5,4,3,3,5,2025-09-15
637,166,MetroConstruct,Couple,4,5,4,2,4,2018-07-11
638,166,MetroConstruct,Couple,4,4,3,4,4,2022-05-02
639,166,MetroConstruct,Couple,4,5,3,5,4,2025-12-01
640,167,GreenBrick,Retiree,3,1,2,3,4,2019-07-16
641,169,Nova Estates,Professional,3,4,4,4,3,2024-04-19
642,169,Nova Estates,Single,4,2,4,3,3,2025-08-10
643,169,Nova Estates,Retiree,3,3,4,3,2,2022-05-01
644,169,Nova Estates,Couple,4,4,3,2,4,2018-08-03
645,169,Nova Estates,Couple,3,3,4,3,2,2025-01-15
646,170,Horizon Builders,Couple,4,4,3,4,3,2020-09-12
647,170,Horizon Builders,Family,3,2,3,5,4,2020-05-14
648,170,Horizon Builders,Family,3,3,4,3,3,2018-05-12
649,170,Horizon Builders,Family,3,3,3,5,3,2021-03-20
650,170,Horizon Builders,Student,3,3,3,3,3,2024-07-24
651,171,BlueRiver Dev,Family,4,1,1,4,4,2019-08-24
652,171,BlueRiver Dev,Couple,3,2,4,5,4,2022-01-10
653,171,BlueRiver Dev,Single,5,1,2,4,4,2022-04-20
654,171,BlueRiver Dev,Family,5,1,4,4,3,2021-03-18
655,171,BlueRiver Dev,Family,3,2,2,3,4,2021-03-25
656,171,BlueRiver Dev,Couple,3,1,3,4,3,2023-01-20
657,171,BlueRiver Dev,Family,4,1,4,2,4,2023-12-02
658,172,Nova Estates,Family,5,2,2,4,5,2024-11-04
659,172,Nova Estates,Single,4,2,4,3,4,2024-01-18
660,173,UrbanCore,Couple,3,3,4,4,3,2018-01-26
661,173,UrbanCore,Couple,5,2,3,3,5,2023-09-08
662,175,Horizon Builders,Retiree,4,3,5,2,5,2022-09-15
663,175,Horizon Builders,Single,4,3,3,4,4,2019-03-28
664,175,Horizon Builders,Professional,3,1,3,3,4,2018-02-21
665,175,Horizon Builders,Couple,4,3,3,3,4,2021-01-26
666,175,Horizon Builders,Single,5,3,2,5,5,2021-04-20
667,176,Nova Estates,Family,4,3,2,3,4,2020-02-23
668,176,Nova Estates,Family,3,2,3,4,2,2022-01-20
669,176,Nova Estates,Couple,3,4,3,5,4,2020-06-21
670,176,Nova Estates,Couple,4,4,4,4,4,2020-03-05
671,176,Nova Estates,Family,4,3,4,4,3,2019-11-24
672,177,BlueRiver Dev,Family,4,3,4,5,3,2019-12-21
673,177,BlueRiver Dev,Family,5,1,2,4,4,2020-11-05
674,177,BlueRiver Dev,Single,5,4,4,4,4,2024-02-03
675,178,GreenBrick,Student,5,3,4,4,5,2020-10-13
676,178,GreenBrick,Professional,4,3,3,2,5,2024-12-24
677,178,GreenBrick,Family,5,3,3,4,5,2020-07-26
678,179,Luna Developments,Couple,4,3,2,2,4,2023-01-14
679,179,Luna Developments,Professional,3,3,3,4,3,2022-10-14
680,179,Luna Developments,Family,3,4,2,2,3,2023-09-03
681,179,Luna Developments,Retiree,3,3,5,4,4,2023-01-28
682,179,Luna Developments,Student,3,2,2,3,3,2025-02-06
683,179,Luna Developments,Student,4,1,4,4,4,2023-03-15
684,180,Nova Estates,Student,5,3,4,2,4,2023-04-08
685,180,Nova Estates,Retiree,5,4,3,4,5,2019-02-16
686,180,Nova Estates,Couple,4,3,4,4,4,2020-01-24
687,180,Nova Estates,Retiree,5,3,3,3,4,2019-04-16
688,180,Nova Estates,Professional,5,3,5,3,5,2018-05-08
689,180,Nova Estates,Single,4,2,4,2,4,2023-11-07
690,181,GreenBrick,Single,2,2,5,3,2,2020-11-27
691,181,GreenBrick,Single,2,1,4,2,2,2023-05-25
692,181,GreenBrick,Single,2,3,3,4,2,2020-10-27
693,182,Nova Estates,Single,4,2,5,5,4,2019-08-10
694,183,EverHome,Student,3,1,4,2,3,2018-06-13
695,183,EverHome,Couple,5,1,4,3,4,2025-05-05
696,184,Stonegate,Couple,5,2,2,4,4,2024-10-13
697,184,Stonegate,Professional,5,5,4,4,5,2023-04-11
698,184,Stonegate,Student,5,2,3,4,5,2020-03-28
699,185,Skyline Holdings,Family,3,1,4,4,2,2020-12-30
700,185,Skyline Holdings,Professional,2,4,4,2,2,2022-03-04
701,185,Skyline Holdings,Family,2,2,4,3,1,2024-06-15
702,185,Skyline Holdings,Single,3,2,3,3,3,2019-12-29
703,187,Oakfield Ltd,Couple,2,3,4,2,1,2023-04-06
704,187,Oakfield Ltd,Professional,3,5,4,5,3,2024-04-18
705,188,UrbanCore,Single,3,2,4,3,4,2023-03-23
706,188,UrbanCore,Family,5,5,4,4,5,2021-06-12
707,188,UrbanCore,Couple,4,4,4,4,3,2021-07-28
708,188,UrbanCore,Student,5,2,4,2,5,2024-11-28
709,188,UrbanCore,Single,3,5,2,2,4,2024-07-28
710,188,UrbanCore,Professional,5,5,2,5,4,2025-01-19
711,188,UrbanCore,Family,5,4,4,3,5,2020-01-14
712,188,UrbanCore,Professional,5,4,3,4,5,2023-06-04
713,189,UrbanCore,Retiree,3,3,3,3,3,2025-03-21
714,189,UrbanCore,Single,2,3,3,5,1,2023-07-27
715,189,UrbanCore,Family,3,2,2,1,3,2021-09-21
716,189,UrbanCore,Family,2,1,4,4,2,2022-05-19
717,190,Skyline Holdings,Couple,2,2,5,4,2,2022-11-14
718,190,Skyline Holdings,Student,3,1,4,4,4,2023-02-12
719,190,Skyline Holdings,Couple,3,3,4,4,3,2018-09-01
720,190,Skyline Holdings,Student,2,2,4,4,3,2023-11-30
721,190,Skyline Holdings,Family,3,2,2,3,4,2023-09-25
722,191,Nova Estates,Family,2,2,4,4,2,2024-02-05
723,191,Nova Estates,Single,2,2,4,3,3,2024-03-03
724,191,Nova Estates,Student,3,2,3,3,3,2021-06-03
725,191,Nova Estates,Family,2,3,5,4,2,2021-05-27
726,191,Nova Estates,Couple,4,4,3,3,5,2024-01-04
727,192,Stonegate,Professional,3,5,4,4,3,2022-03-11
728,192,Stonegate,Professional,5,3,4,4,5,2024-12-15
729,192,Stonegate,Student,5,4,3,2,4,2022-04-27
730,192,Stonegate,Couple,4,4,4,3,5,2021-04-19
731,193,EverHome,Professional,5,2,2,4,5,2023-09-13
732,193,EverHome,Student,3,3,4,3,3,2022-05-06
733,193,EverHome,Family,4,4,4,2,4,2022-10-02
734,193,EverHome,Family,2,4,3,4,2,2023-01-02
735,195,GreenBrick,Professional,5,1,4,4,5,2020-08-28
736,195,GreenBrick,Retiree,3,1,4,5,3,2020-09-29
737,195,GreenBrick,Couple,3,4,4,3,3,2019-08-05
738,195,GreenBrick,Retiree,3,2,3,3,3,2024-04-09
739,195,GreenBrick,Couple,3,4,3,4,4,2021-11-20
740,195,GreenBrick,Couple,5,1,3,4,5,2021-01-26
741,196,GreenBrick,Retiree,4,2,4,2,4,2023-01-25
742,196,GreenBrick,Student,4,3,5,2,2,2022-05-21
743,196,GreenBrick,Family,3,1,4,3,3,2018-09-24
744,196,GreenBrick,Couple,4,1,3,2,5,2019-07-02
745,197,Pioneer Homes,Couple,4,1,4,4,3,2021-08-17
746,197,Pioneer Homes,Couple,4,3,3,3,4,2025-07-07
747,197,Pioneer Homes,Couple,4,4,3,4,4,2022-03-14
748,197,Pioneer Homes,Family,4,4,3,4,4,2023-02-23
749,198,Stonegate,Student,3,3,3,3,3,2018-09-13
750,198,Stonegate,Family,3,3,1,3,3,2019-01-10
751,198,Stonegate,Couple,2,3,3,3,3,2021-08-23
752,199,Stonegate,Couple,2,3,5,3,2,2023-03-16
753,199,Stonegate,Professional,4,4,3,3,4,2021-10-13
754,199,Stonegate,Couple,3,2,5,5,4,2022-09-20
755,199,Stonegate,Family,3,3,5,4,2,2024-07-13
756,199,Stonegate,Single,2,3,3,4,2,2020-01-17
757,200,Oakfield Ltd,Single,5,3,5,5,5,2018-05-02
758,200,Oakfield Ltd,Retiree,5,1,4,4,4,2024-03-25
759,200,Oakfield Ltd,Couple,4,1,1,5,4,2023-11-25
760,200,Oakfield Ltd,Family,4,2,4,3,3,2021-01-07
761,201,Horizon Builders,Family,3,3,5,3,3,2019-11-17
762,201,Horizon Builders,Retiree,4,4,3,1,3,2025-04-05
763,201,Horizon Builders,Professional,4,3,3,3,4,2025-09-13
764,201,Horizon Builders,Family,4,3,5,3,5,2022-11-05
765,202,Nova Estates,Retiree,4,3,5,1,5,2019-01-18
766,202,Nova Estates,Family,4,2,3,5,4,2024-11-03
767,202,Nova Estates,Family,3,4,3,3,3,2020-11-19
768,202,Nova Estates,Student,3,2,4,4,4,2022-06-01
769,202,Nova Estates,Single,5,1,4,3,5,2025-12-12
770,202,Nova Estates,Couple,5,2,3,3,5,2024-08-04
771,202,Nova Estates,Single,5,5,2,3,5,2021-04-19
772,203,Nova Estates,Couple,3,2,4,4,3,2023-06-12
773,203,Nova Estates,Professional,3,2,3,3,3,2023-05-13
774,204,Stonegate,Couple,4,3,3,2,5,2022-11-01
775,204,Stonegate,Couple,4,2,4,2,4,2025-11-28
776,204,Stonegate,Retiree,3,4,4,3,3,2025-05-12
777,204,Stonegate,Retiree,4,3,3,4,5,2025-11-20
778,205,Horizon Builders,Student,1,3,2,4,1,2019-12-16
779,205,Horizon Builders,Family,4,3,3,2,4,2019-10-23
780,206,Nova Estates,Retiree,4,4,3,3,4,2020-01-12
781,206,Nova Estates,Couple,4,4,3,2,4,2020-06-28
782,206,Nova Estates,Professional,4,3,3,3,5,2018-02-23
783,206,Nova Estates,Couple,4,2,2,3,4,2018-04-14
784,207,Nova Estates,Family,3,2,4,5,3,2025-01-09
785,207,Nova Estates,Family,5,5,5,4,5,2021-08-25
786,207,Nova Estates,Retiree,4,4,4,2,5,2021-05-14
787,207,Nova Estates,Student,4,2,2,2,4,2018-01-12
788,208,BlueRiver Dev,Professional,4,1,4,4,4,2025-12-17
789,208,BlueRiver Dev,Couple,4,2,2,3,4,2020-09-01
790,208,BlueRiver Dev,Couple,4,1,3,3,4,2024-02-23
791,208,BlueRiver Dev,Single,4,1,3,3,4,2025-10-05
792,208,BlueRiver Dev,Single,4,2,5,4,4,2022-08-07
793,208,BlueRiver Dev,Retiree,3,1,3,3,3,2021-05-10
794,209,Nova Estates,Family,4,1,4,4,4,2020-03-16
795,209,Nova Estates,Professional,5,1,3,4,5,2025-06-11
796,209,Nova Estates,Professional,5,2,2,2,5,2024-03-13
797,209,Nova Estates,Family,4,1,4,3,4,2024-11-12
798,209,Nova Estates,Couple,4,3,5,3,5,2020-10-18
799,210,Nova Estates,Student,2,5,3,3,2,2023-03-07
800,210,Nova Estates,Family,4,4,4,3,3,2023-03-08
801,210,Nova Estates,Family,4,3,3,5,4,2018-09-06
802,210,Nova Estates,Family,4,4,2,4,3,2022-05-07
803,210,Nova Estates,Family,4,3,4,3,4,2020-06-14
804,210,Nova Estates,Couple,4,5,3,5,3,2019-06-20
805,210,Nova Estates,Single,4,2,2,4,5,2024-10-23
806,210,Nova Estates,Retiree,4,3,5,4,4,2023-11-05
807,211,UrbanCore,Family,4,3,2,4,5,2019-06-29
808,211,UrbanCore,Student,3,4,3,4,4,2021-03-19
809,211,UrbanCore,Retiree,4,4,4,4,5,2020-06-10
810,211,UrbanCore,Couple,4,3,3,3,3,2019-07-29
811,211,UrbanCore,Family,3,2,4,3,2,2022-07-09
812,211,UrbanCore,Student,2,4,4,4,2,2024-12-09
813,211,UrbanCore,Couple,4,3,2,3,4,2023-04-28
814,211,UrbanCore,Retiree,4,4,4,4,4,2019-07-28
815,212,BlueRiver Dev,Family,3,3,3,3,3,2025-10-24
816,212,BlueRiver Dev,Couple,4,3,3,4,4,2021-05-15
817,212,BlueRiver Dev,Family,4,4,4,5,5,2024-05-30
818,212,BlueRiver Dev,Family,4,3,3,4,4,2021-06-18
819,213,Horizon Builders,Family,2,3,4,3,1,2024-08-03
820,213,Horizon Builders,Single,4,3,4,5,4,2019-07-31
821,213,Horizon Builders,Couple,3,3,4,3,2,2025-01-12
822,214,Skyline Holdings,Family,3,2,4,2,2,2021-05-09
823,214,Skyline Holdings,Family,3,1,5,3,5,2023-04-19
824,214,Skyline Holdings,Single,3,2,5,4,2,2025-07-01
825,214,Skyline Holdings,Professional,3,3,3,3,3,2023-10-22
826,214,Skyline Holdings,Family,3,2,3,5,4,2025-08-26
827,215,BlueRiver Dev,Couple,4,3,4,4,5,2023-04-07
828,215,BlueRiver Dev,Family,3,2,3,2,3,2018-12-13
829,215,BlueRiver Dev,Couple,2,3,2,2,1,2019-07-07
830,215,BlueRiver Dev,Family,3,2,3,3,2,2022-05-27
831,215,BlueRiver Dev,Single,2,3,3,3,2,2018-03-04
832,215,BlueRiver Dev,Student,2,4,5,4,2,2021-09-30
833,215,BlueRiver Dev,Family,4,3,4,4,5,2025-04-24
834,216,Skyline Holdings,Retiree,4,2,4,3,4,2025-09-09
835,216,Skyline Holdings,Couple,4,3,3,2,4,2022-05-26
836,216,Skyline Holdings,Retiree,4,1,4,2,4,2021-03-20
837,217,GreenBrick,Couple,1,3,5,3,2,2019-08-09
838,217,GreenBrick,Single,3,4,5,4,4,2019-07-19
839,217,GreenBrick,Family,1,3,3,3,2,2022-07-14
840,217,GreenBrick,Family,2,1,3,4,2,2022-05-18
841,218,Pioneer Homes,Family,2,4,3,2,2,2023-02-05
842,218,Pioneer Homes,Single,2,3,5,3,2,2019-03-21
843,220,MetroConstruct,Single,3,4,1,4,3,2019-12-04
844,220,MetroConstruct,Family,2,5,3,4,3,2024-09-05
845,220,MetroConstruct,Single,3,4,4,2,3,2022-11-04
846,220,MetroConstruct,Retiree,3,1,3,3,4,2022-03-21
847,220,MetroConstruct,Family,1,4,5,4,1,2018-06-06
848,220,MetroConstruct,Professional,1,3,5,1,1,2024-04-15
849,220,MetroConstruct,Family,3,4,3,3,3,2019-08-07
850,220,MetroConstruct,Student,2,4,4,4,2,2019-04-17
851,221,Horizon Builders,Family,3,1,4,4,2,2024-05-11
852,221,Horizon Builders,Couple,3,4,4,3,3,2025-03-25
853,221,Horizon Builders,Family,3,4,5,3,3,2020-01-10
854,221,Horizon Builders,Student,3,2,5,3,3,2019-08-31
855,221,Horizon Builders,Family,2,2,5,4,2,2025-05-20
856,224,GreenBrick,Family,2,3,3,4,2,2019-09-01
857,224,GreenBrick,Professional,2,1,4,4,3,2023-05-04
858,224,GreenBrick,Couple,2,2,5,4,2,2023-10-02
859,224,GreenBrick,Family,3,3,4,3,2,2021-07-17
860,224,GreenBrick,Single,3,2,3,5,4,2019-06-02
861,225,Skyline Holdings,Retiree,3,5,3,4,3,2024-01-04
862,225,Skyline Holdings,Professional,4,4,2,3,4,2018-09-03
863,225,Skyline Holdings,Professional,3,3,3,4,2,2020-05-01
864,225,Skyline Holdings,Couple,4,4,4,3,4,2023-07-08
865,225,Skyline Holdings,Retiree,4,3,3,3,4,2024-02-04
866,225,Skyline Holdings,Family,4,3,3,4,3,2023-11-23
867,225,Skyline Holdings,Family,5,5,3,4,5,2024-12-08
868,226,Skyline Holdings,Family,3,4,4,2,3,2023-04-22
869,227,Cedar & Co,Couple,5,4,3,2,5,2024-11-27
870,227,Cedar & Co,Professional,5,3,5,4,5,2025-09-13
871,228,GreenBrick,Single,1,2,3,4,1,2020-02-12
872,228,GreenBrick,Student,3,3,3,2,4,2023-08-30
873,228,GreenBrick,Couple,2,3,3,2,2,2023-01-11
874,228,GreenBrick,Couple,1,1,4,5,1,2018-12-11
875,228,GreenBrick,Family,2,2,5,4,1,2022-02-23
876,229,Stonegate,Student,4,2,2,2,5,2023-12-05
877,230,Horizon Builders,Retiree,3,3,5,4,4,2025-02-13
878,230,Horizon Builders,Family,5,1,3,5,5,2022-01-12
879,230,Horizon Builders,Retiree,4,3,3,2,5,2018-03-22
880,231,Oakfield Ltd,Couple,4,2,4,2,4,2024-08-24
881,233,UrbanCore,Professional,3,4,5,3,2,2018-09-14
882,233,UrbanCore,Couple,3,2,5,3,3,2018-07-11
883,233,UrbanCore,Couple,4,4,5,3,4,2020-12-14
884,233,UrbanCore,Retiree,2,3,2,4,3,2019-05-04
885,233,UrbanCore,Couple,2,2,4,4,1,2022-01-07
886,233,UrbanCore,Single,2,4,3,4,2,2025-09-09
887,233,UrbanCore,Student,3,4,4,3,3,2025-02-10
888,233,UrbanCore,Single,4,3,5,3,4,2023-01-28
889,234,Sunrise Group,Single,5,3,4,4,5,2021-09-06
890,234,Sunrise Group,Professional,3,3,2,4,3,2022-05-27
891,234,Sunrise Group,Family,3,3,4,3,3,2019-12-09
892,234,Sunrise Group,Single,2,2,5,2,2,2024-11-07
893,234,Sunrise Group,Single,3,3,4,3,3,2022-07-14
894,234,Sunrise Group,Family,3,3,3,2,3,2020-03-08
895,234,Sunrise Group,Couple,2,5,3,4,2,2025-06-22
896,235,Nova Estates,Single,3,2,2,3,3,2020-03-11
897,235,Nova Estates,Professional,1,2,3,4,1,2018-05-25
898,235,Nova Estates,Family,2,2,5,3,1,2021-03-04
899,235,Nova Estates,Retiree,1,2,4,3,1,2019-06-17
900,235,Nova Estates,Family,2,3,5,1,2,2022-05-12
901,237,Skyline Holdings,Single,4,1,2,5,5,2019-04-06
902,237,Skyline Holdings,Single,3,4,4,4,3,2021-04-22
903,237,Skyline Holdings,Student,3,1,2,4,3,2022-11-10
904,237,Skyline Holdings,Couple,3,3,1,4,3,2022-11-07
905,237,Skyline Holdings,Family,3,5,3,4,3,2019-08-22
906,237,Skyline Holdings,Couple,3,2,4,4,3,2019-05-22
907,238,Nova Estates,Professional,2,4,4,2,2,2020-04-24
908,239,Horizon Builders,Family,5,4,3,2,4,2022-11-11
909,240,Nova Estates,Couple,4,3,3,2,3,2021-04-14
910,240,Nova Estates,Single,4,2,2,5,4,2020-08-05
911,240,Nova Estates,Family,3,2,2,4,3,2022-03-09
912,240,Nova Estates,Single,4,2,4,5,5,2024-09-08
913,240,Nova Estates,Single,4,4,3,5,3,2023-12-19
914,240,Nova Estates,Single,3,3,3,2,2,2022-03-19
915,240,Nova Estates,Retiree,4,3,1,4,4,2021-10-08
916,240,Nova Estates,Couple,5,4,5,5,5,2020-04-11
917,241,Luna Developments,Family,4,4,1,3,3,2022-12-08
918,242,Luna Developments,Professional,3,3,4,3,2,2023-06-29
919,242,Luna Developments,Single,1,2,4,4,1,2021-08-23
920,242,Luna Developments,Professional,2,3,3,3,2,2022-09-22
921,242,Luna Developments,Student,3,4,3,4,3,2021-04-17
922,242,Luna Developments,Couple,2,4,4,5,3,2025-09-24
923,242,Luna Developments,Professional,3,3,5,3,3,2024-05-16
924,242,Luna Developments,Couple,2,4,4,2,2,2023-06-14
925,242,Luna Developments,Family,4,1,5,2,5,2018-01-06
926,243,EverHome,Couple,4,2,4,4,4,2022-12-05
927,243,EverHome,Family,3,2,3,4,3,2021-04-18
928,243,EverHome,Couple,3,3,3,5,2,2023-01-02
929,245,Nova Estates,Professional,2,3,5,4,2,2025-11-16
930,245,Nova Estates,Professional,3,2,3,2,3,2019-09-17
931,245,Nova Estates,Couple,2,2,2,3,2,2020-01-04
932,245,Nova Estates,Professional,2,5,3,3,2,2022-05-28
933,245,Nova Estates,Couple,4,5,3,2,4,2022-10-16
934,245,Nova Estates,Single,3,4,5,5,2,2021-04-27
935,245,Nova Estates,Retiree,3,4,4,2,3,2020-06-03
936,246,EverHome,Couple,5,3,3,3,4,2024-04-08
937,248,Cedar & Co,Retiree,4,2,4,2,4,2025-10-28
938,248,Cedar & Co,Couple,4,2,3,5,5,2025-04-22
939,248,Cedar & Co,Student,4,1,2,2,4,2021-10-13
940,248,Cedar & Co,Couple,4,2,2,3,4,2022-03-31
941,248,Cedar & Co,Single,4,2,3,4,4,2018-05-17
942,248,Cedar & Co,Student,3,2,3,5,3,2025-07-03
943,248,Cedar & Co,Professional,3,2,3,3,2,2020-12-23
944,248,Cedar & Co,Family,3,3,4,2,3,2021-12-21
945,249,Cedar & Co,Single,4,4,4,3,4,2020-11-06
946,249,Cedar & Co,Retiree,3,4,3,5,3,2023-02-25
947,249,Cedar & Co,Professional,4,1,5,4,4,2020-11-21
948,249,Cedar & Co,Couple,3,1,3,3,2,2020-09-12
949,249,Cedar & Co,Couple,4,4,3,3,4,2023-01-08
950,249,Cedar & Co,Single,4,2,3,3,4,2023-05-17
951,249,Cedar & Co,Family,4,4,5,4,3,2020-11-05
952,249,Cedar & Co,Single,4,3,4,5,3,2025-09-19
953,250,MetroConstruct,Retiree,4,3,4,5,3,2024-03-27
954,251,Skyline Holdings,Family,3,2,3,4,3,2020-11-30
955,251,Skyline Holdings,Professional,3,3,3,3,3,2024-02-16
956,251,Skyline Holdings,Single,3,2,4,4,4,2024-07-14
957,251,Skyline Holdings,Student,3,1,3,3,3,2021-09-07
958,251,Skyline Holdings,Professional,4,2,3,5,3,2021-04-02
959,251,Skyline Holdings,Student,2,1,3,2,2,2021-08-09
960,251,Skyline Holdings,Single,4,2,4,4,5,2020-07-15
961,251,Skyline Holdings,Retiree,3,1,3,2,3,2025-09-25
962,252,GreenBrick,Couple,3,2,5,4,3,2025-06-12
963,252,GreenBrick,Retiree,2,4,3,1,1,2020-04-28
964,252,GreenBrick,Professional,2,2,3,3,3,2021-08-30
965,253,MetroConstruct,Student,5,4,4,4,5,2021-06-29
966,253,MetroConstruct,Professional,4,2,5,2,5,2019-01-14
967,253,MetroConstruct,Single,4,4,5,5,4,2021-05-13
968,253,MetroConstruct,Family,5,3,2,4,5,2018-03-07
969,253,MetroConstruct,Family,4,3,5,4,4,2025-05-01
970,254,Skyline Holdings,Retiree,5,4,1,1,4,2020-07-03
971,254,Skyline Holdings,Family,4,4,3,4,4,2021-07-04
972,254,Skyline Holdings,Professional,5,4,4,4,5,2018-10-22
973,254,Skyline Holdings,Family,4,2,4,2,3,2018-08-31
974,254,Skyline Holdings,Single,5,4,5,3,5,2020-06-05
975,254,Skyline Holdings,Couple,4,5,3,4,4,2023-06-01
976,255,Nova Estates,Single,2,4,2,3,2,2023-11-19
977,255,Nova Estates,Family,2,5,2,3,2,2022-08-11
978,255,Nova Estates,Single,1,2,3,3,2,2020-03-02
979,257,Luna Developments,Couple,5,3,3,5,5,2023-09-05
980,258,BlueRiver Dev,Single,3,5,3,4,4,2022-03-08
981,258,BlueRiver Dev,Family,4,3,3,4,4,2025-01-15
982,258,BlueRiver Dev,Family,4,4,4,2,4,2021-12-11
983,259,UrbanCore,Family,5,1,3,2,5,2022-01-14
984,259,UrbanCore,Family,2,1,3,2,1,2023-08-20
985,259,UrbanCore,Couple,2,2,2,4,3,2023-05-25
986,260,Nova Estates,Couple,2,4,1,4,2,2025-10-22
987,260,Nova Estates,Student,2,3,4,3,2,2020-01-11
988,261,Horizon Builders,Professional,2,4,3,2,2,2018-04-07
989,261,Horizon Builders,Single,2,3,3,4,2,2021-08-04
990,261,Horizon Builders,Family,3,3,3,4,3,2025-08-05
991,261,Horizon Builders,Couple,3,2,2,3,3,2018-12-20
992,262,Atlas Properties,Professional,5,3,3,1,5,2023-11-26
993,263,Nova Estates,Retiree,4,5,3,5,4,2023-06-23
994,263,Nova Estates,Professional,3,2,3,4,3,2020-05-30
995,264,UrbanCore,Professional,3,3,3,3,3,2021-07-10
996,265,Stonegate,Professional,2,3,3,5,3,2023-12-21
997,265,Stonegate,Family,2,2,2,3,1,2023-05-28
998,265,Stonegate,Single,1,3,5,4,1,2021-11-14
999,265,Stonegate,Professional,2,1,2,2,2,2019-10-17
1000,265,Stonegate,Family,2,2,4,4,2,2023-07-16
1001,265,Stonegate,Single,3,3,3,4,3,2020-03-29
1002,266,Pioneer Homes,Professional,3,2,4,3,3,2023-08-04
1003,266,Pioneer Homes,Single,4,2,5,1,4,2018-02-03
1004,266,Pioneer Homes,Couple,4,1,2,4,3,2020-03-23
1005,266,Pioneer Homes,Retiree,3,2,3,4,3,2025-03-13
1006,266,Pioneer Homes,Professional,2,1,2,5,2,2018-01-01
1007,266,Pioneer Homes,Family,4,2,2,5,4,2019-05-08
1008,266,Pioneer Homes,Single,3,3,2,5,3,2020-01-30
1009,266,Pioneer Homes,Couple,3,3,5,5,3,2024-04-22
1010,267,BlueRiver Dev,Family,5,5,5,4,5,2019-10-30
1011,267,BlueRiver Dev,Family,4,4,4,4,4,2025-03-03
1012,268,BlueRiver Dev,Single,3,4,4,1,4,2023-09-08
1013,268,BlueRiver Dev,Retiree,2,3,2,5,2,2018-01-25
1014,269,GreenBrick,Professional,4,4,4,3,3,2020-11-10
1015,269,GreenBrick,Family,3,5,4,2,3,2021-04-25
1016,269,GreenBrick,Retiree,3,5,3,3,4,2024-12-24
1017,269,GreenBrick,Family,4,3,3,5,4,2019-09-11
1018,269,GreenBrick,Student,4,4,4,3,5,2025-01-13
1019,269,GreenBrick,Couple,4,3,2,3,4,2025-05-05
1020,269,GreenBrick,Professional,3,2,1,5,3,2019-12-30
1021,269,GreenBrick,Professional,5,3,5,4,5,2025-10-22
1022,270,Skyline Holdings,Couple,3,1,3,3,3,2023-12-20
1023,270,Skyline Holdings,Family,2,4,3,3,2,2021-07-06
1024,270,Skyline Holdings,Family,3,3,3,2,3,2022-02-05
1025,270,Skyline Holdings,Retiree,3,4,3,4,3,2023-03-09
1026,270,Skyline Holdings,Couple,3,2,4,4,2,2020-04-11
1027,271,Oakfield Ltd,Couple,2,2,5,4,2,2018-01-12
1028,271,Oakfield Ltd,Family,3,3,5,5,3,2017-12-28
1029,271,Oakfield Ltd,Professional,3,4,4,3,2,2021-12-23
1030,271,Oakfield Ltd,Single,2,4,4,4,2,2024-11-05
1031,271,Oakfield Ltd,Family,2,2,5,5,2,2024-07-26
1032,271,Oakfield Ltd,Family,2,5,2,5,2,2023-08-22
1033,272,Oakfield Ltd,Family,3,3,4,4,2,2022-11-28
1034,273,Stonegate,Couple,4,3,1,3,4,2019-06-24
1035,274,EverHome,Couple,5,4,3,3,5,2020-03-07
1036,274,EverHome,Family,5,3,4,4,5,2023-05-16
1037,274,EverHome,Student,4,4,2,3,4,2022-02-07
1038,274,EverHome,Couple,4,4,2,3,4,2023-03-17
1039,274,EverHome,Professional,5,2,3,4,5,2018-06-19
1040,274,EverHome,Family,5,3,3,2,4,2021-05-01
1041,274,EverHome,Single,4,3,5,3,5,2024-09-29
1042,275,UrbanCore,Professional,2,3,2,4,3,2021-07-19
1043,275,UrbanCore,Family,2,3,4,4,2,2020-01-06
1044,275,UrbanCore,Family,3,2,4,2,3,2023-08-19
1045,275,UrbanCore,Professional,4,1,3,3,5,2022-08-24
1046,276,Sunrise Group,Student,2,2,3,2,2,2020-12-25
1047,276,Sunrise Group,Couple,4,3,2,4,4,2025-12-13
1048,276,Sunrise Group,Couple,3,2,3,4,3,2025-10-31
1049,276,Sunrise Group,Professional,3,3,4,4,4,2021-05-10
1050,276,Sunrise Group,Student,3,2,3,3,4,2022-02-05
1051,276,Sunrise Group,Professional,2,4,3,4,2,2025-09-26
1052,276,Sunrise Group,Professional,2,3,2,4,1,2024-02-27
1053,277,Oakfield Ltd,Family,5,2,4,4,5,2021-11-16
1054,278,Horizon Builders,Couple,4,1,3,3,5,2022-08-13
1055,279,BlueRiver Dev,Couple,3,2,4,2,2,2022-08-05
1056,279,BlueRiver Dev,Couple,4,4,3,3,4,2018-07-17
1057,279,BlueRiver Dev,Family,4,2,4,3,3,2018-05-19
1058,280,Oakfield Ltd,Couple,5,3,5,3,5,2025-06-13
1059,281,Stonegate,Family,5,2,3,2,5,2019-03-20
1060,281,Stonegate,Professional,3,3,2,2,3,2022-01-06
1061,281,Stonegate,Single,5,1,5,3,5,2018-10-30
1062,281,Stonegate,Professional,4,3,5,4,3,2024-12-02
1063,281,Stonegate,Family,4,1,4,5,4,2022-12-04
1064,282,GreenBrick,Couple,4,3,5,4,4,2025-09-21
1065,282,GreenBrick,Retiree,3,3,3,3,3,2018-02-13
1066,282,GreenBrick,Couple,5,4,4,4,5,2022-03-16
1067,282,GreenBrick,Couple,5,3,5,3,5,2019-01-06
1068,283,GreenBrick,Couple,3,4,3,3,2,2025-09-06
1069,285,UrbanCore,Couple,4,2,4,4,4,2019-04-06
1070,285,UrbanCore,Retiree,3,2,4,4,2,2021-08-07
1071,285,UrbanCore,Professional,4,2,2,4,4,2020-11-18
1072,285,UrbanCore,Family,3,3,3,3,3,2018-10-06
1073,285,UrbanCore,Couple,4,5,3,4,4,2025-08-12
1074,287,Sunrise Group,Retiree,5,2,3,5,5,2022-06-25
1075,287,Sunrise Group,Professional,3,3,4,2,3,2022-07-21
1076,287,Sunrise Group,Family,4,2,4,4,3,2024-12-29
1077,287,Sunrise Group,Family,5,2,4,3,5,2019-06-16
1078,287,Sunrise Group,Professional,5,2,3,2,5,2021-06-20
1079,287,Sunrise Group,Couple,5,4,2,2,5,2019-02-08
1080,287,Sunrise Group,Single,5,1,3,2,5,2022-07-08
1081,287,Sunrise Group,Couple,5,2,5,4,4,2019-09-16
1082,288,UrbanCore,Professional,5,4,4,3,4,2019-03-28
1083,290,Horizon Builders,Family,5,3,4,3,5,2021-07-28
1084,290,Horizon Builders,Family,3,2,4,3,3,2020-01-30
1085,290,Horizon Builders,Family,4,3,2,4,3,2019-04-20
1086,290,Horizon Builders,Professional,4,2,4,2,4,2018-02-16
1087,290,Horizon Builders,Professional,3,5,5,4,3,2021-06-16
1088,290,Horizon Builders,Student,4,4,4,4,4,2020-09-02
1089,290,Horizon Builders,Single,4,4,3,5,4,2022-05-05
1090,291,Nova Estates,Family,5,4,3,4,4,2022-10-23
1091,291,Nova Estates,Student,4,5,4,4,5,2025-06-02
1092,291,Nova Estates,Retiree,3,2,2,4,2,2023-03-19
1093,291,Nova Estates,Couple,3,5,2,3,3,2018-11-29
1094,291,Nova Estates,Family,4,4,4,3,4,2018-07-23
1095,291,Nova Estates,Single,3,4,5,3,4,2023-01-28
1096,292,Nova Estates,Couple,3,3,2,5,3,2022-02-05
1097,292,Nova Estates,Student,3,4,4,5,3,2019-10-02
1098,293,MetroConstruct,Single,5,3,4,3,5,2020-06-15
1099,293,MetroConstruct,Single,4,3,5,3,4,2023-01-25
1100,294,GreenBrick,Professional,5,4,5,5,4,2020-03-20
1101,295,Nova Estates,Professional,4,1,5,5,2,2025-02-13
1102,295,Nova Estates,Student,3,2,4,2,3,2017-12-26
1103,295,Nova Estates,Single,2,2,3,3,1,2021-01-18
1104,295,Nova Estates,Family,3,3,3,2,4,2024-02-18
1105,296,UrbanCore,Retiree,3,4,3,2,3,2018-03-12
1106,296,UrbanCore,Family,3,2,4,4,3,2022-05-05
1107,296,UrbanCore,Family,3,3,4,4,3,2020-05-27
1108,296,UrbanCore,Family,3,3,3,4,2,2023-02-10
1109,297,Pioneer Homes,Student,2,2,4,4,2,2024-05-25
1110,297,Pioneer Homes,Student,4,3,3,4,3,2021-06-23
1111,297,Pioneer Homes,Family,4,3,3,2,4,2018-01-16
1112,297,Pioneer Homes,Single,3,1,3,3,4,2018-06-10
1113,297,Pioneer Homes,Family,3,4,3,3,3,2019-11-28
1114,297,Pioneer Homes,Couple,3,2,2,2,4,2019-03-10
1115,297,Pioneer Homes,Family,3,2,4,2,3,2024-11-20
1116,298,Skyline Holdings,Couple,4,3,3,3,3,2018-08-26
1117,298,Skyline Holdings,Family,3,3,2,2,3,2018-07-21
1118,298,Skyline Holdings,Couple,4,3,3,3,3,2019-04-22
1119,298,Skyline Holdings,Couple,2,2,2,4,3,2018-01-24
1120,298,Skyline Holdings,Couple,3,2,4,3,3,2018-07-11
1121,299,Horizon Builders,Couple,5,2,4,4,5,2018-02-04
1122,299,Horizon Builders,Family,4,5,3,2,4,2025-10-14
1123,300,Nova Estates,Family,3,3,2,4,3,2021-06-05
1124,301,Nova Estates,Retiree,2,3,3,3,2,2019-05-20
1125,301,Nova Estates,Family,1,3,4,5,1,2025-11-06
1126,301,Nova Estates,Single,3,4,5,4,3,2025-10-06
1127,303,UrbanCore,Single,3,2,2,4,3,2022-02-23
1128,303,UrbanCore,Family,4,2,5,4,4,2024-05-04
1129,303,UrbanCore,Retiree,3,2,4,2,3,2018-08-07
1130,304,Horizon Builders,Couple,3,4,3,3,3,2023-06-08
1131,305,Pioneer Homes,Couple,4,3,3,3,4,2018-03-08
1132,305,Pioneer Homes,Student,4,3,2,4,5,2025-02-10
1133,305,Pioneer Homes,Professional,3,3,2,5,4,2018-03-21
1134,305,Pioneer Homes,Student,3,4,4,3,3,2020-04-19
1135,305,Pioneer Homes,Professional,4,2,3,2,5,2023-09-01
1136,306,Cedar & Co,Retiree,3,3,3,3,3,2023-10-12
1137,306,Cedar & Co,Couple,3,1,4,3,3,2021-09-05
1138,306,Cedar & Co,Single,4,1,4,5,4,2019-10-27
1139,306,Cedar & Co,Couple,3,1,3,3,3,2022-06-22
1140,307,UrbanCore,Professional,4,4,4,2,4,2025-07-26
1141,307,UrbanCore,Family,4,2,4,4,4,2025-08-24
1142,307,UrbanCore,Professional,5,4,2,3,5,2024-02-03
1143,307,UrbanCore,Family,3,2,3,3,4,2018-01-02
1144,307,UrbanCore,Family,4,2,4,4,4,2023-11-19
1145,307,UrbanCore,Student,5,3,4,2,5,2020-02-07
1146,307,UrbanCore,Professional,4,2,3,4,4,2018-10-20
1147,307,UrbanCore,Student,5,2,4,4,5,2022-03-31
1148,308,GreenBrick,Couple,2,1,3,4,2,2019-02-27
1149,308,GreenBrick,Family,2,2,3,4,2,2020-06-28
1150,309,Oakfield Ltd,Professional,4,3,2,4,4,2024-03-10
1151,309,Oakfield Ltd,Couple,4,5,4,4,3,2024-12-11
1152,309,Oakfield Ltd,Professional,3,5,4,5,3,2020-01-09
1153,310,Skyline Holdings,Family,4,4,3,5,4,2021-09-09
1154,310,Skyline Holdings,Retiree,1,5,4,3,2,2019-05-27
1155,310,Skyline Holdings,Couple,2,2,1,3,2,2020-04-27
1156,310,Skyline Holdings,Retiree,2,5,3,3,2,2020-09-02
1157,310,Skyline Holdings,Single,2,3,4,3,2,2023-09-16
1158,310,Skyline Holdings,Couple,3,4,2,3,3,2023-10-03
1159,311,Sunrise Group,Family,3,4,4,3,3,2023-12-23
1160,311,Sunrise Group,Family,4,2,3,4,4,2021-06-03
1161,312,Nova Estates,Retiree,4,5,3,5,3,2021-06-21
1162,312,Nova Estates,Couple,4,3,4,3,5,2024-09-21
1163,312,Nova Estates,Single,4,3,2,4,3,2024-08-29
1164,312,Nova Estates,Retiree,4,1,4,4,4,2020-07-27
1165,312,Nova Estates,Student,5,3,3,5,5,2025-12-13
1166,313,Nova Estates,Family,3,2,4,3,2,2019-03-25
1167,313,Nova Estates,Professional,4,4,4,3,5,2024-08-09
1168,313,Nova Estates,Single,4,5,2,4,5,2023-05-08
1169,314,Cedar & Co,Single,2,1,2,5,2,2024-07-10
1170,314,Cedar & Co,Student,3,2,3,3,4,2025-01-25
1171,314,Cedar & Co,Couple,4,3,3,4,4,2024-11-28
1172,314,Cedar & Co,Family,3,3,4,4,3,2022-05-27
1173,314,Cedar & Co,Professional,3,2,5,2,3,2025-04-10
1174,314,Cedar & Co,Family,3,1,3,3,3,2023-05-27
1175,314,Cedar & Co,Family,4,2,4,3,4,2023-06-12
1176,314,Cedar & Co,Retiree,3,4,3,4,3,2025-08-30
1177,315,MetroConstruct,Family,2,3,5,3,2,2020-12-10
1178,315,MetroConstruct,Couple,3,4,4,4,2,2019-10-12
1179,316,BlueRiver Dev,Professional,2,2,4,2,1,2020-06-08
1180,316,BlueRiver Dev,Student,3,3,4,4,4,2020-05-10
1181,317,GreenBrick,Single,5,3,3,2,4,2021-09-20
1182,317,GreenBrick,Family,4,4,2,4,5,2018-09-27
1183,317,GreenBrick,Family,5,4,3,5,5,2024-02-24
1184,317,GreenBrick,Family,5,3,5,3,4,2018-04-07
1185,317,GreenBrick,Professional,5,3,3,2,5,2025-04-04
1186,317,GreenBrick,Couple,4,3,4,5,4,2020-09-11
1187,317,GreenBrick,Professional,4,2,4,4,4,2024-06-09
1188,317,GreenBrick,Professional,5,2,4,4,5,2022-05-22
1189,318,Nova Estates,Professional,2,3,4,4,2,2025-01-18
1190,318,Nova Estates,Single,4,2,5,1,3,2021-07-11
1191,318,Nova Estates,Couple,5,2,3,5,5,2018-11-21
1192,318,Nova Estates,Single,4,3,2,5,3,2025-06-29
1193,318,Nova Estates,Retiree,4,1,5,3,5,2025-08-05
1194,318,Nova Estates,Retiree,5,2,5,5,5,2025-07-21
1195,318,Nova Estates,Student,4,2,5,3,4,2020-02-10
1196,319,Nova Estates,Professional,4,4,4,3,4,2020-09-01
1197,319,Nova Estates,Family,3,5,4,3,4,2019-05-19
1198,319,Nova Estates,Student,3,2,2,4,4,2021-10-06
1199,319,Nova Estates,Retiree,3,4,3,3,2,2025-06-24
1200,320,Skyline Holdings,Professional,2,3,4,4,3,2021-09-22
1201,320,Skyline Holdings,Family,2,2,3,3,2,2024-09-26
1202,320,Skyline Holdings,Couple,3,3,3,3,3,2018-06-13
1203,320,Skyline Holdings,Family,3,2,4,3,3,2018-02-26
1204,320,Skyline Holdings,Professional,2,3,3,2,1,2023-08-02
1205,320,Skyline Holdings,Single,3,3,3,5,3,2025-11-24
1206,320,Skyline Holdings,Professional,3,2,3,4,4,2022-10-26
1207,321,UrbanCore,Professional,4,3,3,4,4,2018-06-07
1208,322,BlueRiver Dev,Professional,4,2,3,5,4,2021-04-26
1209,323,BlueRiver Dev,Couple,3,4,4,2,3,2023-12-28
1210,323,BlueRiver Dev,Couple,5,2,3,4,5,2022-07-14
1211,323,BlueRiver Dev,Student,3,3,3,5,3,2022-02-13
1212,323,BlueRiver Dev,Family,3,1,4,4,3,2019-11-18
1213,323,BlueRiver Dev,Family,5,3,5,4,5,2022-03-27
1214,324,Skyline Holdings,Family,4,3,5,4,4,2022-03-04
1215,324,Skyline Holdings,Professional,4,1,2,3,5,2022-05-28
1216,324,Skyline Holdings,Family,4,2,5,3,4,2021-02-01
1217,324,Skyline Holdings,Couple,4,2,3,3,4,2023-01-02
1218,324,Skyline Holdings,Student,5,1,4,4,5,2018-07-27
1219,325,Luna Developments,Retiree,2,2,2,5,2,2018-03-26
1220,325,Luna Developments,Retiree,2,3,3,5,2,2018-08-17
1221,325,Luna Developments,Couple,2,1,4,4,2,2022-08-29
1222,325,Luna Developments,Couple,3,3,3,2,4,2021-05-18
1223,326,Pioneer Homes,Professional,4,1,3,4,4,2022-05-22
1224,326,Pioneer Homes,Professional,3,1,4,2,3,2019-07-23
1225,326,Pioneer Homes,Single,3,1,3,1,4,2022-09-24
1226,326,Pioneer Homes,Family,4,3,4,4,5,2018-04-26
1227,326,Pioneer Homes,Single,4,1,2,5,3,2021-12-13
1228,327,UrbanCore,Couple,4,2,3,5,4,2023-05-03
1229,327,UrbanCore,Couple,4,2,3,3,4,2025-10-29
1230,327,UrbanCore,Retiree,5,4,3,4,5,2023-04-30
1231,327,UrbanCore,Family,5,1,2,4,5,2022-07-07
1232,327,UrbanCore,Couple,5,1,4,4,5,2020-07-27
1233,328,Horizon Builders,Single,3,3,2,3,3,2025-06-27
1234,328,Horizon Builders,Couple,4,2,2,3,4,2024-07-28
1235,329,GreenBrick,Couple,2,3,3,4,2,2021-09-15
1236,329,GreenBrick,Couple,3,4,3,4,3,2021-07-24
1237,329,GreenBrick,Retiree,4,4,4,5,3,2024-07-26
1238,329,GreenBrick,Student,4,4,4,3,3,2018-03-19
1239,329,GreenBrick,Single,3,3,5,2,3,2021-01-20
1240,329,GreenBrick,Couple,3,4,5,4,3,2022-04-06
1241,329,GreenBrick,Couple,4,2,3,5,4,2020-01-01
1242,330,Skyline Holdings,Couple,5,1,3,2,4,2020-05-29
1243,330,Skyline Holdings,Professional,3,1,4,4,3,2019-01-09
1244,331,GreenBrick,Family,3,3,1,3,3,2022-11-10
1245,331,GreenBrick,Single,5,2,3,4,5,2024-09-21
1246,332,Pioneer Homes,Student,2,4,3,2,1,2022-04-29
1247,332,Pioneer Homes,Family,3,3,3,4,3,2020-10-07
1248,333,Nova Estates,Family,4,3,3,5,4,2019-01-24
1249,333,Nova Estates,Retiree,3,2,2,4,2,2021-05-12
1250,334,Nova Estates,Family,3,1,4,4,3,2019-04-25
1251,334,Nova Estates,Family,4,1,1,4,4,2019-06-09
1252,334,Nova Estates,Single,3,2,4,4,3,2025-07-06
1253,334,Nova Estates,Family,4,1,4,2,3,2020-11-10
1254,335,Nova Estates,Retiree,4,3,4,4,3,2022-07-04
1255,335,Nova Estates,Couple,4,2,4,4,3,2020-09-29
1256,336,Nova Estates,Couple,5,3,4,1,5,2019-12-27
1257,336,Nova Estates,Single,5,4,3,4,5,2025-09-13
1258,336,Nova Estates,Family,4,3,3,5,4,2022-06-17
1259,336,Nova Estates,Family,4,4,3,3,3,2022-05-31
1260,336,Nova Estates,Single,4,2,4,3,4,2021-05-05
1261,336,Nova Estates,Student,3,3,4,3,2,2019-11-10
1262,336,Nova Estates,Couple,5,3,3,4,5,2024-05-13
1263,337,MetroConstruct,Couple,3,4,3,3,3,2019-12-10
1264,337,MetroConstruct,Couple,4,3,4,4,4,2018-05-18
1265,337,MetroConstruct,Single,4,3,4,4,4,2020-07-23
1266,338,BlueRiver Dev,Family,2,3,2,3,2,2018-12-22
1267,338,BlueRiver Dev,Professional,4,3,2,1,5,2024-06-07
1268,338,BlueRiver Dev,Family,2,4,4,3,2,2025-10-02
1269,338,BlueRiver Dev,Family,2,2,3,4,1,2019-11-01
1270,338,BlueRiver Dev,Single,1,4,4,3,1,2021-02-15
1271,338,BlueRiver Dev,Retiree,4,5,3,2,4,2023-08-15
1272,339,Sunrise Group,Family,3,1,3,4,2,2019-07-05
1273,339,Sunrise Group,Retiree,5,4,3,4,4,2020-03-28
1274,339,Sunrise Group,Single,3,2,4,4,4,2025-05-11
1275,339,Sunrise Group,Couple,5,1,3,5,4,2018-11-12
1276,339,Sunrise Group,Retiree,4,2,3,3,4,2023-12-10
1277,339,Sunrise Group,Family,5,1,5,5,4,2019-11-07
1278,340,Nova Estates,Couple,4,3,5,5,5,2023-03-20
1279,341,Sunrise Group,Family,3,2,3,5,3,2022-06-03
1280,341,Sunrise Group,Single,5,2,3,4,5,2018-01-06
1281,342,Sunrise Group,Student,3,4,4,5,2,2023-07-25
1282,342,Sunrise Group,Family,2,4,3,5,2,2025-12-17
1283,342,Sunrise Group,Couple,1,4,4,3,1,2022-04-12
1284,342,Sunrise Group,Couple,4,5,4,2,4,2021-12-27
1285,342,Sunrise Group,Professional,3,5,4,4,2,2024-07-31
1286,342,Sunrise Group,Professional,3,4,4,5,2,2023-05-29
1287,344,Sunrise Group,Retiree,5,3,3,3,5,2021-06-07
1288,344,Sunrise Group,Couple,4,4,3,3,5,2018-08-12
1289,344,Sunrise Group,Couple,5,3,5,4,4,2022-10-17
1290,344,Sunrise Group,Single,5,5,4,3,5,2025-03-01
1291,344,Sunrise Group,Single,3,4,4,4,3,2025-08-08
1292,344,Sunrise Group,Family,5,4,3,2,4,2024-02-18
1293,344,Sunrise Group,Single,4,4,4,4,4,2019-05-16
1294,345,GreenBrick,Family,3,3,4,4,3,2021-08-23
1295,345,GreenBrick,Professional,3,1,5,4,3,2019-05-27
1296,345,GreenBrick,Family,4,3,4,4,5,2023-03-17
1297,345,GreenBrick,Single,3,4,5,5,3,2018-12-04
1298,345,GreenBrick,Couple,3,4,4,4,3,2024-07-20
1299,345,GreenBrick,Family,4,2,4,2,3,2025-08-02
1300,345,GreenBrick,Couple,2,3,5,5,2,2022-01-25
1301,345,GreenBrick,Family,2,2,4,4,2,2022-07-30
1302,346,Horizon Builders,Family,3,3,3,5,4,2020-03-13
1303,346,Horizon Builders,Professional,2,2,4,3,2,2022-07-08
1304,346,Horizon Builders,Family,3,2,2,2,3,2019-05-29
1305,347,Horizon Builders,Single,2,4,4,4,3,2019-06-26
1306,347,Horizon Builders,Professional,2,2,4,4,2,2023-09-13
1307,347,Horizon Builders,Couple,2,2,2,4,1,2022-05-10
1308,347,Horizon Builders,Family,2,3,4,2,3,2021-03-10
1309,348,Nova Estates,Couple,3,3,5,1,3,2020-01-12
1310,348,Nova Estates,Professional,4,3,3,3,3,2018-09-01
1311,349,GreenBrick,Couple,3,2,3,5,3,2022-03-27
1312,349,GreenBrick,Single,2,3,1,3,3,2023-08-26
1313,349,GreenBrick,Single,3,4,3,4,3,2018-07-16
1314,349,GreenBrick,Retiree,3,3,5,4,3,2019-03-24
1315,349,GreenBrick,Couple,2,3,3,3,2,2024-06-01
1316,350,Horizon Builders,Couple,5,1,3,5,5,2020-07-21
1317,350,Horizon Builders,Professional,4,5,4,4,4,2025-05-06
1318,350,Horizon Builders,Couple,3,5,3,4,3,2025-04-05
1319,350,Horizon Builders,Family,3,3,3,4,3,2025-10-23
1320,350,Horizon Builders,Family,4,3,3,3,4,2021-03-28
1321,351,Sunrise Group,Family,1,2,5,4,1,2024-10-28
1322,351,Sunrise Group,Professional,2,1,2,2,2,2025-04-21
1323,351,Sunrise Group,Family,2,2,3,3,2,2018-03-28
1324,351,Sunrise Group,Couple,4,1,2,4,5,2021-06-19
1325,351,Sunrise Group,Family,3,1,3,4,3,2025-10-02
1326,351,Sunrise Group,Professional,2,2,2,4,2,2021-12-20
1327,352,MetroConstruct,Single,4,4,4,4,4,2018-01-19
1328,352,MetroConstruct,Retiree,3,4,4,5,4,2019-01-24
1329,352,MetroConstruct,Couple,4,2,5,4,4,2018-09-17
1330,352,MetroConstruct,Family,4,4,2,4,4,2018-09-18
1331,352,MetroConstruct,Couple,4,4,3,3,3,2021-02-19
1332,352,MetroConstruct,Family,3,4,3,1,4,2018-09-02
1333,352,MetroConstruct,Single,5,3,5,3,5,2023-05-12
1334,352,MetroConstruct,Couple,4,3,4,4,4,2019-06-20
1335,353,Horizon Builders,Student,2,3,3,3,2,2021-11-24
1336,353,Horizon Builders,Couple,3,2,4,5,3,2024-10-12
1337,353,Horizon Builders,Couple,3,1,2,4,3,2021-06-16
1338,354,Nova Estates,Couple,3,3,3,2,3,2020-10-25
1339,354,Nova Estates,Couple,3,1,3,3,3,2018-04-24
1340,355,Nova Estates,Family,4,1,3,3,4,2021-12-11
1341,355,Nova Estates,Student,4,3,4,2,4,2019-06-28
1342,355,Nova Estates,Student,3,2,2,3,3,2021-05-11
1343,355,Nova Estates,Student,3,2,4,2,4,2018-04-02
1344,355,Nova Estates,Family,3,1,2,4,3,2019-08-07
1345,357,Nova Estates,Family,3,3,5,4,3,2021-07-19
1346,357,Nova Estates,Retiree,3,4,3,5,3,2019-05-09
1347,357,Nova Estates,Family,3,4,4,4,3,2018-10-30
1348,357,Nova Estates,Professional,2,4,2,3,2,2023-09-02
1349,357,Nova Estates,Couple,3,4,3,2,3,2025-07-16
1350,357,Nova Estates,Family,3,4,3,5,3,2025-12-13
1351,357,Nova Estates,Single,2,4,4,4,2,2021-06-30
1352,358,UrbanCore,Couple,4,2,3,4,5,2020-10-15
1353,358,UrbanCore,Family,5,3,2,3,5,2022-07-30
1354,358,UrbanCore,Couple,5,3,5,4,5,2024-05-11
1355,358,UrbanCore,Single,5,4,2,5,5,2024-08-21
1356,358,UrbanCore,Couple,5,1,3,3,5,2022-02-20
1357,359,Luna Developments,Couple,4,2,3,3,4,2020-03-06
1358,359,Luna Developments,Family,4,2,4,3,4,2020-06-25
1359,359,Luna Developments,Family,4,3,2,2,4,2018-05-01
1360,359,Luna Developments,Family,5,2,4,3,5,2019-12-30
1361,359,Luna Developments,Professional,5,4,4,3,5,2020-11-16
1362,360,UrbanCore,Couple,2,5,4,4,2,2023-01-05
1363,360,UrbanCore,Family,3,5,2,4,3,2022-06-29
1364,360,UrbanCore,Student,2,2,3,5,2,2019-06-23
1365,360,UrbanCore,Single,3,1,5,3,2,2025-12-14
1366,361,GreenBrick,Couple,4,4,3,3,4,2019-04-07
1367,361,GreenBrick,Couple,5,2,3,2,5,2023-05-17
1368,361,GreenBrick,Couple,4,2,5,3,4,2020-08-16
1369,361,GreenBrick,Single,4,2,4,4,3,2019-06-09
1370,361,GreenBrick,Family,4,2,4,5,5,2019-05-14
1371,362,Horizon Builders,Professional,4,4,4,4,5,2023-09-28
1372,362,Horizon Builders,Couple,5,4,4,3,5,2018-05-06
1373,362,Horizon Builders,Single,4,2,2,4,3,2021-03-15
1374,362,Horizon Builders,Couple,4,2,4,5,4,2020-10-17
1375,362,Horizon Builders,Family,4,1,3,2,4,2020-05-26
1376,362,Horizon Builders,Single,4,2,3,3,5,2023-11-26
1377,362,Horizon Builders,Student,4,4,2,3,5,2022-02-15
1378,362,Horizon Builders,Couple,4,1,5,3,5,2021-11-15
1379,363,Sunrise Group,Professional,4,2,1,4,5,2019-11-18
1380,363,Sunrise Group,Retiree,4,1,2,4,4,2020-11-06
1381,363,Sunrise Group,Retiree,4,3,3,5,4,2025-11-17
1382,363,Sunrise Group,Student,3,3,3,5,3,2018-01-02
1383,363,Sunrise Group,Family,4,1,3,3,3,2021-01-30
1384,363,Sunrise Group,Student,3,2,3,5,3,2022-12-30
1385,363,Sunrise Group,Couple,3,2,3,3,3,2025-08-05
1386,364,UrbanCore,Professional,3,3,2,3,4,2022-05-22
1387,365,Luna Developments,Single,5,1,4,2,5,2018-09-25
1388,365,Luna Developments,Couple,5,1,5,4,5,2023-04-10
1389,365,Luna Developments,Single,4,1,5,5,3,2019-05-11
1390,365,Luna Developments,Retiree,4,1,2,3,3,2021-05-07
1391,365,Luna Developments,Single,5,2,4,4,5,2018-03-08
1392,365,Luna Developments,Single,4,2,4,5,5,2022-09-19
1393,365,Luna Developments,Family,4,1,5,5,3,2024-01-26
1394,366,GreenBrick,Couple,3,2,4,4,4,2025-05-12
1395,366,GreenBrick,Professional,4,2,3,2,3,2022-02-12
1396,366,GreenBrick,Family,4,3,3,3,4,2021-07-29
1397,367,Cedar & Co,Family,5,4,3,3,4,2025-06-28
1398,367,Cedar & Co,Couple,5,3,4,2,5,2024-10-11
1399,367,Cedar & Co,Family,5,3,3,3,5,2018-01-06
1400,367,Cedar & Co,Family,5,1,3,4,5,2020-08-10
1401,367,Cedar & Co,Single,5,4,5,1,5,2019-05-28
1402,367,Cedar & Co,Family,5,5,3,4,5,2025-10-19
1403,367,Cedar & Co,Couple,3,2,3,2,4,2019-04-02
1404,367,Cedar & Co,Couple,4,1,3,4,4,2025-05-25
1405,368,EverHome,Professional,3,2,3,5,2,2022-02-26
1406,368,EverHome,Family,2,4,4,3,2,2022-06-24
1407,368,EverHome,Family,3,3,4,4,3,2023-10-22
1408,368,EverHome,Single,3,3,5,4,2,2022-09-15
1409,368,EverHome,Single,2,4,5,3,2,2019-10-10
1410,368,EverHome,Single,3,2,4,4,3,2021-08-04
1411,369,Nova Estates,Couple,3,1,3,2,3,2020-05-02
1412,369,Nova Estates,Professional,5,2,3,2,4,2018-05-28
1413,369,Nova Estates,Family,4,2,2,3,4,2018-10-29
1414,370,Nova Estates,Family,4,2,4,2,5,2019-01-17
1415,370,Nova Estates,Couple,4,2,3,3,4,2018-03-21
1416,370,Nova Estates,Professional,4,2,3,4,4,2018-07-30
1417,370,Nova Estates,Couple,4,2,5,4,5,2020-01-01
1418,371,Nova Estates,Family,3,2,4,3,3,2024-10-03
1419,371,Nova Estates,Family,3,1,5,3,3,2021-11-20
1420,373,Nova Estates,Retiree,4,2,4,4,3,2025-01-03
1421,373,Nova Estates,Single,4,3,5,3,3,2022-04-13
1422,373,Nova Estates,Family,3,1,4,3,4,2025-04-03
1423,373,Nova Estates,Student,2,4,3,2,2,2023-08-04
1424,374,BlueRiver Dev,Family,2,4,4,2,2,2024-07-26
1425,374,BlueRiver Dev,Single,4,4,3,5,4,2019-08-08
1426,374,BlueRiver Dev,Single,2,3,4,2,2,2020-12-15
1427,375,Nova Estates,Single,4,4,2,4,4,2018-07-17
1428,375,Nova Estates,Family,4,1,4,3,3,2025-09-20
1429,375,Nova Estates,Student,3,1,4,3,4,2020-12-02
1430,375,Nova Estates,Family,4,3,2,5,4,2022-06-18
1431,376,Skyline Holdings,Family,2,1,2,3,3,2025-06-19
1432,376,Skyline Holdings,Student,3,2,2,2,3,2023-08-20
1433,376,Skyline Holdings,Single,3,3,4,5,3,2024-02-27
1434,376,Skyline Holdings,Single,2,2,5,4,2,2024-09-22
1435,377,MetroConstruct,Professional,4,1,4,2,5,2021-10-28
1436,379,Oakfield Ltd,Family,4,3,4,3,4,2020-09-03
1437,379,Oakfield Ltd,Couple,4,3,4,3,4,2020-03-27
1438,379,Oakfield Ltd,Couple,5,3,5,3,5,2021-04-20
1439,379,Oakfield Ltd,Student,4,3,4,3,4,2019-09-15
1440,380,Skyline Holdings,Couple,3,3,5,4,2,2021-07-08
1441,380,Skyline Holdings,Couple,3,5,4,5,4,2020-08-06
1442,380,Skyline Holdings,Single,3,4,5,5,2,2025-03-07
1443,380,Skyline Holdings,Couple,2,3,3,4,2,2020-12-27
1444,380,Skyline Holdings,Couple,3,4,5,3,3,2023-08-05
1445,380,Skyline Holdings,Family,3,3,2,4,4,2019-10-08
1446,380,Skyline Holdings,Single,3,4,4,2,4,2025-09-24
1447,380,Skyline Holdings,Family,2,4,2,3,3,2022-06-22
1448,381,Nova Estates,Couple,2,3,5,3,2,2020-12-01
1449,381,Nova Estates,Family,4,4,3,2,4,2021-10-19
1450,382,BlueRiver Dev,Student,4,3,2,2,5,2018-01-18
1451,382,BlueRiver Dev,Retiree,3,5,3,4,4,2025-06-10
1452,382,BlueRiver Dev,Single,3,5,3,4,2,2023-12-03
1453,382,BlueRiver Dev,Family,4,5,2,2,5,2019-12-09
1454,382,BlueRiver Dev,Couple,4,3,3,5,4,2024-08-30
1455,382,BlueRiver Dev,Family,5,5,3,3,5,2022-11-21
1456,382,BlueRiver Dev,Couple,5,4,4,3,5,2019-01-10
1457,382,BlueRiver Dev,Family,4,4,3,2,4,2018-10-06
1458,383,Horizon Builders,Couple,3,3,1,3,2,2022-10-24
1459,384,Stonegate,Retiree,3,3,3,3,3,2019-08-14
1460,384,Stonegate,Student,3,2,3,2,4,2022-12-08
1461,384,Stonegate,Single,3,1,5,4,3,2024-02-22
1462,385,Pioneer Homes,Retiree,5,3,3,3,5,2021-07-03
1463,385,Pioneer Homes,Single,5,4,4,3,3,2020-11-17
1464,385,Pioneer Homes,Single,4,3,3,5,4,2020-11-29
1465,385,Pioneer Homes,Family,4,3,3,4,3,2019-02-09
1466,385,Pioneer Homes,Family,3,5,2,3,3,2021-03-25
1467,385,Pioneer Homes,Couple,4,4,5,5,3,2019-05-29
1468,385,Pioneer Homes,Couple,5,4,4,3,4,2022-02-24
1469,385,Pioneer Homes,Family,4,5,3,3,5,2022-09-04
1470,386,Oakfield Ltd,Professional,1,5,5,3,1,2021-06-01
1471,386,Oakfield Ltd,Professional,4,5,4,3,3,2022-09-21
1472,386,Oakfield Ltd,Single,3,3,5,3,3,2025-01-07
1473,386,Oakfield Ltd,Family,3,2,4,3,3,2024-07-27
1474,386,Oakfield Ltd,Retiree,3,3,4,3,3,2018-05-04
1475,386,Oakfield Ltd,Retiree,4,4,3,3,4,2025-05-22
1476,387,Skyline Holdings,Student,1,3,3,4,2,2021-11-07
1477,387,Skyline Holdings,Professional,2,1,4,5,3,2019-04-12
1478,387,Skyline Holdings,Student,3,2,5,4,3,2023-05-22
1479,387,Skyline Holdings,Single,3,3,5,4,3,2025-04-28
1480,387,Skyline Holdings,Couple,3,4,3,3,3,2025-05-05
1481,387,Skyline Holdings,Student,4,1,5,3,5,2023-07-13
1482,387,Skyline Holdings,Student,4,1,4,4,5,2023-02-28
1483,387,Skyline Holdings,Couple,2,1,4,4,1,2024-09-02
1484,388,Nova Estates,Single,4,2,2,3,3,2020-12-15
1485,388,Nova Estates,Single,5,1,3,3,5,2021-02-10
1486,388,Nova Estates,Student,5,2,3,4,5,2019-09-09
1487,388,Nova Estates,Retiree,5,1,3,3,5,2023-02-22
1488,388,Nova Estates,Retiree,2,2,4,3,2,2023-08-06
1489,388,Nova Estates,Retiree,4,2,4,4,4,2023-04-09
1490,389,Pioneer Homes,Couple,3,3,4,4,2,2025-02-19
1491,389,Pioneer Homes,Retiree,2,3,4,3,3,2022-04-11
1492,389,Pioneer Homes,Student,1,1,4,5,2,2018-08-02
1493,389,Pioneer Homes,Couple,3,3,3,4,3,2020-03-14
1494,389,Pioneer Homes,Family,3,1,3,1,3,2021-10-11
1495,389,Pioneer Homes,Couple,2,3,3,2,3,2019-02-24
1496,389,Pioneer Homes,Family,2,1,3,3,3,2020-04-12
1497,389,Pioneer Homes,Single,2,2,5,4,2,2018-02-20
1498,390,Oakfield Ltd,Single,5,3,3,3,5,2022-09-30
1499,390,Oakfield Ltd,Single,4,4,4,5,5,2020-01-26
1500,390,Oakfield Ltd,Family,5,3,4,3,5,2025-12-09
1501,390,Oakfield Ltd,Couple,4,3,3,3,4,2020-04-23
1502,391,Atlas Properties,Retiree,2,4,2,4,2,2020-01-23
1503,391,Atlas Properties,Single,3,3,4,3,4,2021-02-18
1504,391,Atlas Properties,Couple,2,3,4,3,2,2025-12-02
1505,391,Atlas Properties,Retiree,1,2,3,4,1,2024-08-03
1506,391,Atlas Properties,Student,1,5,4,5,1,2018-11-22
1507,391,Atlas Properties,Couple,4,3,4,2,4,2022-02-02
1508,391,Atlas Properties,Couple,3,1,4,5,3,2022-02-16
1509,391,Atlas Properties,Couple,4,3,5,4,4,2019-03-21
1510,392,GreenBrick,Family,4,5,1,3,3,2021-05-27
1511,393,GreenBrick,Couple,2,3,5,2,1,2022-01-12
1512,393,GreenBrick,Couple,2,3,4,3,3,2019-01-12
1513,393,GreenBrick,Couple,3,3,3,3,3,2021-01-30
1514,393,GreenBrick,Student,3,2,5,3,3,2021-05-25
1515,393,GreenBrick,Professional,3,4,5,3,3,2023-06-23
1516,393,GreenBrick,Professional,3,2,2,2,3,2022-03-08
1517,393,GreenBrick,Student,3,5,4,4,4,2024-09-09
1518,393,GreenBrick,Single,3,3,4,5,4,2022-10-30
1519,394,Oakfield Ltd,Single,3,2,4,2,3,2018-07-19
1520,395,GreenBrick,Family,3,3,5,3,3,2019-08-27
1521,395,GreenBrick,Professional,3,2,4,3,3,2022-03-14
1522,395,GreenBrick,Couple,4,3,5,4,3,2019-02-17
1523,395,GreenBrick,Couple,3,3,5,5,3,2023-07-07
1524,395,GreenBrick,Professional,3,1,3,3,3,2023-10-17
1525,395,GreenBrick,Single,2,1,3,4,2,2023-04-25
1526,395,GreenBrick,Couple,2,2,3,4,2,2022-09-19
1527,396,Luna Developments,Professional,2,3,5,4,2,2022-09-21
1528,396,Luna Developments,Couple,2,2,4,3,2,2018-10-18
1529,396,Luna Developments,Student,4,5,2,2,3,2024-09-08
1530,396,Luna Developments,Professional,2,4,4,5,2,2023-07-23
1531,396,Luna Developments,Couple,2,2,3,4,2,2020-02-21
1532,396,Luna Developments,Family,2,2,4,4,1,2021-03-14
1533,397,MetroConstruct,Single,4,1,3,4,4,2022-10-24
1534,397,MetroConstruct,Professional,3,2,4,4,3,2021-02-08
1535,397,MetroConstruct,Family,3,2,4,2,4,2022-07-05
1536,397,MetroConstruct,Student,3,2,4,2,3,2018-04-21
1537,398,Sunrise Group,Family,3,4,4,4,3,2020-11-26
1538,398,Sunrise Group,Couple,5,5,1,4,5,2020-10-22
1539,398,Sunrise Group,Family,5,3,4,4,5,2021-02-20
1540,398,Sunrise Group,Student,5,5,5,3,4,2020-03-15
1541,398,Sunrise Group,Couple,3,4,3,4,4,2021-02-03
1542,399,Pioneer Homes,Professional,4,2,4,4,5,2019-09-05
1543,399,Pioneer Homes,Couple,5,3,5,3,5,2025-05-08
1544,399,Pioneer Homes,Family,4,2,3,3,4,2021-09-16
1545,399,Pioneer Homes,Student,4,4,3,4,4,2020-06-19
1546,400,Pioneer Homes,Couple,2,3,2,3,1,2023-12-06
1547,400,Pioneer Homes,Retiree,4,4,2,5,5,2018-01-26
1548,401,Nova Estates,Family,4,5,3,5,4,2019-04-09
1549,401,Nova Estates,Couple,3,2,3,3,2,2018-02-09
1550,401,Nova Estates,Student,4,2,3,2,3,2025-10-11
1551,401,Nova Estates,Single,3,4,4,4,3,2022-11-16
1552,401,Nova Estates,Couple,4,3,3,3,4,2020-11-06
1553,401,Nova Estates,Single,3,5,2,4,2,2024-11-14
1554,401,Nova Estates,Couple,3,3,3,3,3,2019-11-24
1555,402,EverHome,Couple,3,1,4,5,3,2021-08-21
1556,402,EverHome,Family,3,3,1,4,4,2021-10-31
1557,402,EverHome,Family,4,5,4,3,4,2025-05-25
1558,402,EverHome,Professional,2,5,4,3,2,2023-09-18
1559,402,EverHome,Couple,4,4,2,3,4,2021-07-21
1560,404,MetroConstruct,Single,5,2,1,4,4,2025-11-27
1561,404,MetroConstruct,Single,4,5,3,4,4,2019-02-23
1562,404,MetroConstruct,Family,5,5,4,5,5,2018-08-02
1563,404,MetroConstruct,Retiree,5,4,4,3,4,2021-09-24
1564,405,GreenBrick,Family,5,2,3,3,4,2021-03-12
1565,405,GreenBrick,Retiree,5,2,5,3,5,2024-07-20
1566,405,GreenBrick,Family,5,1,4,4,5,2022-01-06
1567,405,GreenBrick,Student,4,2,3,2,4,2025-03-16
1568,406,Stonegate,Single,4,3,2,3,4,2020-10-29
1569,406,Stonegate,Couple,5,3,4,3,5,2019-11-21
1570,407,GreenBrick,Single,3,1,3,4,3,2018-06-30
1571,407,GreenBrick,Single,4,3,3,3,5,2018-10-29
1572,407,GreenBrick,Student,2,3,3,3,2,2021-12-06
1573,408,Nova Estates,Student,4,2,3,4,5,2019-05-14
1574,408,Nova Estates,Student,2,2,3,3,2,2024-01-15
1575,408,Nova Estates,Family,2,5,2,2,2,2022-02-11
1576,408,Nova Estates,Single,2,3,4,3,2,2019-02-10
1577,408,Nova Estates,Professional,3,4,3,5,3,2022-10-15
1578,408,Nova Estates,Family,1,3,2,2,1,2025-04-16
1579,409,EverHome,Student,2,5,4,2,2,2021-05-24
1580,409,EverHome,Family,2,2,3,3,2,2024-06-10
1581,409,EverHome,Student,4,2,4,3,4,2019-08-13
1582,409,EverHome,Family,2,3,3,3,2,2022-02-27
1583,411,Skyline Holdings,Couple,2,5,3,4,1,2025-09-03
1584,411,Skyline Holdings,Professional,2,3,5,4,2,2022-04-07
1585,411,Skyline Holdings,Couple,3,4,5,4,2,2018-04-13
1586,412,Luna Developments,Retiree,4,3,5,3,3,2019-04-29
1587,412,Luna Developments,Single,4,2,3,4,4,2023-03-27
1588,412,Luna Developments,Single,5,5,3,5,5,2021-05-13
1589,412,Luna Developments,Couple,4,5,4,1,4,2021-10-22
1590,412,Luna Developments,Professional,4,2,4,4,4,2019-12-14
1591,412,Luna Developments,Couple,5,4,1,4,3,2025-03-02
1592,412,Luna Developments,Professional,4,3,4,3,4,2019-10-13
1593,413,Luna Developments,Couple,4,3,3,3,4,2025-07-08
1594,413,Luna Developments,Professional,5,2,3,4,4,2021-05-25
1595,413,Luna Developments,Family,4,2,5,2,3,2025-01-03
1596,413,Luna Developments,Retiree,5,2,3,3,5,2023-07-09
1597,414,UrbanCore,Family,4,3,4,3,4,2018-09-01
1598,414,UrbanCore,Professional,4,4,2,4,4,2018-01-29
1599,414,UrbanCore,Professional,5,4,2,2,5,2019-10-11
1600,415,Horizon Builders,Couple,5,1,4,2,5,2018-05-27
1601,415,Horizon Builders,Professional,5,1,4,5,5,2019-05-16
1602,415,Horizon Builders,Couple,4,3,2,5,4,2020-05-02
1603,415,Horizon Builders,Family,4,1,3,4,3,2020-05-09
1604,415,Horizon Builders,Family,5,1,2,2,4,2023-08-31
1605,417,Skyline Holdings,Single,4,3,5,4,4,2023-06-09
1606,417,Skyline Holdings,Couple,5,1,3,2,4,2018-01-23
1607,417,Skyline Holdings,Student,4,3,3,3,4,2018-11-07
1608,418,GreenBrick,Professional,4,3,4,2,3,2023-07-18
1609,418,GreenBrick,Couple,5,4,4,3,5,2019-12-25
1610,418,GreenBrick,Student,5,3,5,3,5,2025-05-06
1611,418,GreenBrick,Student,5,2,4,2,5,2023-08-04
1612,418,GreenBrick,Family,5,2,4,3,5,2019-04-15
1613,419,BlueRiver Dev,Professional,3,3,4,3,2,2018-03-22
1614,419,BlueRiver Dev,Family,2,4,5,3,2,2024-01-16
1615,419,BlueRiver Dev,Couple,3,3,3,2,3,2022-05-19
1616,419,BlueRiver Dev,Family,4,5,2,3,4,2025-01-30
1617,420,Pioneer Homes,Single,3,3,3,5,2,2024-09-26
1618,421,Oakfield Ltd,Professional,5,2,4,3,5,2018-11-14
1619,421,Oakfield Ltd,Family,4,4,4,2,3,2023-05-18
1620,421,Oakfield Ltd,Couple,4,1,2,4,3,2023-12-18
1621,421,Oakfield Ltd,Couple,4,2,3,4,4,2020-02-12
1622,421,Oakfield Ltd,Retiree,4,2,3,2,3,2018-05-09
1623,421,Oakfield Ltd,Retiree,4,2,4,4,4,2019-06-25
1624,421,Oakfield Ltd,Family,4,2,3,4,4,2021-08-16
1625,422,Oakfield Ltd,Couple,3,3,3,3,3,2018-02-26
1626,422,Oakfield Ltd,Family,3,3,5,4,2,2021-06-26
1627,422,Oakfield Ltd,Professional,4,2,2,5,5,2024-07-29
1628,422,Oakfield Ltd,Couple,4,3,4,3,3,2022-05-28
1629,422,Oakfield Ltd,Single,4,3,3,5,4,2021-07-24
1630,422,Oakfield Ltd,Couple,4,3,4,3,4,2024-08-28
1631,422,Oakfield Ltd,Professional,5,5,4,3,5,2023-06-14
1632,422,Oakfield Ltd,Family,4,3,2,5,3,2025-07-19
1633,423,Nova Estates,Single,3,4,2,4,3,2019-01-17
1634,423,Nova Estates,Student,3,4,3,2,3,2024-08-20
1635,423,Nova Estates,Couple,3,3,4,3,2,2020-01-27
1636,423,Nova Estates,Professional,2,3,4,5,2,2024-06-22
1637,423,Nova Estates,Professional,4,2,4,4,3,2024-06-23
1638,423,Nova Estates,Single,2,2,3,3,1,2023-06-15
1639,424,Sunrise Group,Couple,5,4,3,4,5,2025-07-29
1640,425,Nova Estates,Couple,4,3,4,3,4,2023-05-15
1641,425,Nova Estates,Student,4,2,4,3,5,2020-08-31
1642,426,UrbanCore,Family,5,3,4,2,4,2023-09-21
1643,426,UrbanCore,Family,4,3,4,4,5,2023-04-08
1644,426,UrbanCore,Family,2,2,1,3,2,2020-03-05
1645,426,UrbanCore,Couple,4,3,4,3,5,2025-04-13
1646,426,UrbanCore,Single,2,4,4,3,2,2018-04-28
1647,428,Stonegate,Couple,4,2,3,1,5,2018-03-10
1648,428,Stonegate,Professional,5,1,4,3,5,2024-03-26
1649,428,Stonegate,Family,4,2,3,4,4,2023-07-10
1650,428,Stonegate,Single,5,2,2,5,4,2020-11-09
1651,428,Stonegate,Couple,5,2,4,2,5,2024-04-25
1652,428,Stonegate,Single,5,3,5,2,5,2021-05-18
1653,428,Stonegate,Couple,4,3,4,3,4,2025-04-14
1654,430,Nova Estates,Family,4,4,5,4,4,2019-08-25
1655,431,Nova Estates,Retiree,4,3,2,3,4,2023-02-21
1656,431,Nova Estates,Family,2,4,3,3,1,2023-01-25
1657,431,Nova Estates,Single,4,4,4,5,4,2025-03-08
1658,431,Nova Estates,Couple,4,4,3,3,5,2022-06-14
1659,431,Nova Estates,Single,4,5,3,3,4,2018-11-21
1660,431,Nova Estates,Family,3,3,3,5,4,2020-03-18
1661,433,Horizon Builders,Professional,4,3,3,4,4,2024-10-23
1662,433,Horizon Builders,Couple,4,5,2,2,4,2019-10-13
1663,433,Horizon Builders,Professional,4,3,2,4,3,2020-06-07
1664,433,Horizon Builders,Family,4,4,3,2,4,2022-05-02
1665,433,Horizon Builders,Couple,4,2,5,4,4,2019-02-06
1666,433,Horizon Builders,Family,4,4,4,4,4,2022-11-17
1667,433,Horizon Builders,Couple,4,4,5,4,4,2023-07-14
1668,433,Horizon Builders,Professional,4,2,3,4,5,2024-08-10
1669,434,Nova Estates,Single,4,2,2,2,5,2025-05-06
1670,434,Nova Estates,Family,4,2,2,3,5,2021-10-16
1671,434,Nova Estates,Professional,2,2,3,3,2,2025-06-16
1672,434,Nova Estates,Single,3,2,4,4,2,2018-09-03
1673,434,Nova Estates,Student,3,3,3,3,2,2018-05-01
1674,434,Nova Estates,Professional,5,4,3,5,4,2023-04-08
1675,436,BlueRiver Dev,Student,2,3,3,4,2,2024-05-06
1676,436,BlueRiver Dev,Student,1,4,2,3,3,2022-04-23
1677,436,BlueRiver Dev,Couple,4,2,3,3,3,2023-01-09
1678,436,BlueRiver Dev,Couple,2,2,4,3,2,2023-02-22
1679,436,BlueRiver Dev,Single,2,3,5,5,2,2019-07-14
1680,436,BlueRiver Dev,Single,1,2,2,3,1,2025-05-13
1681,437,Nova Estates,Student,5,2,5,4,5,2019-07-05
1682,437,Nova Estates,Family,4,4,2,4,3,2020-05-12
1683,437,Nova Estates,Family,4,3,4,4,4,2019-04-22
1684,437,Nova Estates,Student,4,4,1,1,4,2021-01-11
1685,437,Nova Estates,Professional,3,5,3,3,2,2018-05-15
1686,437,Nova Estates,Professional,3,3,3,4,3,2020-12-05
1687,437,Nova Estates,Family,3,4,4,5,3,2022-01-26
1688,437,Nova Estates,Professional,4,5,5,4,4,2018-11-04
1689,438,MetroConstruct,Couple,4,1,2,4,5,2020-11-20
1690,438,MetroConstruct,Couple,3,1,5,1,2,2021-01-18
1691,438,MetroConstruct,Family,3,2,3,4,3,2021-10-14
1692,438,MetroConstruct,Professional,4,1,4,3,4,2022-10-27
1693,438,MetroConstruct,Couple,3,3,4,5,3,2018-07-24
1694,438,MetroConstruct,Couple,4,1,4,4,3,2020-06-13
1695,439,BlueRiver Dev,Retiree,5,2,3,5,5,2019-06-22
1696,439,BlueRiver Dev,Family,4,1,4,3,4,2019-04-28
1697,439,BlueRiver Dev,Family,5,2,4,1,5,2021-11-29
1698,439,BlueRiver Dev,Family,4,1,4,4,4,2025-07-28
1699,439,BlueRiver Dev,Couple,5,3,4,5,5,2020-02-19
1700,440,Nova Estates,Family,4,4,4,3,4,2023-08-24
1701,440,Nova Estates,Student,3,4,4,4,3,2020-07-04
1702,440,Nova Estates,Retiree,4,2,4,2,4,2025-07-30
1703,441,Nova Estates,Family,2,3,4,5,1,2023-03-30
1704,441,Nova Estates,Single,3,1,4,3,3,2021-07-31
1705,441,Nova Estates,Professional,4,2,2,3,4,2025-10-09
1706,441,Nova Estates,Couple,3,3,2,3,3,2021-06-23
1707,441,Nova Estates,Family,2,3,4,2,1,2022-04-12
1708,442,Atlas Properties,Family,5,1,4,5,5,2022-12-03
1709,442,Atlas Properties,Family,5,2,4,2,4,2022-02-16
1710,442,Atlas Properties,Student,4,2,4,3,4,2021-06-26
1711,442,Atlas Properties,Couple,5,1,3,3,5,2020-10-06
1712,442,Atlas Properties,Retiree,4,2,3,4,4,2023-12-16
1713,442,Atlas Properties,Couple,4,1,4,2,4,2025-01-29
1714,442,Atlas Properties,Single,3,1,3,5,2,2018-02-06
1715,442,Atlas Properties,Family,4,2,4,5,4,2025-08-02
1716,443,GreenBrick,Retiree,2,4,3,2,3,2018-07-05
1717,443,GreenBrick,Student,3,3,3,4,5,2019-05-09
1718,445,Oakfield Ltd,Family,3,2,3,3,4,2021-04-10
1719,445,Oakfield Ltd,Retiree,3,3,3,5,3,2022-06-12
1720,445,Oakfield Ltd,Professional,4,2,2,3,4,2025-04-20
1721,445,Oakfield Ltd,Retiree,4,3,4,4,4,2023-06-16
1722,446,Luna Developments,Family,4,3,4,4,5,2020-05-20
1723,446,Luna Developments,Couple,3,3,4,4,2,2019-06-24
1724,446,Luna Developments,Couple,3,4,5,5,2,2018-06-01
1725,446,Luna Developments,Single,5,2,2,4,4,2021-05-08
1726,446,Luna Developments,Single,3,3,2,2,4,2023-09-14
1727,446,Luna Developments,Family,4,4,5,3,4,2019-11-15
1728,446,Luna Developments,Professional,5,4,4,4,5,2025-05-12
1729,447,Atlas Properties,Professional,2,2,2,3,3,2022-06-25
1730,447,Atlas Properties,Single,3,2,4,4,3,2020-08-19
1731,447,Atlas Properties,Couple,2,2,3,4,2,2019-03-05
1732,447,Atlas Properties,Couple,3,3,3,3,3,2021-09-23
1733,448,Pioneer Homes,Couple,3,3,4,3,3,2022-11-23
1734,449,GreenBrick,Family,4,3,4,2,4,2025-11-09
1735,449,GreenBrick,Single,5,4,2,5,5,2025-09-07
1736,449,GreenBrick,Professional,3,3,2,1,2,2025-03-29
1737,449,GreenBrick,Professional,3,2,2,2,2,2022-03-23
1738,450,Nova Estates,Family,4,2,4,3,3,2020-02-05
1739,450,Nova Estates,Student,2,4,4,4,3,2022-11-18
1740,450,Nova Estates,Family,2,1,3,5,2,2025-11-19
1741,450,Nova Estates,Professional,3,4,4,5,3,2020-01-22
1742,450,Nova Estates,Student,3,2,2,3,3,2023-11-23
1743,450,Nova Estates,Couple,2,3,5,3,2,2020-08-12
1744,450,Nova Estates,Single,5,3,4,3,5,2024-03-11
1745,451,Oakfield Ltd,Professional,1,4,4,3,1,2023-08-23
1746,451,Oakfield Ltd,Single,4,2,3,3,4,2024-10-19
1747,453,Sunrise Group,Student,2,4,3,4,3,2022-06-09
1748,453,Sunrise Group,Professional,2,1,4,4,2,2019-08-15
1749,453,Sunrise Group,Single,3,3,5,5,2,2018-07-27
1750,453,Sunrise Group,Couple,2,3,5,2,2,2022-07-27
1751,453,Sunrise Group,Family,3,3,4,3,3,2021-10-24
1752,454,EverHome,Family,1,2,4,2,1,2020-10-18
1753,454,EverHome,Family,3,3,4,5,2,2023-03-26
1754,455,Nova Estates,Family,5,2,3,4,5,2022-08-06
1755,455,Nova Estates,Single,2,3,5,4,3,2021-10-20
1756,456,Sunrise Group,Single,2,3,4,3,2,2021-06-02
1757,456,Sunrise Group,Family,3,3,3,4,3,2024-07-14
1758,456,Sunrise Group,Professional,2,3,5,5,2,2020-12-05
1759,457,Nova Estates,Single,2,2,5,3,1,2025-01-27
1760,457,Nova Estates,Single,3,4,4,5,3,2024-10-25
1761,457,Nova Estates,Professional,3,4,4,4,3,2022-04-05
1762,457,Nova Estates,Student,4,4,5,3,5,2022-01-28
1763,457,Nova Estates,Couple,2,1,4,2,2,2024-05-01
1764,458,Sunrise Group,Couple,3,1,3,2,3,2023-10-14
1765,458,Sunrise Group,Family,4,2,5,4,4,2021-04-05
1766,458,Sunrise Group,Family,5,3,3,3,5,2023-06-09
1767,458,Sunrise Group,Retiree,4,3,3,4,4,2023-03-03
1768,458,Sunrise Group,Family,4,4,4,3,3,2025-02-16
1769,459,Nova Estates,Professional,2,2,3,3,2,2024-05-17
1770,459,Nova Estates,Single,3,5,4,2,3,2020-03-22
1771,459,Nova Estates,Family,3,1,5,3,4,2018-07-08
1772,459,Nova Estates,Single,3,1,5,2,4,2021-10-22
1773,459,Nova Estates,Family,3,3,3,3,3,2019-02-19
1774,459,Nova Estates,Single,3,4,3,5,3,2022-03-09
1775,459,Nova Estates,Couple,2,1,2,2,3,2019-02-27
1776,459,Nova Estates,Family,1,3,4,5,1,2021-12-09
1777,460,Nova Estates,Family,4,3,3,2,3,2018-02-17
1778,461,Nova Estates,Couple,2,3,5,4,3,2021-07-17
1779,461,Nova Estates,Couple,3,4,2,3,3,2022-05-19
1780,461,Nova Estates,Professional,4,4,5,4,4,2024-12-10
1781,461,Nova Estates,Couple,3,4,4,4,4,2022-05-19
1782,462,Horizon Builders,Student,4,3,3,5,4,2019-11-25
1783,462,Horizon Builders,Couple,5,3,4,2,5,2022-04-29
1784,462,Horizon Builders,Couple,5,3,4,4,5,2018-11-20
1785,462,Horizon Builders,Family,4,3,3,2,4,2018-08-25
1786,462,Horizon Builders,Professional,4,3,2,4,3,2019-08-20
1787,462,Horizon Builders,Student,4,4,4,4,4,2018-10-28
1788,463,Pioneer Homes,Student,4,3,4,4,4,2025-02-27
1789,463,Pioneer Homes,Family,4,4,2,5,5,2024-05-26
1790,463,Pioneer Homes,Family,4,3,2,3,4,2021-11-14
1791,463,Pioneer Homes,Professional,4,3,4,4,4,2021-07-16
1792,463,Pioneer Homes,Student,3,2,4,4,3,2025-01-02
1793,463,Pioneer Homes,Couple,4,2,4,4,5,2021-09-15
1794,463,Pioneer Homes,Couple,4,2,4,2,4,2025-05-30
1795,463,Pioneer Homes,Single,5,2,5,4,5,2021-09-29
1796,464,UrbanCore,Couple,4,5,4,3,3,2020-11-21
1797,465,Cedar & Co,Family,5,4,5,5,5,2018-09-24
1798,465,Cedar & Co,Family,5,4,4,4,5,2023-08-12
1799,465,Cedar & Co,Professional,5,5,3,3,5,2019-11-28
1800,465,Cedar & Co,Single,5,2,4,5,5,2019-11-27
1801,465,Cedar & Co,Single,4,4,3,4,4,2024-03-28
1802,465,Cedar & Co,Professional,5,5,4,3,5,2022-05-22
1803,466,GreenBrick,Single,4,2,2,4,3,2023-07-05
1804,466,GreenBrick,Single,4,5,3,4,4,2020-08-03
1805,466,GreenBrick,Professional,4,2,4,3,4,2025-07-13
1806,466,GreenBrick,Family,4,3,3,4,5,2023-10-08
1807,466,GreenBrick,Student,4,4,2,4,3,2024-12-19
1808,466,GreenBrick,Retiree,4,3,3,3,4,2020-01-22
1809,466,GreenBrick,Professional,5,3,4,3,4,2023-11-01
1810,468,Stonegate,Couple,3,4,4,3,3,2023-01-06
1811,468,Stonegate,Family,5,4,4,3,5,2024-10-27
1812,468,Stonegate,Student,5,2,4,3,5,2020-09-07
1813,468,Stonegate,Couple,5,2,3,4,5,2018-06-15
1814,468,Stonegate,Family,3,4,5,4,2,2022-08-01
1815,468,Stonegate,Professional,4,4,5,4,3,2025-05-18
1816,469,Skyline Holdings,Family,5,4,3,3,4,2022-11-20
1817,469,Skyline Holdings,Professional,4,3,3,3,4,2018-04-15
1818,469,Skyline Holdings,Professional,5,2,5,4,5,2022-03-01
1819,469,Skyline Holdings,Family,5,4,4,1,5,2019-09-05
1820,470,Cedar & Co,Single,2,2,5,3,1,2024-05-19
1821,470,Cedar & Co,Family,4,2,3,4,4,2019-03-27
1822,470,Cedar & Co,Retiree,3,1,4,3,3,2023-11-12
1823,470,Cedar & Co,Student,2,3,4,3,2,2025-01-02
1824,471,Nova Estates,Student,4,3,3,4,3,2018-10-29
1825,471,Nova Estates,Couple,4,2,2,4,3,2019-02-25
1826,471,Nova Estates,Family,4,5,3,3,3,2024-06-09
1827,472,Cedar & Co,Student,4,1,4,4,4,2024-05-04
1828,472,Cedar & Co,Couple,4,3,3,3,4,2022-09-30
1829,472,Cedar & Co,Professional,2,2,1,4,3,2018-12-16
1830,472,Cedar & Co,Family,4,3,5,2,5,2019-09-27
1831,473,Nova Estates,Family,4,2,3,3,5,2024-06-17
1832,473,Nova Estates,Retiree,4,1,3,2,4,2025-04-26
1833,474,Stonegate,Couple,4,3,2,3,4,2022-02-19
1834,474,Stonegate,Single,3,2,2,3,3,2020-02-28
1835,474,Stonegate,Family,3,2,3,3,3,2023-06-05
1836,474,Stonegate,Family,4,2,5,3,4,2024-12-17
1837,474,Stonegate,Couple,5,3,2,3,5,2024-01-20
1838,475,UrbanCore,Couple,4,1,3,3,4,2025-01-18
1839,475,UrbanCore,Retiree,3,3,4,2,2,2021-01-09
1840,475,UrbanCore,Single,3,3,4,3,3,2025-01-01
1841,476,Atlas Properties,Couple,3,1,5,5,3,2022-06-08
1842,476,Atlas Properties,Couple,3,2,4,2,4,2025-04-28
1843,476,Atlas Properties,Couple,3,2,4,2,4,2021-01-05
1844,476,Atlas Properties,Single,3,3,5,4,4,2022-03-23
1845,476,Atlas Properties,Family,3,1,5,3,2,2019-06-29
1846,476,Atlas Properties,Couple,3,3,4,3,3,2019-05-04
1847,477,Nova Estates,Family,5,3,4,1,5,2023-01-23
1848,477,Nova Estates,Family,3,5,3,4,3,2019-10-18
1849,477,Nova Estates,Family,4,4,3,1,4,2019-06-26
1850,477,Nova Estates,Family,5,4,2,5,5,2024-06-06
1851,477,Nova Estates,Student,5,5,2,4,4,2019-08-18
1852,477,Nova Estates,Retiree,4,5,4,2,4,2021-01-01
1853,477,Nova Estates,Retiree,4,5,4,5,4,2024-12-17
1854,477,Nova Estates,Family,3,3,1,3,5,2023-05-17
1855,478,UrbanCore,Retiree,2,1,5,3,3,2023-08-01
1856,478,UrbanCore,Single,4,3,5,3,4,2018-07-25
1857,478,UrbanCore,Single,2,3,3,2,1,2024-05-11
1858,478,UrbanCore,Single,4,2,3,3,4,2024-08-04
1859,479,Cedar & Co,Couple,3,1,4,3,3,2025-06-14
1860,479,Cedar & Co,Professional,4,3,3,3,5,2019-10-04
1861,479,Cedar & Co,Student,2,2,4,4,2,2023-01-27
1862,479,Cedar & Co,Couple,2,1,3,2,2,2018-06-03
1863,479,Cedar & Co,Couple,3,1,4,3,2,2020-04-28
1864,480,UrbanCore,Single,5,3,4,4,4,2021-06-15
1865,481,Horizon Builders,Family,5,3,1,3,5,2020-07-25
1866,481,Horizon Builders,Couple,4,5,4,1,2,2019-03-09
1867,481,Horizon Builders,Professional,4,2,3,2,4,2018-06-20
1868,481,Horizon Builders,Single,4,4,2,3,4,2022-01-06
1869,482,BlueRiver Dev,Family,5,2,3,3,5,2022-02-11
1870,482,BlueRiver Dev,Couple,4,4,3,3,3,2022-09-02
1871,483,Sunrise Group,Single,4,2,4,4,5,2024-02-25
1872,483,Sunrise Group,Professional,5,2,2,5,5,2025-10-23
1873,484,Horizon Builders,Professional,2,5,3,5,2,2025-10-29
1874,485,UrbanCore,Single,4,3,4,5,4,2025-10-12
1875,485,UrbanCore,Family,3,3,4,2,3,2024-07-05
1876,485,UrbanCore,Retiree,4,4,3,2,5,2018-06-09
1877,485,UrbanCore,Student,4,2,4,4,4,2025-06-27
1878,485,UrbanCore,Family,3,2,4,5,3,2024-01-02
1879,485,UrbanCore,Professional,5,1,3,5,4,2021-07-06
1880,485,UrbanCore,Retiree,5,1,4,3,5,2023-12-22
1881,485,UrbanCore,Family,5,1,4,4,4,2020-03-31
1882,486,EverHome,Retiree,4,4,5,4,4,2025-03-12
1883,486,EverHome,Single,3,3,3,3,2,2023-07-03
1884,486,EverHome,Single,4,3,4,4,4,2023-12-08
1885,487,Nova Estates,Single,3,3,3,4,3,2023-08-11
1886,487,Nova Estates,Student,5,2,4,3,5,2018-01-03
1887,487,Nova Estates,Professional,4,3,3,5,5,2022-10-04
1888,487,Nova Estates,Couple,5,3,3,5,4,2025-03-31
1889,487,Nova Estates,Professional,5,2,4,4,3,2023-11-11
1890,487,Nova Estates,Family,3,2,4,2,3,2019-08-13
1891,487,Nova Estates,Single,5,1,2,1,5,2025-07-17
1892,487,Nova Estates,Couple,3,2,2,3,3,2025-04-28
1893,489,Luna Developments,Family,5,2,3,3,5,2018-09-08
1894,489,Luna Developments,Family,4,1,3,3,4,2019-12-03
1895,490,Stonegate,Single,3,3,5,5,4,2019-06-11
1896,490,Stonegate,Family,4,2,4,4,4,2022-05-09
1897,490,Stonegate,Couple,4,2,4,5,4,2020-09-03
1898,490,Stonegate,Retiree,4,3,3,4,4,2025-08-25
1899,490,Stonegate,Single,3,1,3,4,4,2023-05-04
1900,490,Stonegate,Couple,4,3,4,2,4,2023-10-01
1901,490,Stonegate,Single,3,3,3,3,3,2024-01-07
1902,490,Stonegate,Family,4,3,4,3,4,2022-04-15
1903,492,Horizon Builders,Family,4,2,5,3,4,2023-08-31
1904,492,Horizon Builders,Couple,5,2,5,4,5,2024-11-28
1905,492,Horizon Builders,Student,4,2,3,3,4,2020-08-08
1906,492,Horizon Builders,Family,3,2,2,2,2,2024-11-21
1907,493,Skyline Holdings,Retiree,4,4,4,5,4,2021-01-08
1908,494,Nova Estates,Family,3,2,3,2,3,2024-07-04
1909,494,Nova Estates,Family,4,1,4,3,4,2022-12-29
1910,494,Nova Estates,Couple,3,1,3,5,3,2021-07-24
1911,494,Nova Estates,Family,4,2,3,3,5,2024-01-17
1912,495,Sunrise Group,Couple,3,3,3,3,3,2018-07-06
1913,497,UrbanCore,Family,2,3,3,4,3,2021-03-23
1914,497,UrbanCore,Single,3,3,4,3,4,2023-10-31
1915,497,UrbanCore,Family,2,4,5,3,1,2018-02-11
1916,497,UrbanCore,Single,2,5,3,4,2,2019-01-06
1917,497,UrbanCore,Couple,4,5,4,4,5,2019-04-07
1918,498,Nova Estates,Single,2,3,2,3,1,2023-01-01
1919,498,Nova Estates,Family,2,2,3,3,2,2025-06-06
1920,498,Nova Estates,Single,2,2,3,3,1,2022-08-11
1921,499,Cedar & Co,Retiree,3,4,4,3,3,2021-05-09
1922,499,Cedar & Co,Student,2,4,4,2,2,2020-06-21
1923,499,Cedar & Co,Family,4,2,4,4,4,2023-07-16
1924,499,Cedar & Co,Family,3,4,3,2,2,2023-01-20
1925,500,Atlas Properties,Family,4,3,4,2,5,2023-09-20
1926,500,Atlas Properties,Family,4,2,4,2,3,2024-05-24
1927,500,Atlas Properties,Family,3,3,3,5,4,2020-12-28
1928,500,Atlas Properties,Couple,5,2,5,5,5,2020-10-18
1929,502,UrbanCore,Family,3,4,4,5,2,2021-10-20
1930,503,Skyline Holdings,Retiree,5,2,3,5,5,2019-08-10
1931,503,Skyline Holdings,Single,5,3,3,1,5,2018-09-22
1932,503,Skyline Holdings,Student,5,2,3,3,5,2021-05-23
1933,503,Skyline Holdings,Couple,4,3,5,2,5,2022-01-19
1934,504,Oakfield Ltd,Family,4,4,4,4,4,2022-03-22
1935,504,Oakfield Ltd,Professional,3,3,3,4,2,2020-12-07
1936,504,Oakfield Ltd,Professional,3,4,2,3,3,2024-04-01
1937,504,Oakfield Ltd,Couple,3,4,3,3,4,2021-02-24
1938,504,Oakfield Ltd,Retiree,4,5,4,2,5,2023-08-17
1939,504,Oakfield Ltd,Couple,4,4,5,3,4,2019-01-04
1940,505,BlueRiver Dev,Retiree,5,2,4,4,5,2020-11-29
1941,505,BlueRiver Dev,Single,5,2,5,4,5,2025-08-30
1942,505,BlueRiver Dev,Family,4,3,4,4,3,2021-06-15
1943,505,BlueRiver Dev,Single,4,3,4,4,4,2019-03-11
1944,508,MetroConstruct,Couple,4,2,2,4,4,2023-04-10
1945,509,Luna Developments,Family,3,4,3,3,3,2018-12-08
1946,509,Luna Developments,Student,3,3,2,2,3,2020-11-10
1947,509,Luna Developments,Couple,3,3,3,4,2,2018-10-27
1948,509,Luna Developments,Professional,3,2,4,3,2,2025-01-19
1949,510,Pioneer Homes,Family,5,1,3,4,5,2023-12-06
1950,510,Pioneer Homes,Family,4,2,5,2,3,2024-06-18
1951,510,Pioneer Homes,Professional,5,2,3,4,4,2021-07-25
1952,510,Pioneer Homes,Couple,4,2,3,5,4,2023-09-30
1953,510,Pioneer Homes,Professional,5,2,3,3,5,2018-05-31
1954,510,Pioneer Homes,Student,5,3,4,4,5,2023-10-31
1955,510,Pioneer Homes,Family,5,1,5,3,5,2024-06-19
1956,510,Pioneer Homes,Single,4,3,2,4,4,2020-10-05
1957,512,GreenBrick,Family,5,2,3,3,5,2022-04-21
1958,512,GreenBrick,Professional,4,3,5,4,5,2023-11-04
1959,512,GreenBrick,Couple,3,3,3,5,2,2022-11-11
1960,512,GreenBrick,Single,4,5,4,5,3,2024-12-15
1961,513,Luna Developments,Professional,4,5,4,4,4,2019-02-02
1962,513,Luna Developments,Family,3,4,4,3,3,2025-05-24
1963,513,Luna Developments,Single,4,3,3,5,4,2018-11-30
1964,513,Luna Developments,Student,4,4,3,3,4,2024-01-21
1965,514,Stonegate,Single,2,3,3,3,2,2025-09-24
1966,514,Stonegate,Student,4,3,4,1,4,2018-07-03
1967,514,Stonegate,Couple,2,3,3,2,1,2021-07-22
1968,514,Stonegate,Family,3,3,3,3,2,2024-03-28
1969,514,Stonegate,Professional,4,3,4,3,4,2019-02-19
1970,514,Stonegate,Professional,2,4,3,3,2,2022-07-29
1971,514,Stonegate,Professional,2,3,4,1,2,2021-04-22
1972,515,Nova Estates,Professional,3,4,5,3,3,2018-04-04
1973,515,Nova Estates,Student,3,2,4,5,3,2019-05-23
1974,515,Nova Estates,Couple,2,2,3,3,2,2025-12-11
1975,515,Nova Estates,Professional,3,2,4,3,3,2023-10-18
1976,515,Nova Estates,Family,3,4,4,1,3,2019-06-08
1977,515,Nova Estates,Couple,3,3,4,4,3,2018-05-26
1978,515,Nova Estates,Single,4,4,3,4,4,2023-09-27
1979,516,Nova Estates,Single,3,4,3,3,3,2025-04-20
1980,516,Nova Estates,Couple,4,4,5,3,3,2025-11-30
1981,516,Nova Estates,Family,5,2,3,4,5,2022-07-01
1982,516,Nova Estates,Student,3,4,3,3,3,2020-11-28
1983,516,Nova Estates,Couple,4,1,4,3,5,2020-01-05
1984,516,Nova Estates,Family,4,4,2,4,5,2018-06-05
1985,516,Nova Estates,Professional,5,1,4,3,5,2024-03-12
1986,516,Nova Estates,Professional,4,3,3,4,5,2021-02-22
1987,517,GreenBrick,Professional,3,4,3,3,3,2025-04-01
1988,517,GreenBrick,Couple,5,2,3,5,5,2018-02-25
1989,518,Oakfield Ltd,Couple,4,3,3,2,3,2025-08-23
1990,518,Oakfield Ltd,Family,4,2,3,3,5,2020-08-30
1991,518,Oakfield Ltd,Professional,4,4,4,3,4,2021-02-19
1992,518,Oakfield Ltd,Professional,4,4,4,2,3,2020-02-07
1993,518,Oakfield Ltd,Family,4,3,3,5,5,2023-12-15
1994,518,Oakfield Ltd,Family,5,1,3,5,5,2025-02-10
1995,518,Oakfield Ltd,Couple,4,2,3,4,4,2018-02-25
1996,518,Oakfield Ltd,Retiree,4,4,3,5,3,2018-06-25
1997,519,Atlas Properties,Family,3,2,5,1,3,2025-07-21
1998,519,Atlas Properties,Retiree,5,1,3,5,5,2021-01-31
1999,519,Atlas Properties,Couple,4,2,4,3,4,2021-02-24
2000,521,Horizon Builders,Professional,2,3,2,4,2,2023-12-15
2001,521,Horizon Builders,Student,4,3,4,2,4,2023-03-26
2002,521,Horizon Builders,Family,3,4,3,4,4,2023-10-01
2003,521,Horizon Builders,Student,3,4,4,3,4,2022-09-29
2004,521,Horizon Builders,Single,4,4,4,4,5,2019-08-13
2005,522,GreenBrick,Student,3,2,5,5,4,2019-03-26
2006,522,GreenBrick,Student,3,3,4,4,4,2024-07-17
2007,522,GreenBrick,Student,2,3,5,3,1,2023-05-14
2008,522,GreenBrick,Family,2,5,4,3,1,2025-10-26
2009,522,GreenBrick,Family,3,4,4,2,3,2018-06-10
2010,523,Cedar & Co,Family,4,2,4,4,3,2018-12-01
2011,523,Cedar & Co,Retiree,2,1,4,3,2,2018-02-28
2012,523,Cedar & Co,Couple,2,2,4,4,3,2020-04-10
2013,524,MetroConstruct,Single,3,5,4,5,3,2018-05-11
2014,524,MetroConstruct,Single,2,3,5,4,1,2018-11-02
2015,525,MetroConstruct,Family,4,4,3,2,4,2023-05-10
2016,525,MetroConstruct,Family,3,2,4,2,3,2021-11-03
2017,525,MetroConstruct,Professional,3,3,3,4,3,2019-01-17
2018,525,MetroConstruct,Couple,2,2,5,4,2,2023-08-14
2019,525,MetroConstruct,Family,3,3,3,4,3,2021-04-14
2020,526,Sunrise Group,Professional,3,4,5,1,3,2020-11-18
2021,526,Sunrise Group,Student,3,4,3,5,3,2020-07-30
2022,527,GreenBrick,Couple,5,4,3,3,4,2025-12-14
2023,527,GreenBrick,Professional,4,3,5,4,4,2021-12-25
2024,527,GreenBrick,Retiree,4,3,3,4,4,2019-10-21
2025,527,GreenBrick,Single,3,3,4,3,2,2022-08-28
2026,527,GreenBrick,Single,4,5,4,5,4,2019-09-03
2027,527,GreenBrick,Couple,5,3,4,5,5,2023-03-18
2028,527,GreenBrick,Couple,4,3,5,3,4,2021-05-12
2029,527,GreenBrick,Family,4,4,3,4,4,2022-09-30
2030,528,Skyline Holdings,Retiree,3,5,4,4,3,2021-11-07
2031,528,Skyline Holdings,Couple,3,4,3,5,3,2020-08-07
2032,528,Skyline Holdings,Couple,2,3,3,3,2,2022-01-18
2033,529,Nova Estates,Family,4,2,4,4,5,2023-02-26
2034,529,Nova Estates,Professional,5,4,4,2,5,2022-07-19
2035,529,Nova Estates,Retiree,4,4,3,3,4,2025-03-14
2036,529,Nova Estates,Retiree,5,4,5,4,4,2020-04-26
2037,529,Nova Estates,Single,4,2,4,2,4,2018-05-17
2038,529,Nova Estates,Couple,4,5,5,1,5,2019-07-11
2039,529,Nova Estates,Student,3,3,4,2,2,2024-04-14
2040,529,Nova Estates,Student,5,5,2,4,5,2023-07-08
2041,530,Stonegate,Couple,4,1,5,3,5,2021-12-23
2042,530,Stonegate,Professional,5,3,2,3,4,2025-02-18
2043,530,Stonegate,Single,4,4,5,3,5,2025-08-19
2044,530,Stonegate,Professional,5,1,3,3,5,2025-05-19
2045,530,Stonegate,Couple,4,4,4,5,5,2019-11-06
2046,531,Oakfield Ltd,Couple,4,4,5,4,4,2025-10-21
2047,531,Oakfield Ltd,Single,4,3,4,4,5,2024-07-05
2048,531,Oakfield Ltd,Family,4,4,4,4,3,2021-10-22
2049,531,Oakfield Ltd,Professional,4,4,2,4,5,2025-02-07
2050,531,Oakfield Ltd,Retiree,4,3,4,4,4,2019-12-28
2051,531,Oakfield Ltd,Student,4,2,3,4,3,2023-02-06
2052,532,Atlas Properties,Family,3,3,4,2,4,2024-10-16
2053,532,Atlas Properties,Professional,4,2,5,5,4,2020-02-24
2054,532,Atlas Properties,Professional,3,2,3,4,4,2024-08-12
2055,532,Atlas Properties,Couple,4,2,3,5,4,2019-02-05
2056,532,Atlas Properties,Family,5,2,2,4,4,2025-09-06
2057,532,Atlas Properties,Student,4,5,3,3,4,2024-02-24
2058,532,Atlas Properties,Couple,4,3,4,3,4,2020-06-22
2059,533,Atlas Properties,Couple,4,5,3,5,5,2023-03-25
2060,533,Atlas Properties,Couple,5,4,2,5,5,2023-01-22
2061,533,Atlas Properties,Couple,3,4,3,3,2,2023-04-28
2062,534,UrbanCore,Couple,4,3,4,3,5,2025-07-09
2063,536,Luna Developments,Student,2,2,4,4,2,2024-08-14
2064,536,Luna Developments,Student,4,3,3,2,4,2018-10-12
2065,537,MetroConstruct,Family,3,2,2,5,2,2020-09-17
2066,537,MetroConstruct,Family,2,2,3,5,2,2018-12-24
2067,538,Skyline Holdings,Single,5,4,3,4,5,2021-11-22
2068,540,Nova Estates,Professional,3,4,5,3,3,2020-05-08
2069,541,Luna Developments,Couple,3,2,5,2,2,2018-12-19
2070,541,Luna Developments,Family,3,2,2,4,3,2018-03-29
2071,542,Horizon Builders,Family,2,3,4,4,1,2021-12-26
2072,544,BlueRiver Dev,Family,5,3,3,3,5,2025-07-21
2073,544,BlueRiver Dev,Couple,3,4,3,3,3,2021-08-06
2074,544,BlueRiver Dev,Family,5,4,4,3,5,2024-04-04
2075,544,BlueRiver Dev,Couple,4,5,3,5,5,2021-09-07
2076,544,BlueRiver Dev,Student,4,4,5,4,3,2020-04-15
2077,544,BlueRiver Dev,Couple,5,4,4,5,5,2020-12-12
2078,545,Horizon Builders,Single,3,4,4,4,3,2019-10-02
2079,545,Horizon Builders,Retiree,4,3,3,5,3,2022-04-26
2080,545,Horizon Builders,Professional,4,4,2,3,4,2021-06-28
2081,545,Horizon Builders,Couple,4,4,3,2,4,2021-09-06
2082,545,Horizon Builders,Student,4,2,3,4,3,2020-05-05
2083,545,Horizon Builders,Retiree,4,4,4,4,4,2021-01-04
2084,546,GreenBrick,Family,2,2,5,3,3,2025-04-01
2085,546,GreenBrick,Single,2,3,3,4,3,2023-12-26
2086,546,GreenBrick,Couple,3,2,5,3,3,2024-03-10
2087,546,GreenBrick,Professional,3,3,3,5,2,2021-07-19
2088,546,GreenBrick,Professional,1,1,4,2,1,2025-09-08
2089,546,GreenBrick,Retiree,3,1,3,2,3,2019-06-28
2090,547,Nova Estates,Retiree,3,3,2,2,4,2024-08-11
2091,547,Nova Estates,Single,4,2,2,4,4,2022-03-15
2092,547,Nova Estates,Professional,4,1,4,2,3,2019-08-22
2093,547,Nova Estates,Single,3,3,3,4,3,2018-01-30
2094,547,Nova Estates,Student,3,2,3,4,2,2019-11-18
2095,547,Nova Estates,Retiree,5,3,3,5,5,2021-11-23
2096,547,Nova Estates,Couple,4,2,4,4,3,2023-10-08
2097,547,Nova Estates,Professional,4,2,4,4,4,2024-10-16
2098,548,BlueRiver Dev,Couple,3,3,4,3,2,2019-10-19
2099,548,BlueRiver Dev,Student,3,2,3,5,3,2023-09-05
2100,548,BlueRiver Dev,Single,4,1,4,4,5,2023-01-06
2101,548,BlueRiver Dev,Professional,2,3,4,3,2,2021-06-26
2102,548,BlueRiver Dev,Student,3,2,4,2,2,2020-12-02
2103,548,BlueRiver Dev,Single,4,2,3,4,4,2019-12-12
2104,549,UrbanCore,Family,3,3,4,1,3,2021-08-23
2105,549,UrbanCore,Retiree,5,3,4,4,5,2022-05-08
2106,549,UrbanCore,Family,5,4,4,3,5,2023-02-27
2107,550,Oakfield Ltd,Family,4,3,4,4,3,2018-06-02
2108,550,Oakfield Ltd,Professional,5,2,3,4,5,2021-05-13
2109,550,Oakfield Ltd,Couple,4,2,3,5,3,2018-10-01
2110,550,Oakfield Ltd,Family,5,3,3,5,4,2022-10-11
2111,550,Oakfield Ltd,Family,4,4,3,4,3,2018-10-31
2112,550,Oakfield Ltd,Single,4,3,3,3,4,2022-02-04
2113,550,Oakfield Ltd,Single,5,2,3,3,4,2023-04-16
2114,550,Oakfield Ltd,Family,5,3,5,4,5,2022-10-05
2115,551,UrbanCore,Student,3,2,1,3,3,2019-11-10
2116,551,UrbanCore,Single,4,5,4,4,4,2025-04-23
2117,552,MetroConstruct,Couple,3,3,3,5,4,2022-12-03
2118,552,MetroConstruct,Single,3,4,4,3,3,2018-10-07
2119,552,MetroConstruct,Single,2,2,4,4,2,2020-06-09
2120,553,UrbanCore,Professional,4,4,4,3,4,2025-02-18
2121,554,UrbanCore,Student,4,4,3,4,3,2025-05-30
2122,554,UrbanCore,Student,3,1,3,3,2,2020-09-25
2123,554,UrbanCore,Couple,4,5,5,3,4,2025-04-03
2124,554,UrbanCore,Family,4,4,3,5,4,2023-09-19
2125,554,UrbanCore,Couple,4,3,3,5,3,2018-09-17
2126,554,UrbanCore,Couple,5,3,2,4,5,2020-02-23
2127,554,UrbanCore,Student,5,4,2,4,5,2018-11-16
2128,555,Stonegate,Family,3,3,3,3,3,2018-09-03
2129,555,Stonegate,Couple,3,3,4,5,3,2023-02-27
2130,556,GreenBrick,Couple,4,4,4,1,3,2022-10-10
2131,556,GreenBrick,Professional,3,3,3,3,4,2023-05-02
2132,556,GreenBrick,Student,2,2,4,3,1,2021-11-22
2133,556,GreenBrick,Professional,5,3,5,3,5,2018-05-22
2134,556,GreenBrick,Single,3,4,5,2,3,2022-04-04
2135,556,GreenBrick,Couple,3,3,5,5,4,2022-05-06
2136,556,GreenBrick,Single,3,2,4,4,3,2025-03-11
2137,557,Nova Estates,Single,1,2,3,5,2,2023-05-06
2138,557,Nova Estates,Couple,2,2,4,4,1,2018-07-03
2139,557,Nova Estates,Family,3,3,2,2,3,2020-02-14
2140,557,Nova Estates,Student,2,1,4,4,2,2021-07-24
2141,557,Nova Estates,Couple,1,3,1,3,1,2025-04-26
2142,558,Nova Estates,Family,4,3,5,3,2,2022-10-24
2143,558,Nova Estates,Couple,4,1,5,3,4,2024-01-02
2144,558,Nova Estates,Single,3,4,4,2,2,2021-06-23
2145,558,Nova Estates,Family,4,3,4,2,5,2025-06-18
2146,558,Nova Estates,Single,3,2,5,3,2,2024-12-11
2147,558,Nova Estates,Single,4,4,5,3,4,2025-06-12
2148,558,Nova Estates,Family,4,4,4,3,5,2023-01-29
2149,559,Pioneer Homes,Professional,4,5,3,3,3,2024-01-28
2150,559,Pioneer Homes,Student,3,3,2,5,4,2018-11-06
2151,560,Horizon Builders,Couple,2,4,4,5,1,2020-06-08
2152,560,Horizon Builders,Professional,4,4,3,2,4,2024-03-05
2153,561,BlueRiver Dev,Family,1,2,5,3,1,2019-02-06
2154,561,BlueRiver Dev,Couple,2,1,5,4,2,2019-03-13
2155,561,BlueRiver Dev,Professional,3,2,4,2,2,2025-05-03
2156,561,BlueRiver Dev,Professional,2,1,3,5,2,2021-09-05
2157,562,Skyline Holdings,Family,4,4,5,3,4,2018-06-03
2158,563,Nova Estates,Family,4,5,4,3,5,2023-07-14
2159,563,Nova Estates,Family,4,5,5,3,4,2018-02-20
2160,563,Nova Estates,Single,4,3,5,4,4,2023-06-26
2161,563,Nova Estates,Professional,3,4,4,5,3,2022-06-08
2162,564,Nova Estates,Couple,4,2,4,4,3,2019-09-07
2163,564,Nova Estates,Professional,2,2,4,4,1,2017-12-28
2164,564,Nova Estates,Student,2,2,4,3,2,2023-07-21
2165,565,GreenBrick,Family,3,2,2,2,3,2021-02-01
2166,565,GreenBrick,Retiree,4,4,3,4,3,2020-03-07
2167,566,UrbanCore,Couple,4,3,5,4,4,2021-10-17
2168,566,UrbanCore,Family,4,2,3,1,3,2018-03-09
2169,566,UrbanCore,Family,3,4,5,4,4,2019-05-23
2170,566,UrbanCore,Professional,4,5,4,4,3,2020-02-02
2171,566,UrbanCore,Student,4,3,4,2,5,2020-09-10
2172,567,GreenBrick,Family,2,2,4,3,2,2019-08-25
2173,567,GreenBrick,Professional,3,2,2,2,4,2024-09-19
2174,567,GreenBrick,Family,2,2,4,3,2,2021-11-14
2175,567,GreenBrick,Couple,3,2,4,4,3,2023-12-18
2176,567,GreenBrick,Student,2,3,5,3,2,2020-06-13
2177,567,GreenBrick,Single,3,2,3,3,3,2019-03-23
2178,567,GreenBrick,Single,3,1,4,3,2,2018-06-02
2179,568,Sunrise Group,Retiree,3,2,2,4,2,2025-01-04
2180,568,Sunrise Group,Single,5,2,3,2,5,2018-10-18
2181,568,Sunrise Group,Student,4,1,3,4,4,2018-11-28
2182,568,Sunrise Group,Family,5,3,3,3,5,2021-03-29
2183,568,Sunrise Group,Family,3,1,2,5,2,2025-01-20
2184,568,Sunrise Group,Student,4,2,3,3,4,2023-08-20
2185,569,EverHome,Family,4,4,3,5,3,2021-06-22
2186,569,EverHome,Single,3,4,3,4,3,2021-03-01
2187,569,EverHome,Professional,3,3,3,4,3,2021-07-15
2188,569,EverHome,Single,5,3,3,3,4,2020-10-29
2189,569,EverHome,Single,4,4,4,3,4,2019-07-14
2190,571,UrbanCore,Professional,4,1,4,3,3,2021-12-17
2191,571,UrbanCore,Retiree,3,1,3,5,3,2020-06-11
2192,571,UrbanCore,Couple,2,1,4,2,2,2022-09-28
2193,571,UrbanCore,Family,2,3,3,2,2,2024-03-14
2194,571,UrbanCore,Family,2,1,4,2,3,2024-08-08
2195,571,UrbanCore,Professional,4,2,5,3,4,2025-12-13
2196,572,Oakfield Ltd,Professional,2,4,4,2,1,2018-11-14
2197,572,Oakfield Ltd,Student,2,4,3,3,3,2025-07-04
2198,573,GreenBrick,Professional,3,4,3,3,3,2025-02-16
2199,573,GreenBrick,Family,4,5,4,4,4,2023-05-19
2200,573,GreenBrick,Retiree,3,1,4,3,2,2024-03-29
2201,573,GreenBrick,Single,2,2,5,5,3,2019-03-26
2202,573,GreenBrick,Retiree,2,3,3,4,2,2023-12-20
2203,573,GreenBrick,Professional,3,2,4,4,2,2021-06-28
2204,573,GreenBrick,Retiree,2,1,4,2,2,2019-01-12
2205,574,Horizon Builders,Family,2,4,3,4,2,2019-11-07
2206,574,Horizon Builders,Family,3,1,4,5,3,2021-02-21
2207,574,Horizon Builders,Couple,3,2,3,1,4,2023-10-11
2208,574,Horizon Builders,Single,2,2,3,4,2,2024-04-21
2209,574,Horizon Builders,Student,2,2,4,4,2,2019-10-08
2210,574,Horizon Builders,Family,3,4,3,4,3,2023-02-04
2211,574,Horizon Builders,Couple,3,2,3,4,3,2025-11-24
2212,574,Horizon Builders,Couple,3,3,3,3,4,2024-11-24
2213,576,Luna Developments,Single,4,3,4,4,4,2021-12-15
2214,576,Luna Developments,Family,5,5,4,2,5,2018-03-26
2215,576,Luna Developments,Student,5,5,2,4,5,2022-04-13
2216,577,Nova Estates,Professional,5,5,3,4,5,2023-12-19
2217,578,EverHome,Single,2,1,2,5,2,2022-10-21
2218,578,EverHome,Single,3,1,4,4,3,2019-04-14
2219,578,EverHome,Professional,1,1,4,3,1,2024-04-13
2220,578,EverHome,Student,3,1,4,5,2,2024-06-16
2221,578,EverHome,Couple,3,1,2,4,4,2025-03-03
2222,578,EverHome,Family,1,2,2,3,2,2024-07-31
2223,578,EverHome,Family,2,2,5,3,2,2022-06-20
2224,579,Sunrise Group,Couple,4,2,4,3,4,2019-06-23
2225,579,Sunrise Group,Family,2,3,4,5,1,2018-10-14
2226,579,Sunrise Group,Family,4,3,1,2,3,2025-03-11
2227,579,Sunrise Group,Family,4,5,4,4,4,2023-02-22
2228,579,Sunrise Group,Couple,2,4,2,1,2,2024-07-31
2229,579,Sunrise Group,Student,3,2,2,4,3,2023-11-01
2230,579,Sunrise Group,Family,3,3,4,5,4,2018-06-13
2231,580,Skyline Holdings,Couple,3,2,2,4,3,2022-02-13
2232,580,Skyline Holdings,Family,4,5,4,4,5,2025-05-07
2233,580,Skyline Holdings,Single,3,4,4,3,3,2025-11-08
2234,580,Skyline Holdings,Professional,5,3,3,4,5,2021-10-08
2235,581,Sunrise Group,Single,5,4,3,4,4,2025-11-13
2236,581,Sunrise Group,Student,5,2,3,1,5,2024-09-05
2237,581,Sunrise Group,Student,4,3,3,3,3,2019-09-19
2238,581,Sunrise Group,Single,5,4,3,4,5,2022-09-23
2239,581,Sunrise Group,Professional,4,3,3,4,3,2018-08-29
2240,582,Atlas Properties,Family,4,2,4,3,3,2023-06-16
2241,583,Sunrise Group,Couple,3,2,4,2,2,2017-12-23
2242,584,GreenBrick,Professional,5,2,3,3,5,2025-09-24
2243,585,Horizon Builders,Couple,3,3,3,4,2,2021-09-23
2244,585,Horizon Builders,Student,5,2,3,5,5,2019-06-22
2245,585,Horizon Builders,Retiree,5,3,5,3,5,2022-10-26
2246,586,Skyline Holdings,Professional,2,5,3,2,1,2019-08-21
2247,586,Skyline Holdings,Retiree,2,4,3,4,3,2022-05-29
2248,586,Skyline Holdings,Student,2,4,3,4,2,2024-07-23
2249,586,Skyline Holdings,Single,2,3,3,2,2,2018-11-23
2250,586,Skyline Holdings,Couple,3,4,4,3,3,2018-12-08
2251,587,Nova Estates,Professional,3,1,3,3,4,2021-11-30
2252,587,Nova Estates,Couple,3,3,4,2,3,2023-12-13
2253,587,Nova Estates,Retiree,4,1,3,3,5,2021-01-23
2254,587,Nova Estates,Student,3,3,5,2,3,2018-01-22
2255,587,Nova Estates,Student,3,1,3,3,2,2024-05-17
2256,587,Nova Estates,Family,3,2,2,4,3,2020-01-12
2257,588,Nova Estates,Single,3,2,5,5,3,2020-08-07
2258,588,Nova Estates,Family,3,1,1,2,3,2018-04-12
2259,588,Nova Estates,Student,4,3,3,3,4,2024-09-28
2260,589,Nova Estates,Couple,3,4,4,3,3,2020-08-07
2261,589,Nova Estates,Professional,3,3,5,1,2,2023-05-13
2262,589,Nova Estates,Family,3,4,4,2,2,2021-09-29
2263,590,Nova Estates,Single,2,4,5,5,2,2022-10-07
2264,590,Nova Estates,Family,4,1,2,4,3,2019-06-12
2265,590,Nova Estates,Retiree,2,1,4,5,2,2020-10-28
2266,590,Nova Estates,Couple,3,4,4,4,3,2018-01-03
2267,590,Nova Estates,Single,3,1,2,5,4,2022-03-04
2268,590,Nova Estates,Couple,2,2,5,5,2,2022-08-02
2269,591,Nova Estates,Couple,2,4,4,3,2,2018-05-11
2270,591,Nova Estates,Retiree,3,4,5,4,2,2019-11-22
2271,591,Nova Estates,Student,2,3,2,4,1,2020-10-27
2272,592,Horizon Builders,Student,4,3,5,3,4,2024-08-26
2273,592,Horizon Builders,Retiree,4,2,1,3,4,2025-01-02
2274,592,Horizon Builders,Family,4,3,3,2,4,2021-06-18
2275,592,Horizon Builders,Professional,4,4,2,4,4,2022-11-29
2276,592,Horizon Builders,Student,3,3,3,2,2,2023-03-30
2277,592,Horizon Builders,Single,3,1,4,5,3,2025-06-15
2278,592,Horizon Builders,Couple,4,2,4,2,4,2021-12-28
2279,593,Nova Estates,Professional,3,3,1,5,2,2018-02-10
2280,593,Nova Estates,Family,4,2,4,3,4,2022-11-11
2281,593,Nova Estates,Family,5,2,3,4,5,2025-05-28
2282,594,GreenBrick,Single,4,1,2,4,4,2018-08-21
2283,594,GreenBrick,Single,4,3,4,4,4,2023-04-03
2284,594,GreenBrick,Single,4,2,3,4,4,2022-06-04
2285,594,GreenBrick,Single,5,2,3,5,5,2023-11-16
2286,594,GreenBrick,Couple,4,2,5,2,4,2020-07-12
2287,594,GreenBrick,Student,3,1,2,3,3,2025-07-15
2288,594,GreenBrick,Retiree,5,2,3,5,5,2021-04-20
2289,594,GreenBrick,Family,4,3,5,2,4,2019-11-21
2290,595,Stonegate,Couple,5,1,4,3,5,2020-08-14
2291,595,Stonegate,Professional,4,2,3,4,5,2024-08-03
2292,595,Stonegate,Professional,4,3,4,2,4,2023-11-13
2293,595,Stonegate,Student,4,2,4,5,4,2021-04-06
2294,595,Stonegate,Student,4,3,3,4,5,2020-07-18
2295,595,Stonegate,Couple,5,4,5,5,5,2021-02-06
2296,595,Stonegate,Family,4,2,2,5,4,2024-03-26
2297,595,Stonegate,Couple,5,3,4,2,5,2019-05-29
2298,596,Sunrise Group,Professional,4,3,3,4,3,2025-05-03
2299,596,Sunrise Group,Couple,4,2,4,3,4,2019-10-27
2300,596,Sunrise Group,Family,5,2,2,4,4,2021-12-24
2301,596,Sunrise Group,Couple,5,4,5,4,4,2023-12-14
2302,596,Sunrise Group,Single,3,3,5,4,4,2020-07-25
2303,597,BlueRiver Dev,Single,5,3,4,5,5,2021-09-29
2304,597,BlueRiver Dev,Professional,5,4,3,3,5,2019-01-16
2305,597,BlueRiver Dev,Couple,5,3,2,4,5,2020-07-28
2306,597,BlueRiver Dev,Family,4,4,5,4,4,2023-06-06
2307,597,BlueRiver Dev,Single,5,2,4,5,5,2023-04-21
2308,597,BlueRiver Dev,Couple,4,3,4,5,4,2024-06-17
2309,597,BlueRiver Dev,Retiree,3,3,5,4,3,2025-08-27
2310,598,Nova Estates,Family,4,1,2,2,3,2025-05-11
2311,598,Nova Estates,Family,3,2,4,2,2,2024-05-21
2312,598,Nova Estates,Single,4,2,3,5,3,2018-10-21
2313,600,Nova Estates,Couple,4,1,5,2,5,2018-08-18
2314,600,Nova Estates,Family,3,1,2,4,3,2022-02-06
2315,600,Nova Estates,Professional,4,1,2,2,4,2019-12-30
2316,601,Nova Estates,Single,3,2,3,2,2,2023-03-28
2317,601,Nova Estates,Couple,3,3,4,4,3,2021-09-05
2318,601,Nova Estates,Couple,3,3,2,4,3,2022-07-08
2319,602,Skyline Holdings,Professional,3,1,5,3,3,2018-07-20
2320,602,Skyline Holdings,Student,3,4,4,3,3,2017-12-19
2321,602,Skyline Holdings,Couple,4,3,2,5,4,2020-07-14
2322,602,Skyline Holdings,Retiree,5,2,5,4,5,2022-09-03
2323,602,Skyline Holdings,Single,4,4,2,4,4,2022-12-23
2324,603,Nova Estates,Professional,3,1,3,2,3,2024-04-29
2325,603,Nova Estates,Professional,4,4,2,4,4,2019-03-15
2326,603,Nova Estates,Student,2,3,3,3,3,2023-11-28
2327,603,Nova Estates,Family,2,5,4,2,2,2021-01-14
2328,603,Nova Estates,Retiree,3,3,3,5,3,2022-10-20
2329,603,Nova Estates,Couple,3,2,3,3,3,2023-05-16
2330,604,Nova Estates,Retiree,5,1,2,5,5,2022-12-14
2331,604,Nova Estates,Professional,3,2,5,4,4,2018-10-08
2332,604,Nova Estates,Professional,4,2,4,3,3,2022-06-08
2333,604,Nova Estates,Professional,2,1,4,4,3,2019-10-10
2334,604,Nova Estates,Single,3,1,4,4,3,2024-07-11
2335,604,Nova Estates,Family,3,1,4,2,2,2024-01-06
2336,604,Nova Estates,Professional,4,1,4,4,4,2024-07-18
2337,605,Nova Estates,Family,4,1,4,3,3,2021-03-16
2338,605,Nova Estates,Professional,4,1,4,4,4,2024-08-07
2339,605,Nova Estates,Single,3,3,5,4,3,2024-10-25
2340,605,Nova Estates,Family,3,1,4,4,3,2022-07-10
2341,606,Sunrise Group,Family,3,5,3,4,3,2021-05-31
2342,606,Sunrise Group,Family,3,4,4,3,3,2020-12-21
2343,606,Sunrise Group,Family,4,2,4,4,4,2020-07-28
2344,606,Sunrise Group,Couple,3,5,3,5,3,2024-07-29
2345,607,Skyline Holdings,Couple,2,3,3,4,1,2024-12-16
2346,607,Skyline Holdings,Family,4,4,4,5,4,2022-12-30
2347,607,Skyline Holdings,Family,3,2,4,3,2,2021-12-19
2348,607,Skyline Holdings,Retiree,3,4,3,3,3,2020-11-06
2349,608,GreenBrick,Student,3,3,4,4,3,2024-08-02
2350,608,GreenBrick,Student,4,1,3,3,4,2021-04-19
2351,608,GreenBrick,Couple,3,2,4,5,3,2022-05-05
2352,609,Sunrise Group,Professional,2,5,4,4,1,2018-04-21
2353,609,Sunrise Group,Couple,4,4,4,5,4,2022-09-01
2354,609,Sunrise Group,Family,4,4,4,3,3,2020-06-03
2355,609,Sunrise Group,Retiree,4,5,3,3,4,2023-09-21
2356,610,BlueRiver Dev,Single,4,2,4,4,4,2024-01-24
2357,610,BlueRiver Dev,Single,5,1,3,5,5,2023-12-29
2358,610,BlueRiver Dev,Retiree,4,2,4,4,3,2021-10-28
2359,610,BlueRiver Dev,Retiree,5,2,4,1,5,2021-09-12
2360,611,Nova Estates,Couple,3,4,3,4,3,2018-10-10
2361,612,Oakfield Ltd,Family,2,4,3,3,2,2018-11-19
2362,612,Oakfield Ltd,Single,2,3,5,5,1,2025-05-29
2363,612,Oakfield Ltd,Couple,3,3,4,3,3,2020-09-27
2364,613,Horizon Builders,Single,5,5,4,4,5,2023-12-27
2365,613,Horizon Builders,Couple,5,3,3,5,5,2024-06-04
2366,613,Horizon Builders,Single,4,2,5,4,4,2024-03-28
2367,613,Horizon Builders,Retiree,4,4,2,4,4,2019-12-16
2368,613,Horizon Builders,Family,5,3,5,5,4,2022-04-14
2369,614,Nova Estates,Couple,4,2,4,4,3,2018-08-03
2370,614,Nova Estates,Family,4,1,3,5,5,2018-01-07
2371,614,Nova Estates,Single,5,3,4,3,5,2018-09-29
2372,614,Nova Estates,Retiree,4,1,4,3,4,2020-12-18
2373,614,Nova Estates,Student,4,3,3,4,4,2024-01-03
2374,614,Nova Estates,Student,4,2,3,4,4,2021-07-13
2375,614,Nova Estates,Single,4,1,4,2,4,2021-04-21
2376,614,Nova Estates,Retiree,4,1,5,2,4,2019-10-11
2377,615,Stonegate,Single,4,3,4,3,4,2021-12-07
2378,615,Stonegate,Couple,4,3,2,4,4,2020-01-05
2379,616,EverHome,Family,3,2,1,3,2,2022-01-09
2380,616,EverHome,Family,4,4,5,3,4,2020-12-22
2381,616,EverHome,Couple,3,4,3,4,3,2025-08-06
2382,616,EverHome,Couple,4,2,3,5,3,2020-10-25
2383,616,EverHome,Family,3,2,3,5,3,2024-11-10
2384,616,EverHome,Family,3,1,4,3,2,2018-12-14
2385,616,EverHome,Professional,4,1,5,2,4,2021-02-11
2386,616,EverHome,Family,1,2,3,4,1,2020-10-01
2387,618,Skyline Holdings,Student,4,5,2,3,4,2018-11-05
2388,618,Skyline Holdings,Retiree,2,2,4,3,2,2019-06-11
2389,618,Skyline Holdings,Family,2,3,4,4,1,2024-01-30
2390,618,Skyline Holdings,Professional,4,2,5,5,4,2021-05-20
2391,618,Skyline Holdings,Family,2,2,3,3,1,2020-12-24
2392,619,Oakfield Ltd,Couple,5,4,4,3,4,2024-05-10
2393,619,Oakfield Ltd,Single,4,2,4,4,4,2020-10-12
2394,619,Oakfield Ltd,Retiree,3,1,2,1,3,2021-01-15
2395,620,Pioneer Homes,Professional,4,4,3,3,3,2022-12-09
2396,620,Pioneer Homes,Single,4,2,4,4,4,2020-11-26
2397,620,Pioneer Homes,Single,3,3,4,4,3,2018-03-27
2398,620,Pioneer Homes,Student,4,4,2,4,3,2022-09-21
2399,620,Pioneer Homes,Retiree,4,3,4,3,5,2020-07-13
2400,620,Pioneer Homes,Family,5,3,4,4,5,2020-06-28
2401,620,Pioneer Homes,Single,4,5,3,4,3,2020-01-22
2402,621,Nova Estates,Couple,5,4,3,3,5,2018-12-07
2403,621,Nova Estates,Single,5,4,4,3,5,2024-03-02
2404,621,Nova Estates,Single,5,4,4,4,5,2020-03-30
2405,621,Nova Estates,Professional,4,2,3,4,3,2018-01-14
2406,621,Nova Estates,Couple,4,2,5,2,4,2021-10-06
2407,621,Nova Estates,Family,4,4,5,5,4,2021-09-30
2408,622,Skyline Holdings,Single,4,3,2,2,4,2018-07-10
2409,622,Skyline Holdings,Retiree,3,1,4,2,3,2024-04-27
2410,622,Skyline Holdings,Couple,4,1,4,2,5,2020-09-11
2411,622,Skyline Holdings,Family,3,1,5,2,3,2021-08-12
2412,622,Skyline Holdings,Couple,3,1,1,5,4,2024-07-11
2413,623,GreenBrick,Student,2,1,5,3,2,2019-06-12
2414,623,GreenBrick,Family,4,2,3,4,5,2019-07-14
2415,623,GreenBrick,Couple,4,2,4,1,4,2018-04-06
2416,623,GreenBrick,Professional,3,3,2,3,4,2022-06-22
2417,623,GreenBrick,Couple,4,3,3,5,3,2021-05-18
2418,623,GreenBrick,Single,4,3,4,4,5,2021-06-19
2419,624,Sunrise Group,Couple,3,4,4,4,3,2020-07-27
2420,625,Horizon Builders,Couple,5,2,2,4,5,2018-03-15
2421,625,Horizon Builders,Single,5,1,1,3,5,2023-09-16
2422,625,Horizon Builders,Family,4,3,3,3,4,2019-07-29
2423,626,GreenBrick,Single,3,4,3,3,2,2020-09-04
2424,626,GreenBrick,Family,2,4,3,5,1,2020-08-12
2425,628,Pioneer Homes,Family,4,3,5,5,3,2022-05-24
2426,628,Pioneer Homes,Couple,4,2,5,2,4,2020-02-22
2427,628,Pioneer Homes,Couple,3,3,2,4,3,2023-10-30
2428,628,Pioneer Homes,Couple,4,3,4,3,4,2023-06-12
2429,628,Pioneer Homes,Professional,2,2,3,3,2,2020-11-24
2430,629,Nova Estates,Family,3,3,3,4,3,2024-04-25
2431,629,Nova Estates,Single,4,2,5,4,3,2024-10-20
2432,630,Skyline Holdings,Couple,5,2,4,4,4,2021-07-16
2433,630,Skyline Holdings,Couple,4,2,3,3,4,2024-10-13
2434,630,Skyline Holdings,Couple,3,2,2,3,2,2021-05-18
2435,630,Skyline Holdings,Professional,5,2,2,3,5,2025-01-14
2436,630,Skyline Holdings,Couple,4,1,3,4,4,2021-11-25
2437,630,Skyline Holdings,Couple,5,2,2,4,5,2018-08-22
2438,630,Skyline Holdings,Professional,4,1,2,2,3,2024-09-19
2439,631,BlueRiver Dev,Couple,4,5,3,3,4,2019-02-10
2440,631,BlueRiver Dev,Family,5,5,3,3,4,2022-12-31
2441,631,BlueRiver Dev,Couple,4,5,3,3,5,2024-06-07
2442,631,BlueRiver Dev,Family,3,3,4,2,3,2025-02-08
2443,631,BlueRiver Dev,Retiree,3,4,3,3,4,2021-11-03
2444,631,BlueRiver Dev,Single,3,4,3,4,3,2023-09-16
2445,631,BlueRiver Dev,Family,5,3,2,5,4,2021-09-13
2446,632,Stonegate,Family,5,3,3,4,5,2018-07-02
2447,634,UrbanCore,Professional,3,4,2,3,4,2025-04-06
2448,634,UrbanCore,Family,3,3,4,3,4,2024-09-17
2449,634,UrbanCore,Retiree,1,3,4,5,2,2022-12-24
2450,634,UrbanCore,Single,2,2,3,3,3,2023-12-13
2451,634,UrbanCore,Couple,3,4,2,2,3,2025-04-25
2452,634,UrbanCore,Single,2,3,4,5,1,2018-09-19
2453,634,UrbanCore,Couple,1,1,3,4,1,2023-12-07
2454,634,UrbanCore,Single,2,3,3,4,2,2024-09-07
2455,635,Nova Estates,Family,4,3,2,2,3,2019-12-12
2456,635,Nova Estates,Single,4,3,3,4,3,2019-01-26
2457,635,Nova Estates,Family,4,1,4,5,4,2019-05-09
2458,635,Nova Estates,Professional,3,3,4,3,4,2019-08-12
2459,636,Sunrise Group,Single,3,4,3,4,3,2021-02-28
2460,636,Sunrise Group,Family,3,1,5,3,2,2019-12-11
2461,636,Sunrise Group,Professional,2,3,4,3,1,2025-12-11
2462,636,Sunrise Group,Retiree,2,4,5,4,2,2025-10-24
2463,636,Sunrise Group,Student,3,3,2,5,3,2021-01-28
2464,636,Sunrise Group,Single,3,3,4,4,3,2024-03-03
2465,636,Sunrise Group,Couple,3,3,3,5,4,2025-09-10
2466,637,UrbanCore,Student,5,4,5,5,4,2022-02-18
2467,637,UrbanCore,Single,4,3,3,4,3,2019-12-13
2468,637,UrbanCore,Single,4,2,2,3,4,2021-02-01
2469,637,UrbanCore,Couple,3,4,4,4,4,2020-11-27
2470,637,UrbanCore,Couple,2,4,4,5,2,2019-03-12
2471,637,UrbanCore,Retiree,3,4,3,5,3,2019-03-02
2472,637,UrbanCore,Professional,3,5,4,3,2,2023-05-14
2473,638,Skyline Holdings,Couple,4,3,4,4,4,2025-05-10
2474,638,Skyline Holdings,Professional,5,2,2,3,5,2024-06-10
2475,638,Skyline Holdings,Couple,4,4,3,3,3,2023-12-09
2476,638,Skyline Holdings,Family,5,4,3,4,5,2020-04-05
2477,638,Skyline Holdings,Single,5,3,3,3,5,2019-04-05
2478,639,Skyline Holdings,Professional,3,4,4,5,2,2018-01-15
2479,640,GreenBrick,Student,5,2,3,4,4,2024-07-27
2480,640,GreenBrick,Family,4,4,1,4,5,2021-04-27
2481,640,GreenBrick,Student,5,2,4,4,5,2022-05-10
2482,640,GreenBrick,Student,5,1,3,4,5,2019-02-10
2483,640,GreenBrick,Couple,5,3,4,3,4,2020-05-28
2484,640,GreenBrick,Family,4,4,4,2,4,2025-05-20
2485,641,Nova Estates,Couple,3,2,3,2,2,2020-10-18
2486,641,Nova Estates,Single,2,2,2,4,2,2021-02-11
2487,641,Nova Estates,Family,4,2,2,3,3,2022-02-22
2488,641,Nova Estates,Family,4,1,3,4,4,2020-11-11
2489,641,Nova Estates,Retiree,3,1,3,5,2,2023-02-21
2490,641,Nova Estates,Family,4,2,2,3,4,2021-04-23
2491,641,Nova Estates,Couple,2,1,2,3,2,2024-01-05
2492,642,GreenBrick,Professional,3,5,4,3,3,2021-04-04
2493,643,Skyline Holdings,Retiree,2,4,4,3,3,2023-09-13
2494,643,Skyline Holdings,Couple,2,3,4,4,2,2025-08-25
2495,644,GreenBrick,Family,2,4,3,3,2,2018-09-14
2496,644,GreenBrick,Couple,3,4,3,3,3,2020-09-01
2497,644,GreenBrick,Family,3,2,3,5,2,2024-06-03
2498,644,GreenBrick,Single,2,3,5,4,3,2025-04-18
2499,644,GreenBrick,Couple,2,2,3,3,3,2021-07-24
2500,644,GreenBrick,Single,4,2,3,4,3,2023-03-02
2501,645,Nova Estates,Family,5,3,5,4,5,2023-11-23
2502,645,Nova Estates,Family,4,3,3,3,5,2018-09-03
2503,646,Stonegate,Professional,4,2,5,3,4,2020-11-06
2504,646,Stonegate,Couple,5,5,4,4,5,2024-04-06
2505,646,Stonegate,Single,5,4,4,4,5,2018-03-11
2506,646,Stonegate,Professional,4,5,3,5,3,2019-07-10
2507,646,Stonegate,Single,4,5,3,3,3,2025-01-04
2508,646,Stonegate,Student,4,5,3,3,4,2025-06-09
2509,646,Stonegate,Single,5,3,3,4,5,2019-12-01
2510,646,Stonegate,Family,5,3,5,4,5,2020-07-09
2511,647,Horizon Builders,Single,3,2,3,5,3,2025-07-12
2512,647,Horizon Builders,Family,3,2,4,3,3,2021-04-01
2513,647,Horizon Builders,Single,4,2,5,4,4,2023-02-17
2514,647,Horizon Builders,Couple,4,4,5,4,4,2024-08-29
2515,647,Horizon Builders,Single,4,3,4,2,5,2019-07-05
2516,647,Horizon Builders,Family,4,1,4,3,4,2023-03-18
2517,647,Horizon Builders,Student,5,1,5,3,5,2024-07-03
2518,648,BlueRiver Dev,Family,2,2,3,3,2,2025-01-11
2519,649,Oakfield Ltd,Family,4,2,5,4,3,2025-06-26
2520,649,Oakfield Ltd,Couple,4,3,2,4,4,2022-03-21
2521,649,Oakfield Ltd,Student,4,5,4,3,4,2020-04-06
2522,649,Oakfield Ltd,Professional,3,4,4,4,3,2021-10-10
2523,649,Oakfield Ltd,Retiree,4,3,4,3,4,2022-03-19
2524,649,Oakfield Ltd,Couple,3,4,2,3,3,2022-02-10
2525,649,Oakfield Ltd,Professional,3,4,4,4,3,2024-01-01
2526,650,Sunrise Group,Professional,3,1,4,4,2,2023-08-16
2527,650,Sunrise Group,Family,3,2,3,4,4,2023-07-10
2528,650,Sunrise Group,Couple,2,1,3,3,3,2020-02-18
2529,650,Sunrise Group,Couple,4,1,2,5,3,2022-07-04
2530,651,Nova Estates,Couple,2,2,4,4,2,2025-05-17
2531,651,Nova Estates,Student,3,3,4,3,4,2019-05-16
2532,651,Nova Estates,Professional,2,3,5,3,1,2019-08-16
2533,651,Nova Estates,Single,3,3,4,3,3,2021-11-06
2534,651,Nova Estates,Family,2,3,4,4,1,2019-07-27
2535,652,UrbanCore,Family,2,3,4,3,1,2024-07-11
2536,652,UrbanCore,Retiree,3,3,4,3,3,2024-07-23
2537,653,UrbanCore,Couple,2,3,3,3,2,2025-06-05
2538,653,UrbanCore,Single,3,5,4,4,4,2020-07-29
2539,653,UrbanCore,Professional,3,4,3,4,3,2022-04-15
2540,653,UrbanCore,Student,3,5,1,4,3,2019-03-27
2541,653,UrbanCore,Retiree,2,2,3,2,3,2022-08-11
2542,654,Pioneer Homes,Professional,4,3,2,3,4,2021-01-04
2543,654,Pioneer Homes,Family,4,3,4,4,4,2022-05-04
2544,654,Pioneer Homes,Family,3,3,2,3,3,2021-02-22
2545,654,Pioneer Homes,Professional,5,2,3,3,5,2023-11-04
2546,654,Pioneer Homes,Single,4,1,3,2,4,2024-05-01
2547,654,Pioneer Homes,Single,4,2,3,5,4,2019-01-27
2548,654,Pioneer Homes,Family,4,3,5,4,4,2025-08-02
2549,654,Pioneer Homes,Couple,5,2,2,3,5,2018-02-09
2550,655,Sunrise Group,Retiree,3,1,3,2,3,2018-07-16
2551,655,Sunrise Group,Student,3,2,2,3,3,2024-06-02
2552,655,Sunrise Group,Family,3,2,4,3,4,2019-01-04
2553,655,Sunrise Group,Couple,3,2,4,3,3,2023-03-22
2554,656,Nova Estates,Couple,3,3,4,5,3,2025-05-07
2555,656,Nova Estates,Student,3,2,3,4,2,2023-08-24
2556,656,Nova Estates,Retiree,3,2,3,4,3,2024-10-19
2557,656,Nova Estates,Couple,3,2,3,4,3,2020-05-30
2558,656,Nova Estates,Single,2,3,2,3,2,2024-10-01
2559,657,Skyline Holdings,Single,5,2,3,4,5,2020-08-26
2560,657,Skyline Holdings,Family,5,5,2,3,5,2023-12-04
2561,658,GreenBrick,Professional,4,2,3,3,4,2025-03-18
2562,658,GreenBrick,Couple,4,2,3,3,3,2023-04-04
2563,658,GreenBrick,Professional,5,3,3,3,5,2023-08-04
2564,658,GreenBrick,Professional,4,2,2,3,4,2019-06-02
2565,658,GreenBrick,Professional,5,1,2,4,5,2018-01-12
2566,658,GreenBrick,Single,5,2,3,4,5,2021-05-09
2567,658,GreenBrick,Family,5,2,4,4,5,2024-03-23
2568,658,GreenBrick,Couple,5,2,5,2,5,2023-04-05
2569,659,Horizon Builders,Student,2,3,5,5,2,2023-10-10
2570,659,Horizon Builders,Single,4,4,2,5,4,2021-08-13
2571,659,Horizon Builders,Professional,2,3,3,2,2,2020-02-11
2572,659,Horizon Builders,Couple,4,2,5,5,4,2024-06-10
2573,659,Horizon Builders,Family,3,4,2,4,2,2019-11-15
2574,659,Horizon Builders,Professional,2,2,4,4,2,2023-05-15
2575,660,UrbanCore,Professional,5,2,4,5,5,2021-12-08
2576,660,UrbanCore,Professional,5,4,5,4,5,2024-12-31
2577,660,UrbanCore,Single,5,4,3,2,5,2022-08-18
2578,660,UrbanCore,Professional,4,1,5,3,4,2019-05-25
2579,660,UrbanCore,Professional,3,3,3,4,3,2018-08-14
2580,660,UrbanCore,Professional,4,4,3,5,3,2022-03-07
2581,660,UrbanCore,Student,5,3,5,3,5,2019-04-04
2582,660,UrbanCore,Retiree,3,3,2,5,4,2024-01-16
2583,661,GreenBrick,Family,4,2,3,5,4,2022-05-20
2584,662,Atlas Properties,Professional,3,3,4,4,3,2019-09-20
2585,662,Atlas Properties,Retiree,3,3,2,3,3,2019-12-16
2586,662,Atlas Properties,Retiree,4,3,3,3,5,2024-12-29
2587,662,Atlas Properties,Family,2,2,5,4,1,2025-01-27
2588,662,Atlas Properties,Couple,2,4,5,5,2,2019-01-14
2589,662,Atlas Properties,Couple,2,3,2,3,2,2022-01-01
2590,662,Atlas Properties,Single,3,4,4,3,3,2024-07-29
2591,663,Horizon Builders,Professional,3,2,5,3,2,2020-03-09
2592,663,Horizon Builders,Retiree,4,5,5,3,4,2018-06-13
2593,663,Horizon Builders,Couple,3,2,3,2,3,2022-04-16
2594,663,Horizon Builders,Couple,4,1,3,3,4,2019-08-31
2595,664,Skyline Holdings,Retiree,5,5,5,4,5,2019-06-27
2596,665,Nova Estates,Retiree,4,2,3,4,4,2024-02-08
2597,666,Nova Estates,Family,4,5,4,5,4,2022-12-24
2598,666,Nova Estates,Single,5,2,5,5,4,2022-07-22
2599,666,Nova Estates,Family,5,3,3,3,5,2021-01-31
2600,666,Nova Estates,Family,5,4,3,5,4,2022-04-30
2601,666,Nova Estates,Single,5,3,3,2,5,2021-11-16
2602,666,Nova Estates,Couple,4,2,3,3,4,2021-05-16
2603,666,Nova Estates,Professional,5,3,5,2,5,2024-10-12
2604,667,Skyline Holdings,Professional,2,3,2,3,2,2025-02-24
2605,667,Skyline Holdings,Professional,2,2,5,4,2,2020-01-29
2606,667,Skyline Holdings,Single,1,3,1,2,2,2017-12-20
2607,667,Skyline Holdings,Couple,2,1,2,4,2,2020-06-03
2608,668,Nova Estates,Single,4,3,3,5,5,2024-07-03
2609,668,Nova Estates,Professional,3,4,3,3,3,2021-01-31
2610,668,Nova Estates,Student,4,2,3,5,3,2018-07-30
2611,668,Nova Estates,Professional,3,5,4,3,3,2018-07-18
2612,668,Nova Estates,Couple,4,3,3,2,4,2018-05-08
2613,668,Nova Estates,Student,4,3,4,3,4,2020-04-14
2614,668,Nova Estates,Professional,4,2,5,4,5,2022-05-07
2615,668,Nova Estates,Retiree,5,3,3,2,4,2021-06-01
2616,669,Nova Estates,Couple,4,3,4,4,5,2025-03-20
2617,669,Nova Estates,Student,4,3,3,2,4,2021-12-16
2618,669,Nova Estates,Family,2,2,4,5,3,2020-10-18
2619,669,Nova Estates,Single,2,4,3,3,2,2020-04-25
2620,669,Nova Estates,Student,3,2,3,4,3,2023-05-10
2621,669,Nova Estates,Professional,4,4,3,4,4,2019-11-17
2622,669,Nova Estates,Couple,3,4,5,3,3,2021-01-12
2623,669,Nova Estates,Family,3,2,3,4,3,2018-03-20
2624,670,Skyline Holdings,Professional,4,4,3,3,4,2019-10-12
2625,670,Skyline Holdings,Retiree,3,3,2,3,2,2024-08-22
2626,670,Skyline Holdings,Family,5,4,4,5,5,2020-12-26
2627,670,Skyline Holdings,Professional,5,3,3,5,5,2021-11-03
2628,670,Skyline Holdings,Single,3,4,4,2,3,2017-12-24
2629,671,Nova Estates,Family,5,2,2,1,5,2025-11-10
2630,671,Nova Estates,Couple,4,3,4,4,4,2019-05-07
2631,671,Nova Estates,Family,3,2,1,5,3,2018-09-14
2632,671,Nova Estates,Retiree,3,1,5,4,3,2019-03-26
2633,672,Stonegate,Single,5,2,3,5,4,2025-06-26
2634,672,Stonegate,Retiree,4,2,3,3,3,2023-01-26
2635,674,UrbanCore,Student,3,1,2,4,2,2020-07-04
2636,674,UrbanCore,Couple,4,2,3,5,4,2019-09-29
2637,674,UrbanCore,Couple,3,1,4,4,3,2018-01-14
2638,674,UrbanCore,Family,4,2,5,3,4,2020-05-09
2639,674,UrbanCore,Student,3,3,3,3,2,2020-01-21
2640,674,UrbanCore,Couple,3,1,4,5,4,2018-07-21
2641,674,UrbanCore,Student,3,1,4,2,3,2019-06-22
2642,675,GreenBrick,Retiree,3,3,4,5,2,2019-12-29
2643,675,GreenBrick,Couple,4,2,3,3,4,2023-10-29
2644,675,GreenBrick,Family,4,2,2,4,3,2019-07-14
2645,675,GreenBrick,Single,3,4,3,4,2,2022-11-22
2646,675,GreenBrick,Professional,5,4,4,3,5,2021-09-22
2647,675,GreenBrick,Single,4,3,4,4,4,2024-06-24
2648,676,Atlas Properties,Professional,4,3,3,2,4,2023-09-20
2649,676,Atlas Properties,Couple,4,3,5,5,5,2019-04-27
2650,677,Nova Estates,Student,4,3,5,5,4,2025-10-04
2651,677,Nova Estates,Family,3,3,3,3,2,2025-05-18
2652,677,Nova Estates,Student,3,3,3,4,3,2019-04-24
2653,677,Nova Estates,Couple,4,5,3,5,5,2021-03-29
2654,677,Nova Estates,Family,5,5,4,4,5,2018-08-02
2655,677,Nova Estates,Family,3,5,5,3,2,2019-07-01
2656,677,Nova Estates,Couple,3,5,5,2,3,2020-06-20
2657,677,Nova Estates,Couple,3,3,4,5,2,2020-08-03
2658,678,GreenBrick,Single,3,4,3,3,3,2024-10-02
2659,678,GreenBrick,Student,4,3,4,3,5,2022-11-19
2660,678,GreenBrick,Family,3,2,5,3,3,2022-07-07
2661,678,GreenBrick,Single,2,4,4,3,2,2020-02-22
2662,678,GreenBrick,Family,3,4,3,2,4,2023-12-29
2663,679,Cedar & Co,Single,4,5,5,3,4,2025-09-10
2664,679,Cedar & Co,Couple,4,4,3,3,4,2023-02-06
2665,679,Cedar & Co,Student,5,3,3,5,5,2023-02-04
2666,679,Cedar & Co,Student,5,3,4,3,5,2022-04-08
2667,680,Stonegate,Student,4,5,3,2,4,2020-09-08
2668,680,Stonegate,Single,4,3,3,3,4,2020-10-30
2669,680,Stonegate,Professional,4,3,4,3,4,2023-05-24
2670,680,Stonegate,Family,5,3,5,3,5,2024-08-17
2671,680,Stonegate,Family,3,4,4,3,3,2020-04-03
2672,680,Stonegate,Couple,4,5,5,4,4,2021-03-20
2673,681,Oakfield Ltd,Professional,3,1,2,3,3,2019-07-24
2674,681,Oakfield Ltd,Couple,3,2,3,5,3,2022-09-28
2675,681,Oakfield Ltd,Family,5,3,2,4,5,2019-01-03
2676,681,Oakfield Ltd,Single,4,2,2,3,4,2019-09-28
2677,681,Oakfield Ltd,Family,5,3,4,5,5,2021-04-02
2678,682,Skyline Holdings,Single,5,1,2,2,5,2019-09-06
2679,682,Skyline Holdings,Retiree,4,1,3,2,5,2018-04-21
2680,682,Skyline Holdings,Family,3,2,3,4,4,2023-06-17
2681,682,Skyline Holdings,Family,3,1,3,3,3,2021-11-01
2682,683,Nova Estates,Student,2,3,4,3,2,2024-06-28
2683,683,Nova Estates,Single,2,4,4,5,2,2019-10-03
2684,683,Nova Estates,Family,4,3,3,4,4,2023-11-24
2685,683,Nova Estates,Family,2,3,2,3,2,2022-11-10
2686,683,Nova Estates,Student,2,3,5,4,1,2019-10-09
2687,683,Nova Estates,Student,3,1,4,3,3,2021-08-08
2688,684,BlueRiver Dev,Family,3,4,4,4,3,2020-01-03
2689,684,BlueRiver Dev,Professional,3,3,4,5,3,2018-11-13
2690,684,BlueRiver Dev,Student,3,2,2,4,3,2020-03-06
2691,684,BlueRiver Dev,Family,3,1,4,4,3,2018-01-24
2692,684,BlueRiver Dev,Single,3,3,3,3,2,2023-07-31
2693,684,BlueRiver Dev,Couple,4,1,2,3,4,2022-09-09
2694,684,BlueRiver Dev,Family,3,1,1,3,4,2025-11-22
2695,684,BlueRiver Dev,Family,3,4,5,3,4,2022-01-01
2696,685,EverHome,Single,4,4,4,2,4,2018-05-26
2697,685,EverHome,Family,4,3,3,2,4,2019-07-28
2698,685,EverHome,Family,4,5,2,4,5,2019-10-29
2699,685,EverHome,Couple,5,2,4,4,5,2025-02-03
2700,686,UrbanCore,Couple,4,3,5,3,3,2023-09-12
2701,686,UrbanCore,Couple,3,4,3,5,3,2020-04-05
2702,686,UrbanCore,Single,4,3,4,4,4,2025-07-24
2703,686,UrbanCore,Retiree,3,3,4,2,4,2025-07-16
2704,686,UrbanCore,Family,3,3,4,3,4,2018-04-18
2705,687,UrbanCore,Student,4,3,4,4,4,2023-12-30
2706,687,UrbanCore,Professional,4,5,2,4,4,2023-08-05
2707,687,UrbanCore,Professional,4,2,4,4,3,2022-02-19
2708,687,UrbanCore,Student,4,2,4,3,4,2022-08-25
2709,687,UrbanCore,Retiree,4,3,4,3,5,2019-12-13
2710,687,UrbanCore,Single,4,2,2,3,4,2019-05-13
2711,687,UrbanCore,Couple,3,5,4,2,3,2025-06-22
2712,687,UrbanCore,Family,3,3,3,3,2,2019-05-13
2713,688,Skyline Holdings,Single,4,3,4,4,5,2020-03-23
2714,688,Skyline Holdings,Family,4,3,2,3,4,2019-11-04
2715,688,Skyline Holdings,Couple,5,3,4,4,5,2024-08-06
2716,688,Skyline Holdings,Student,5,3,3,2,5,2021-03-28
2717,689,Pioneer Homes,Family,4,4,4,5,4,2022-03-21
2718,689,Pioneer Homes,Retiree,5,3,4,5,5,2025-10-08
2719,689,Pioneer Homes,Family,3,3,3,4,3,2021-02-08
2720,689,Pioneer Homes,Professional,5,2,4,4,5,2019-04-14
2721,689,Pioneer Homes,Retiree,4,5,2,4,4,2018-02-14
2722,689,Pioneer Homes,Couple,4,3,4,5,4,2020-02-20
2723,690,Nova Estates,Single,4,3,2,4,5,2019-06-27
2724,690,Nova Estates,Family,3,4,5,4,3,2021-12-12
2725,690,Nova Estates,Single,4,2,5,3,3,2025-11-22
2726,690,Nova Estates,Student,4,3,4,3,4,2025-01-23
2727,690,Nova Estates,Single,4,4,3,2,4,2020-05-20
2728,690,Nova Estates,Student,2,5,3,3,2,2024-09-19
2729,690,Nova Estates,Student,2,1,2,4,2,2018-05-05
2730,691,GreenBrick,Couple,4,2,3,3,4,2021-07-07
2731,691,GreenBrick,Retiree,5,1,2,3,5,2018-08-06
2732,691,GreenBrick,Family,4,1,3,3,5,2018-03-07
2733,691,GreenBrick,Couple,2,1,3,3,2,2023-09-08
2734,692,Sunrise Group,Family,3,2,3,5,3,2025-04-04
2735,692,Sunrise Group,Professional,4,2,3,5,3,2022-03-30
2736,692,Sunrise Group,Single,4,1,2,3,4,2024-10-29
2737,692,Sunrise Group,Couple,3,3,4,4,3,2017-12-27
2738,692,Sunrise Group,Couple,5,1,3,4,5,2024-12-12
2739,692,Sunrise Group,Family,4,2,4,4,4,2023-10-11
2740,692,Sunrise Group,Family,5,3,4,5,5,2019-12-30
2741,692,Sunrise Group,Student,5,2,4,3,5,2018-10-19
2742,693,Sunrise Group,Family,3,2,3,3,4,2018-05-14
2743,693,Sunrise Group,Single,2,3,2,4,2,2019-03-04
2744,693,Sunrise Group,Professional,3,3,4,4,3,2025-08-16
2745,693,Sunrise Group,Retiree,3,2,5,3,4,2019-02-22
2746,693,Sunrise Group,Couple,3,1,3,2,3,2023-03-04
2747,693,Sunrise Group,Family,3,1,3,4,3,2018-10-03
2748,693,Sunrise Group,Couple,1,1,5,5,1,2024-09-21
2749,693,Sunrise Group,Single,3,1,3,3,5,2022-05-09
2750,694,Skyline Holdings,Family,5,2,4,4,5,2020-01-25
2751,694,Skyline Holdings,Professional,4,3,4,5,3,2021-04-02
2752,694,Skyline Holdings,Single,5,3,3,4,5,2019-01-05
2753,695,Nova Estates,Family,5,4,3,5,5,2023-02-08
2754,695,Nova Estates,Professional,3,2,3,4,4,2023-03-08
2755,695,Nova Estates,Family,4,5,4,5,5,2018-03-31
2756,696,Horizon Builders,Couple,3,2,3,3,4,2020-01-07
2757,696,Horizon Builders,Couple,3,1,2,1,3,2023-03-15
2758,696,Horizon Builders,Family,2,3,4,5,2,2019-04-27
2759,696,Horizon Builders,Family,2,2,2,4,3,2018-04-16
2760,698,UrbanCore,Single,3,2,2,2,2,2020-01-18
2761,698,UrbanCore,Retiree,1,1,2,5,1,2023-06-12
2762,699,Nova Estates,Couple,2,3,4,2,2,2025-03-03
2763,699,Nova Estates,Single,2,2,4,4,3,2024-06-15
2764,699,Nova Estates,Retiree,2,3,5,3,2,2018-02-22
2765,699,Nova Estates,Single,1,4,4,3,2,2025-06-06
2766,699,Nova Estates,Professional,2,3,3,3,2,2022-10-25
2767,700,Sunrise Group,Single,2,2,4,3,2,2019-01-15
2768,700,Sunrise Group,Retiree,3,1,3,3,3,2025-10-15
2769,700,Sunrise Group,Single,3,2,4,5,2,2018-12-30
2770,700,Sunrise Group,Single,3,1,2,4,4,2025-02-15
2771,700,Sunrise Group,Family,3,2,2,3,3,2025-02-26
2772,700,Sunrise Group,Single,2,1,5,3,2,2020-03-21
2773,700,Sunrise Group,Single,3,1,4,5,3,2022-08-15
2774,701,UrbanCore,Couple,2,5,4,3,1,2020-08-16
2775,701,UrbanCore,Professional,4,5,2,3,5,2020-12-17
2776,701,UrbanCore,Couple,4,4,4,3,3,2021-08-04
2777,701,UrbanCore,Family,3,4,3,4,4,2019-09-11
2778,701,UrbanCore,Couple,3,3,4,3,2,2020-11-16
2779,701,UrbanCore,Single,2,5,3,1,2,2018-01-13
2780,701,UrbanCore,Couple,3,2,4,4,4,2018-07-01
2781,701,UrbanCore,Professional,3,5,2,4,4,2018-07-01
2782,702,Nova Estates,Family,4,2,4,4,4,2025-01-13
2783,702,Nova Estates,Single,3,3,3,4,2,2025-07-11
2784,702,Nova Estates,Professional,4,2,3,4,5,2022-04-10
2785,702,Nova Estates,Family,4,4,3,2,4,2025-07-02
2786,702,Nova Estates,Couple,3,2,4,4,4,2020-02-06
2787,702,Nova Estates,Family,5,2,4,4,4,2021-02-06
2788,702,Nova Estates,Family,4,3,3,4,4,2025-04-26
2789,703,GreenBrick,Family,4,3,4,3,4,2023-10-12
2790,703,GreenBrick,Couple,3,1,4,4,3,2020-12-05
2791,703,GreenBrick,Professional,3,2,4,3,3,2022-04-17
2792,703,GreenBrick,Family,2,4,4,2,2,2019-06-16
2793,703,GreenBrick,Single,4,3,3,3,5,2021-08-21
2794,703,GreenBrick,Single,4,3,3,4,4,2019-09-11
2795,704,Nova Estates,Retiree,2,3,3,4,1,2020-11-11
2796,704,Nova Estates,Single,3,3,5,2,3,2021-04-03
2797,704,Nova Estates,Family,4,2,4,3,5,2018-05-29
2798,704,Nova Estates,Retiree,3,4,4,5,4,2023-02-07
2799,705,Nova Estates,Family,3,4,4,4,2,2021-12-04
2800,705,Nova Estates,Family,5,3,4,4,5,2024-02-17
2801,705,Nova Estates,Family,4,4,4,4,4,2022-09-08
2802,705,Nova Estates,Family,5,2,3,2,5,2025-08-01
2803,705,Nova Estates,Single,4,2,3,5,5,2019-04-05
2804,705,Nova Estates,Family,4,1,3,2,4,2021-06-27
2805,705,Nova Estates,Couple,3,2,5,5,3,2020-11-20
2806,705,Nova Estates,Couple,4,3,3,2,4,2018-01-23
2807,706,Atlas Properties,Family,5,3,4,4,5,2019-11-06
2808,706,Atlas Properties,Retiree,5,2,3,5,5,2025-03-29
2809,706,Atlas Properties,Couple,5,3,3,4,5,2018-10-22
2810,706,Atlas Properties,Single,3,4,4,3,3,2023-02-12
2811,706,Atlas Properties,Professional,4,3,2,4,5,2023-02-24
2812,706,Atlas Properties,Couple,4,1,4,2,4,2019-10-04
2813,708,Oakfield Ltd,Couple,3,3,3,4,2,2022-11-14
2814,708,Oakfield Ltd,Family,3,4,2,2,3,2021-01-30
2815,708,Oakfield Ltd,Couple,2,3,4,5,2,2025-12-16
2816,708,Oakfield Ltd,Family,2,3,4,5,1,2022-10-12
2817,708,Oakfield Ltd,Family,2,3,3,3,2,2024-08-19
2818,708,Oakfield Ltd,Couple,2,4,3,4,2,2020-07-26
2819,708,Oakfield Ltd,Single,2,3,4,3,2,2025-06-30
2820,708,Oakfield Ltd,Couple,2,4,3,5,2,2019-10-22
2821,710,BlueRiver Dev,Single,3,2,5,3,4,2021-07-19
2822,710,BlueRiver Dev,Single,3,2,4,4,4,2023-02-08
2823,711,Pioneer Homes,Student,3,4,3,2,4,2024-02-27
2824,711,Pioneer Homes,Retiree,4,5,2,4,5,2024-11-08
2825,711,Pioneer Homes,Professional,5,4,3,5,5,2025-08-30
2826,711,Pioneer Homes,Couple,5,3,3,2,4,2019-02-08
2827,711,Pioneer Homes,Family,5,4,3,2,5,2019-08-23
2828,712,Horizon Builders,Family,3,3,2,4,3,2018-02-28
2829,712,Horizon Builders,Retiree,4,1,3,3,5,2025-03-23
2830,712,Horizon Builders,Family,1,1,4,5,2,2023-02-26
2831,713,Sunrise Group,Student,3,2,4,3,3,2024-12-23
2832,713,Sunrise Group,Couple,3,1,5,2,2,2021-08-03
2833,713,Sunrise Group,Family,2,1,4,4,3,2023-05-02
2834,713,Sunrise Group,Single,3,1,4,4,3,2024-04-03
2835,713,Sunrise Group,Family,4,2,4,3,5,2025-04-11
2836,713,Sunrise Group,Family,4,2,2,3,5,2018-04-07
2837,713,Sunrise Group,Couple,2,2,5,5,3,2019-01-24
2838,714,GreenBrick,Single,4,1,4,4,4,2022-06-16
2839,715,GreenBrick,Single,5,3,3,2,5,2019-09-12
2840,715,GreenBrick,Professional,4,4,5,3,5,2020-01-11
2841,715,GreenBrick,Single,5,3,5,2,5,2025-05-14
2842,715,GreenBrick,Retiree,4,3,4,2,5,2018-11-29
2843,715,GreenBrick,Couple,4,2,5,5,4,2022-10-08
2844,715,GreenBrick,Family,5,4,2,3,5,2020-07-11
2845,715,GreenBrick,Couple,3,5,4,3,2,2020-09-17
2846,716,EverHome,Single,3,3,2,4,3,2025-01-17
2847,716,EverHome,Family,4,3,4,3,5,2020-05-02
2848,716,EverHome,Professional,3,4,3,4,3,2022-05-10
2849,716,EverHome,Couple,4,5,2,4,4,2021-05-19
2850,716,EverHome,Professional,4,4,4,5,5,2025-02-10
2851,716,EverHome,Family,5,1,3,2,5,2018-09-25
2852,716,EverHome,Couple,4,3,5,4,4,2021-01-08
2853,717,MetroConstruct,Family,4,3,3,4,5,2020-05-08
2854,717,MetroConstruct,Couple,3,4,4,2,5,2025-09-01
2855,717,MetroConstruct,Student,4,3,5,4,3,2025-07-11
2856,718,Cedar & Co,Couple,3,2,3,1,3,2022-06-09
2857,718,Cedar & Co,Family,3,1,5,3,3,2021-10-10
2858,718,Cedar & Co,Family,3,3,5,4,3,2020-03-31
2859,718,Cedar & Co,Single,3,2,3,3,3,2020-06-12
2860,719,Nova Estates,Family,3,3,2,3,1,2021-11-04
2861,719,Nova Estates,Couple,3,2,4,3,3,2022-09-04
2862,719,Nova Estates,Couple,2,3,4,3,2,2024-05-24
2863,719,Nova Estates,Professional,2,2,4,3,1,2021-05-28
2864,719,Nova Estates,Student,4,3,5,5,4,2025-12-14
2865,720,Pioneer Homes,Family,5,5,4,1,5,2025-03-14
2866,720,Pioneer Homes,Professional,4,3,5,3,4,2023-09-26
2867,720,Pioneer Homes,Professional,3,2,3,3,2,2023-06-05
2868,720,Pioneer Homes,Retiree,5,4,2,1,4,2019-03-12
2869,721,Luna Developments,Retiree,3,3,5,4,3,2025-08-02
2870,721,Luna Developments,Professional,3,5,5,4,4,2023-09-02
2871,721,Luna Developments,Professional,3,3,3,2,3,2022-02-04
2872,722,Nova Estates,Single,3,2,1,3,4,2024-11-01
2873,722,Nova Estates,Family,3,4,3,2,4,2024-06-27
2874,723,Nova Estates,Student,4,3,5,2,5,2024-01-27
2875,723,Nova Estates,Professional,5,5,3,2,5,2024-11-02
2876,723,Nova Estates,Couple,4,1,3,2,5,2019-11-11
2877,723,Nova Estates,Couple,3,4,2,5,2,2018-08-13
2878,723,Nova Estates,Student,4,1,4,4,4,2018-03-23
2879,723,Nova Estates,Professional,5,2,4,4,5,2021-12-20
2880,723,Nova Estates,Couple,4,2,4,3,5,2020-10-29
2881,723,Nova Estates,Couple,4,2,3,4,4,2021-10-28
2882,724,Pioneer Homes,Professional,4,3,5,3,4,2018-06-08
2883,726,MetroConstruct,Couple,4,4,5,1,4,2021-03-17
2884,726,MetroConstruct,Professional,4,3,5,3,4,2023-11-25
2885,726,MetroConstruct,Family,4,2,4,1,5,2024-06-18
2886,726,MetroConstruct,Couple,5,3,3,2,5,2024-01-06
2887,726,MetroConstruct,Couple,3,1,3,5,3,2021-01-18
2888,726,MetroConstruct,Retiree,4,4,3,2,3,2020-07-01
2889,726,MetroConstruct,Couple,4,3,3,5,4,2021-11-29
2890,727,Nova Estates,Family,4,3,4,4,4,2019-02-11
2891,727,Nova Estates,Retiree,3,2,3,4,2,2019-06-07
2892,727,Nova Estates,Couple,2,3,5,4,2,2024-12-06
2893,727,Nova Estates,Retiree,3,2,4,3,3,2021-03-30
2894,728,Oakfield Ltd,Family,5,2,3,5,4,2024-06-22
2895,728,Oakfield Ltd,Couple,5,4,5,2,5,2024-07-06
2896,729,Skyline Holdings,Professional,2,4,5,2,1,2024-09-19
2897,729,Skyline Holdings,Couple,3,2,5,3,3,2025-01-21
2898,729,Skyline Holdings,Retiree,1,3,4,3,1,2020-03-15
2899,729,Skyline Holdings,Retiree,2,4,2,2,2,2021-11-18
2900,729,Skyline Holdings,Couple,2,4,4,3,1,2019-01-29
2901,729,Skyline Holdings,Family,2,2,3,4,1,2020-04-12
2902,730,Nova Estates,Couple,4,2,4,4,5,2024-02-19
2903,731,Nova Estates,Retiree,4,1,3,5,4,2025-10-09
2904,732,Oakfield Ltd,Single,5,3,3,4,5,2025-10-20
2905,732,Oakfield Ltd,Couple,5,2,5,5,5,2019-06-11
2906,732,Oakfield Ltd,Student,4,3,3,4,4,2022-07-02
2907,732,Oakfield Ltd,Professional,4,1,5,5,4,2023-03-23
2908,732,Oakfield Ltd,Family,4,4,3,3,4,2023-03-29
2909,732,Oakfield Ltd,Student,4,3,3,4,4,2023-07-03
2910,733,BlueRiver Dev,Professional,3,1,4,3,3,2019-10-18
2911,733,BlueRiver Dev,Family,2,3,5,3,2,2020-02-08
2912,733,BlueRiver Dev,Couple,3,3,4,2,3,2024-11-08
2913,733,BlueRiver Dev,Family,4,2,4,2,5,2019-05-21
2914,734,UrbanCore,Student,5,3,4,3,5,2018-04-30
2915,734,UrbanCore,Couple,3,2,4,2,2,2019-02-06
2916,735,GreenBrick,Family,5,3,4,4,5,2022-05-05
2917,735,GreenBrick,Family,5,3,3,3,5,2019-08-13
2918,735,GreenBrick,Student,5,4,3,5,5,2020-06-18
2919,735,GreenBrick,Couple,4,3,3,3,4,2018-09-26
2920,736,Stonegate,Retiree,3,2,3,3,3,2020-02-04
2921,737,GreenBrick,Student,3,3,1,4,2,2025-01-25
2922,737,GreenBrick,Family,3,3,4,4,3,2025-10-09
2923,737,GreenBrick,Single,3,3,2,2,3,2020-06-10
2924,737,GreenBrick,Student,3,3,4,4,4,2018-12-29
2925,737,GreenBrick,Family,3,3,4,3,3,2022-03-07
2926,737,GreenBrick,Family,3,3,2,3,4,2024-05-03
2927,738,Oakfield Ltd,Retiree,3,2,4,3,2,2020-10-12
2928,738,Oakfield Ltd,Retiree,2,1,3,3,2,2023-11-09
2929,738,Oakfield Ltd,Student,3,3,5,2,3,2017-12-24
2930,738,Oakfield Ltd,Family,2,1,2,5,2,2020-10-31
2931,738,Oakfield Ltd,Couple,2,2,4,5,2,2020-07-19
2932,738,Oakfield Ltd,Single,1,2,3,4,2,2018-05-01
2933,739,Sunrise Group,Couple,3,3,4,4,3,2018-03-30
2934,740,GreenBrick,Family,3,2,2,2,4,2020-08-06
2935,741,Sunrise Group,Retiree,3,2,2,4,3,2025-01-17
2936,741,Sunrise Group,Family,4,3,5,4,4,2019-02-05
2937,741,Sunrise Group,Couple,2,2,4,3,1,2025-08-09
2938,741,Sunrise Group,Couple,4,2,3,3,3,2020-08-02
2939,741,Sunrise Group,Single,2,2,3,3,3,2022-03-19
2940,741,Sunrise Group,Family,3,3,2,3,3,2025-09-30
2941,741,Sunrise Group,Couple,5,4,5,3,4,2022-02-01
2942,742,Skyline Holdings,Couple,4,1,3,2,4,2021-02-07
2943,742,Skyline Holdings,Single,4,2,2,2,4,2022-03-25
2944,744,Sunrise Group,Professional,4,2,3,3,4,2020-09-01
2945,744,Sunrise Group,Family,4,2,1,5,3,2019-12-24
2946,744,Sunrise Group,Couple,3,3,4,3,4,2024-09-20
2947,744,Sunrise Group,Single,4,3,4,3,4,2025-11-30
2948,744,Sunrise Group,Couple,3,2,4,4,4,2021-08-05
2949,744,Sunrise Group,Couple,4,2,2,4,4,2023-10-16
2950,744,Sunrise Group,Family,3,2,4,4,3,2022-05-03
2951,744,Sunrise Group,Family,4,1,5,4,2,2020-03-19
2952,745,Skyline Holdings,Student,2,4,1,4,3,2023-04-15
2953,745,Skyline Holdings,Retiree,2,4,4,4,1,2024-04-22
2954,745,Skyline Holdings,Couple,3,4,3,3,2,2023-10-06
2955,745,Skyline Holdings,Retiree,2,2,3,2,2,2020-06-26
2956,746,Stonegate,Student,4,1,4,2,4,2022-04-14
2957,746,Stonegate,Professional,4,1,3,3,3,2021-01-15
2958,746,Stonegate,Family,4,1,4,5,3,2021-01-27
2959,746,Stonegate,Professional,4,1,3,1,4,2023-12-01
2960,746,Stonegate,Couple,4,1,2,4,5,2025-02-09
2961,746,Stonegate,Retiree,4,2,2,3,4,2021-01-17
2962,746,Stonegate,Single,3,3,3,2,3,2025-01-18
2963,747,GreenBrick,Professional,3,1,4,4,2,2024-09-20
2964,747,GreenBrick,Family,4,3,4,3,5,2018-08-06
2965,747,GreenBrick,Professional,5,2,5,5,5,2020-01-27
2966,747,GreenBrick,Professional,5,3,4,4,5,2023-12-02
2967,747,GreenBrick,Family,4,3,2,3,5,2020-07-19
2968,747,GreenBrick,Retiree,3,3,2,3,3,2022-09-19
2969,747,GreenBrick,Couple,5,5,3,4,5,2022-11-30
2970,747,GreenBrick,Family,4,4,4,4,3,2025-05-01
2971,748,UrbanCore,Family,5,4,4,3,4,2019-08-18
2972,748,UrbanCore,Professional,5,3,4,4,5,2022-10-16
2973,748,UrbanCore,Retiree,5,3,5,3,5,2022-05-18
2974,748,UrbanCore,Retiree,3,2,4,3,3,2024-01-23
2975,748,UrbanCore,Couple,4,1,4,5,5,2020-12-06
2976,748,UrbanCore,Student,5,5,5,3,4,2024-07-19
2977,748,UrbanCore,Single,3,2,3,4,2,2020-06-19
2978,748,UrbanCore,Single,4,4,3,4,4,2018-01-22
2979,749,EverHome,Retiree,4,1,3,3,3,2020-11-12
2980,749,EverHome,Single,5,3,4,4,5,2019-05-22
2981,749,EverHome,Single,4,1,3,4,4,2020-05-13
2982,750,Horizon Builders,Retiree,4,2,4,4,3,2020-12-31
2983,753,Horizon Builders,Retiree,5,3,3,3,5,2018-10-31
2984,753,Horizon Builders,Family,5,2,4,4,5,2023-10-02
2985,753,Horizon Builders,Student,4,3,4,2,4,2018-10-17
2986,753,Horizon Builders,Professional,2,3,3,2,3,2018-03-25
2987,753,Horizon Builders,Family,4,3,3,3,5,2020-10-11
2988,753,Horizon Builders,Family,3,3,5,3,4,2020-05-15
2989,753,Horizon Builders,Student,4,2,3,3,3,2023-03-19
2990,753,Horizon Builders,Student,3,5,5,4,3,2020-10-28
2991,754,GreenBrick,Couple,4,2,2,4,4,2024-06-20
2992,754,GreenBrick,Student,4,3,3,1,5,2018-08-25
2993,754,GreenBrick,Couple,4,3,4,3,4,2020-11-09
2994,754,GreenBrick,Family,3,4,3,5,3,2022-09-30
2995,754,GreenBrick,Retiree,4,4,5,5,4,2023-02-15
2996,754,GreenBrick,Family,3,3,4,5,2,2023-06-17
2997,755,Nova Estates,Student,4,4,4,2,5,2025-03-16
2998,755,Nova Estates,Couple,3,3,5,4,3,2019-02-08
2999,755,Nova Estates,Couple,4,5,2,4,3,2019-07-01
3000,755,Nova Estates,Family,4,4,3,4,4,2024-10-25
3001,755,Nova Estates,Retiree,4,1,4,3,4,2023-12-11
3002,755,Nova Estates,Retiree,4,4,4,4,3,2024-02-13
3003,756,Oakfield Ltd,Family,4,2,5,2,4,2021-04-11
3004,758,UrbanCore,Couple,4,3,4,5,4,2022-09-12
3005,758,UrbanCore,Couple,4,3,5,2,4,2020-09-26
3006,758,UrbanCore,Student,4,1,3,3,3,2025-07-17
3007,758,UrbanCore,Family,4,2,3,4,4,2022-07-20
3008,758,UrbanCore,Family,5,3,4,4,5,2024-12-08
3009,758,UrbanCore,Family,3,2,3,3,3,2020-08-22
3010,759,Stonegate,Single,3,4,3,5,2,2021-08-22
3011,759,Stonegate,Student,3,3,4,3,3,2018-02-22
3012,759,Stonegate,Couple,4,2,3,2,5,2020-02-19
3013,759,Stonegate,Family,3,4,5,4,3,2025-06-06
3014,759,Stonegate,Couple,3,4,4,3,3,2019-05-24
3015,759,Stonegate,Family,2,4,3,3,2,2024-01-29
3016,760,Oakfield Ltd,Student,4,1,4,4,4,2024-08-21
3017,762,Skyline Holdings,Retiree,3,2,3,3,3,2023-07-15
3018,762,Skyline Holdings,Retiree,3,2,5,3,3,2023-11-13
3019,762,Skyline Holdings,Single,3,1,5,4,4,2023-10-14
3020,763,Skyline Holdings,Couple,5,5,4,4,5,2019-01-01
3021,763,Skyline Holdings,Single,5,3,4,3,5,2019-07-04
3022,763,Skyline Holdings,Couple,5,3,3,4,5,2021-09-01
3023,763,Skyline Holdings,Single,4,1,3,4,4,2019-05-24
3024,763,Skyline Holdings,Single,5,4,3,3,5,2020-03-16
3025,763,Skyline Holdings,Professional,4,2,5,3,5,2021-09-30
3026,763,Skyline Holdings,Couple,4,3,5,3,5,2020-09-23
3027,766,UrbanCore,Student,3,3,3,3,3,2022-05-28
3028,766,UrbanCore,Professional,2,2,4,3,2,2018-09-03
3029,766,UrbanCore,Couple,3,3,3,4,3,2024-08-19
3030,766,UrbanCore,Retiree,2,2,3,4,2,2021-10-13
3031,766,UrbanCore,Couple,1,2,5,3,1,2021-05-12
3032,767,Pioneer Homes,Retiree,4,3,5,4,5,2020-04-15
3033,767,Pioneer Homes,Couple,4,2,3,4,4,2022-08-28
3034,767,Pioneer Homes,Student,5,3,3,4,5,2019-11-15
3035,767,Pioneer Homes,Family,2,4,4,3,2,2024-02-26
3036,768,Stonegate,Student,4,2,4,4,5,2022-03-12
3037,769,GreenBrick,Student,3,5,4,4,3,2024-12-09
3038,769,GreenBrick,Family,3,3,3,3,3,2021-12-30
3039,770,MetroConstruct,Retiree,4,3,4,2,3,2024-06-19
3040,770,MetroConstruct,Couple,4,3,4,3,5,2022-12-16
3041,770,MetroConstruct,Student,4,5,4,4,4,2022-12-18
3042,770,MetroConstruct,Couple,4,2,4,4,3,2024-01-27
3043,770,MetroConstruct,Single,4,3,5,4,4,2022-01-21
3044,771,Nova Estates,Professional,4,5,4,2,4,2021-11-05
3045,771,Nova Estates,Family,2,3,4,2,2,2021-08-17
3046,773,Nova Estates,Family,4,2,3,4,4,2019-03-06
3047,773,Nova Estates,Couple,5,1,4,4,5,2024-05-07
3048,773,Nova Estates,Single,3,2,2,3,4,2025-09-04
3049,773,Nova Estates,Family,4,1,4,3,4,2018-10-06
3050,773,Nova Estates,Retiree,4,2,3,3,4,2019-09-15
3051,773,Nova Estates,Student,5,2,2,3,5,2020-05-18
3052,774,GreenBrick,Couple,3,1,3,3,3,2024-07-03
3053,775,Oakfield Ltd,Professional,2,3,4,3,2,2023-11-06
3054,775,Oakfield Ltd,Single,2,3,4,5,2,2020-04-07
3055,775,Oakfield Ltd,Couple,4,1,3,1,3,2018-05-12
3056,775,Oakfield Ltd,Single,3,3,2,3,4,2025-09-24
3057,776,Nova Estates,Couple,5,3,5,1,5,2018-07-19
3058,776,Nova Estates,Professional,5,3,3,3,5,2024-05-23
3059,776,Nova Estates,Couple,4,1,3,3,4,2022-03-12
3060,776,Nova Estates,Professional,4,2,4,4,4,2023-05-22
3061,776,Nova Estates,Retiree,5,3,2,3,5,2019-03-22
3062,776,Nova Estates,Family,4,2,4,5,4,2023-03-15
3063,777,Skyline Holdings,Retiree,3,2,4,2,3,2022-02-25
3064,777,Skyline Holdings,Couple,2,3,4,3,1,2020-01-21
3065,777,Skyline Holdings,Couple,4,4,2,3,3,2020-12-23
3066,777,Skyline Holdings,Family,3,1,2,3,3,2021-03-30
3067,777,Skyline Holdings,Professional,3,5,4,4,3,2023-05-22
3068,778,Pioneer Homes,Family,4,4,2,3,5,2023-03-02
3069,778,Pioneer Homes,Couple,4,3,3,3,4,2022-11-22
3070,778,Pioneer Homes,Family,4,2,3,4,4,2018-04-04
3071,778,Pioneer Homes,Family,5,4,2,3,5,2019-06-03
3072,778,Pioneer Homes,Professional,5,4,5,4,5,2023-04-14
3073,778,Pioneer Homes,Retiree,5,4,3,2,5,2024-03-06
3074,780,Horizon Builders,Couple,3,3,4,5,3,2023-09-01
3075,780,Horizon Builders,Family,3,4,3,3,2,2018-04-20
3076,781,BlueRiver Dev,Student,5,3,3,3,5,2024-08-24
3077,781,BlueRiver Dev,Professional,5,3,4,5,5,2020-10-19
3078,781,BlueRiver Dev,Student,5,4,3,4,5,2020-11-26
3079,783,Skyline Holdings,Professional,3,4,1,4,3,2021-12-21
3080,783,Skyline Holdings,Student,3,3,5,3,3,2023-10-29
3081,783,Skyline Holdings,Single,3,1,4,4,2,2024-03-14
3082,783,Skyline Holdings,Family,3,4,2,4,4,2019-07-06
3083,783,Skyline Holdings,Student,3,2,4,2,2,2025-11-16
3084,783,Skyline Holdings,Single,3,2,5,4,2,2019-10-20
3085,783,Skyline Holdings,Professional,3,4,2,2,3,2025-02-17
3086,783,Skyline Holdings,Family,3,1,4,2,4,2023-08-13
3087,784,GreenBrick,Family,5,4,1,5,5,2019-04-29
3088,784,GreenBrick,Family,4,4,3,5,5,2023-08-26
3089,784,GreenBrick,Single,5,5,5,1,4,2018-01-13
3090,784,GreenBrick,Single,3,2,4,4,3,2023-10-23
3091,785,Nova Estates,Family,4,4,4,5,4,2020-07-25
3092,785,Nova Estates,Family,3,2,3,5,3,2020-12-16
3093,785,Nova Estates,Professional,5,2,4,3,5,2025-10-11
3094,785,Nova Estates,Student,5,4,1,4,5,2019-05-27
3095,785,Nova Estates,Family,4,3,5,4,4,2023-02-19
3096,785,Nova Estates,Couple,5,4,2,5,5,2021-12-11
3097,785,Nova Estates,Retiree,5,5,4,4,5,2020-01-17
3098,786,EverHome,Family,5,2,5,5,5,2021-05-13
3099,786,EverHome,Student,5,1,3,2,5,2022-11-22
3100,787,UrbanCore,Student,3,1,3,3,3,2022-02-28
3101,788,GreenBrick,Retiree,3,2,3,4,2,2019-08-20
3102,788,GreenBrick,Single,3,2,4,5,3,2021-08-15
3103,788,GreenBrick,Couple,3,4,2,5,4,2022-05-25
3104,789,Sunrise Group,Couple,3,1,3,5,3,2025-09-25
3105,789,Sunrise Group,Family,5,1,2,4,4,2020-02-13
3106,789,Sunrise Group,Single,3,3,2,3,3,2019-05-16
3107,789,Sunrise Group,Couple,4,3,4,3,4,2019-08-31
3108,791,Nova Estates,Student,3,3,3,3,3,2023-12-25
3109,791,Nova Estates,Family,3,2,3,4,2,2019-09-12
3110,791,Nova Estates,Student,3,3,4,3,4,2025-01-28
3111,791,Nova Estates,Couple,3,2,2,5,3,2023-05-29
3112,791,Nova Estates,Retiree,2,2,3,4,3,2023-10-10
3113,791,Nova Estates,Professional,3,3,4,3,2,2021-09-13
3114,791,Nova Estates,Couple,3,1,3,1,2,2019-04-03
3115,791,Nova Estates,Couple,3,2,3,5,3,2020-04-10
3116,792,UrbanCore,Retiree,5,3,5,2,5,2018-11-19
3117,792,UrbanCore,Family,4,4,5,5,3,2024-08-16
3118,792,UrbanCore,Family,4,3,3,3,5,2023-07-02
3119,792,UrbanCore,Family,4,2,4,3,4,2023-07-25
3120,793,Sunrise Group,Couple,5,2,3,3,5,2023-04-01
3121,794,Horizon Builders,Professional,4,2,5,3,4,2025-07-28
3122,795,Nova Estates,Retiree,5,2,3,5,5,2020-01-06
3123,797,Luna Developments,Professional,3,3,4,4,3,2020-12-14
3124,797,Luna Developments,Single,4,4,3,4,4,2023-10-20
3125,798,UrbanCore,Single,2,2,5,3,2,2018-08-23
3126,798,UrbanCore,Single,2,4,5,4,3,2025-05-27
3127,798,UrbanCore,Couple,2,1,5,3,1,2025-04-10
3128,798,UrbanCore,Single,3,2,3,4,2,2022-10-15
3129,798,UrbanCore,Family,2,2,2,4,1,2022-05-15
3130,799,BlueRiver Dev,Retiree,3,1,3,5,2,2024-08-24
3131,799,BlueRiver Dev,Professional,5,2,5,3,5,2025-09-04
3132,799,BlueRiver Dev,Professional,4,3,3,4,3,2025-08-10
3133,799,BlueRiver Dev,Family,5,3,2,2,5,2024-10-04
3134,800,EverHome,Single,4,3,4,4,4,2018-02-27
3135,800,EverHome,Couple,5,2,3,2,5,2023-05-08
3136,801,BlueRiver Dev,Family,3,3,3,3,3,2024-09-24
3137,801,BlueRiver Dev,Couple,3,3,4,4,3,2018-06-02
3138,801,BlueRiver Dev,Couple,3,5,5,4,3,2018-03-15
3139,801,BlueRiver Dev,Student,2,4,4,4,3,2020-02-25
3140,801,BlueRiver Dev,Family,3,1,5,4,3,2021-05-21
3141,801,BlueRiver Dev,Couple,4,2,4,4,5,2024-06-26
3142,801,BlueRiver Dev,Family,4,4,3,3,4,2022-01-16
3143,803,UrbanCore,Professional,4,4,5,4,4,2022-03-06
3144,803,UrbanCore,Couple,5,4,3,4,5,2022-02-26
3145,803,UrbanCore,Family,4,3,3,2,4,2019-02-18
3146,803,UrbanCore,Retiree,5,5,2,3,5,2023-09-16
3147,803,UrbanCore,Family,4,2,3,4,4,2018-07-23
3148,803,UrbanCore,Professional,4,2,3,4,4,2018-08-19
3149,803,UrbanCore,Family,4,5,5,5,4,2023-12-11
3150,803,UrbanCore,Couple,5,4,4,5,4,2019-11-17
3151,804,Horizon Builders,Family,4,5,4,3,4,2019-08-05
3152,804,Horizon Builders,Student,4,4,3,5,4,2024-05-20
3153,805,Sunrise Group,Couple,5,3,3,4,5,2022-12-25
3154,805,Sunrise Group,Single,4,4,4,4,4,2022-10-18
3155,806,Pioneer Homes,Single,4,4,3,4,4,2025-08-26
3156,806,Pioneer Homes,Single,5,3,2,5,5,2019-09-09
3157,806,Pioneer Homes,Couple,5,4,5,3,5,2024-09-08
3158,806,Pioneer Homes,Professional,4,3,4,2,4,2022-03-11
3159,806,Pioneer Homes,Family,4,2,1,3,4,2020-12-05
3160,806,Pioneer Homes,Family,3,3,2,2,2,2023-07-24
3161,806,Pioneer Homes,Couple,4,3,4,4,3,2021-09-29
3162,808,EverHome,Professional,3,4,3,3,3,2024-11-25
3163,808,EverHome,Single,3,3,3,5,3,2025-01-15
3164,808,EverHome,Couple,4,4,2,3,5,2018-05-21
3165,808,EverHome,Single,4,3,3,3,4,2023-12-14
3166,808,EverHome,Couple,3,3,4,4,3,2022-04-29
3167,808,EverHome,Family,5,3,4,5,5,2023-04-28
3168,809,Sunrise Group,Professional,2,2,4,3,1,2024-02-13
3169,809,Sunrise Group,Retiree,2,3,3,4,2,2024-12-29
3170,809,Sunrise Group,Family,2,2,4,3,2,2021-01-02
3171,810,Nova Estates,Family,4,2,2,3,5,2024-03-28
3172,811,Atlas Properties,Retiree,5,3,2,1,5,2024-11-07
3173,812,MetroConstruct,Family,3,5,3,3,3,2024-04-17
3174,812,MetroConstruct,Single,4,4,2,2,4,2024-12-13
3175,813,Nova Estates,Family,4,3,3,3,4,2022-11-11
3176,813,Nova Estates,Professional,3,5,1,3,2,2021-07-30
3177,813,Nova Estates,Retiree,4,1,5,2,3,2020-08-30
3178,813,Nova Estates,Single,4,3,4,4,5,2023-07-03
3179,814,EverHome,Family,5,1,3,3,5,2025-06-22
3180,815,Stonegate,Couple,4,4,3,4,5,2021-01-18
3181,815,Stonegate,Family,5,4,4,4,5,2023-08-22
3182,815,Stonegate,Family,4,5,5,5,4,2018-02-26
3183,815,Stonegate,Professional,5,4,4,4,5,2020-03-25
3184,815,Stonegate,Single,5,4,4,3,5,2020-12-24
3185,815,Stonegate,Family,3,5,2,4,3,2024-02-07
3186,815,Stonegate,Professional,5,3,3,2,5,2025-11-13
3187,816,UrbanCore,Couple,4,1,5,4,3,2020-08-28
3188,816,UrbanCore,Single,3,1,4,5,3,2018-02-20
3189,816,UrbanCore,Couple,4,3,2,3,3,2023-11-01
3190,816,UrbanCore,Professional,4,1,2,4,4,2022-12-06
3191,816,UrbanCore,Single,4,2,5,4,4,2024-06-17
3192,817,Horizon Builders,Professional,4,3,4,5,4,2022-05-07
3193,817,Horizon Builders,Couple,4,3,5,2,4,2024-02-27
3194,817,Horizon Builders,Couple,3,3,5,4,3,2023-12-08
3195,817,Horizon Builders,Single,3,4,2,3,3,2024-09-05
3196,817,Horizon Builders,Retiree,3,1,2,5,3,2019-05-05
3197,817,Horizon Builders,Family,3,3,5,5,4,2021-01-15
3198,818,GreenBrick,Student,4,4,2,4,4,2025-01-30
3199,818,GreenBrick,Family,4,1,5,5,3,2019-06-23
3200,818,GreenBrick,Couple,5,2,2,4,5,2022-12-27
3201,819,Nova Estates,Professional,4,3,3,2,5,2023-08-23
3202,819,Nova Estates,Family,4,3,5,3,4,2024-08-17
3203,819,Nova Estates,Family,5,3,2,3,4,2021-07-14
3204,819,Nova Estates,Student,5,5,2,3,4,2025-03-25
3205,819,Nova Estates,Single,5,3,3,4,4,2022-05-03
3206,819,Nova Estates,Professional,4,3,3,1,4,2023-06-07
3207,819,Nova Estates,Single,4,3,2,1,3,2024-01-25
3208,820,GreenBrick,Family,4,2,5,4,4,2021-11-30
3209,821,Oakfield Ltd,Single,3,3,3,5,2,2018-06-14
3210,821,Oakfield Ltd,Single,5,4,4,4,5,2021-05-27
3211,821,Oakfield Ltd,Family,4,3,3,4,3,2025-01-15
3212,822,Nova Estates,Family,4,2,4,3,5,2024-11-09
3213,822,Nova Estates,Single,4,1,3,5,4,2025-07-27
3214,822,Nova Estates,Couple,4,2,3,5,3,2019-11-01
3215,823,GreenBrick,Retiree,3,2,5,3,4,2021-08-13
3216,823,GreenBrick,Retiree,3,2,5,4,3,2023-05-26
3217,823,GreenBrick,Single,3,2,3,3,2,2018-09-11
3218,823,GreenBrick,Professional,4,2,3,3,5,2021-02-06
3219,823,GreenBrick,Family,3,3,4,5,3,2020-12-16
3220,823,GreenBrick,Family,4,2,4,4,5,2023-01-25
3221,823,GreenBrick,Student,3,2,4,3,4,2023-04-29
3222,823,GreenBrick,Single,3,2,5,3,3,2020-06-13
3223,824,GreenBrick,Couple,2,3,2,3,2,2018-02-22
3224,825,UrbanCore,Family,3,2,4,3,3,2023-02-09
3225,825,UrbanCore,Single,2,3,3,1,3,2021-03-31
3226,825,UrbanCore,Professional,3,3,2,3,4,2019-04-10
3227,825,UrbanCore,Family,3,3,1,4,4,2021-10-01
3228,825,UrbanCore,Couple,4,3,1,4,3,2020-02-23
3229,825,UrbanCore,Single,3,2,4,1,3,2022-10-24
3230,826,EverHome,Family,2,5,3,3,2,2019-09-10
3231,826,EverHome,Retiree,4,5,4,5,4,2022-12-14
3232,826,EverHome,Couple,3,5,3,3,3,2023-03-11
3233,826,EverHome,Family,3,4,2,4,2,2021-07-28
3234,826,EverHome,Single,3,4,3,5,3,2024-02-10
3235,826,EverHome,Family,3,3,2,3,3,2025-02-26
3236,827,GreenBrick,Couple,2,3,4,4,2,2023-01-30
3237,827,GreenBrick,Family,4,2,3,3,5,2023-11-03
3238,827,GreenBrick,Retiree,4,4,3,4,4,2024-08-10
3239,827,GreenBrick,Professional,2,4,4,2,2,2019-11-05
3240,827,GreenBrick,Couple,3,5,5,5,4,2019-03-02
3241,827,GreenBrick,Family,3,3,2,5,3,2025-05-13
3242,827,GreenBrick,Student,3,5,1,4,3,2018-07-16
3243,827,GreenBrick,Couple,3,2,5,3,3,2025-04-01
3244,828,GreenBrick,Family,5,3,4,3,5,2020-07-28
3245,828,GreenBrick,Single,5,4,4,5,5,2024-03-21
3246,828,GreenBrick,Family,3,4,3,4,3,2019-03-22
3247,829,Pioneer Homes,Single,5,3,4,4,5,2020-03-07
3248,829,Pioneer Homes,Couple,3,1,3,3,3,2021-05-01
3249,829,Pioneer Homes,Family,3,3,4,1,2,2022-01-20
3250,829,Pioneer Homes,Family,4,2,5,5,4,2025-06-23
3251,830,Sunrise Group,Single,4,2,4,4,4,2019-10-30
3252,830,Sunrise Group,Couple,4,1,3,4,5,2021-12-24
3253,830,Sunrise Group,Couple,4,4,4,2,3,2021-10-01
3254,830,Sunrise Group,Single,4,2,4,3,4,2025-05-21
3255,830,Sunrise Group,Retiree,2,1,3,3,2,2018-07-19
3256,830,Sunrise Group,Couple,2,1,3,4,2,2018-09-07
3257,830,Sunrise Group,Couple,2,4,5,3,2,2021-07-06
3258,830,Sunrise Group,Family,4,2,5,1,4,2025-02-11
3259,831,Skyline Holdings,Family,4,2,4,5,5,2018-10-09
3260,831,Skyline Holdings,Retiree,5,3,4,3,5,2024-04-12
3261,831,Skyline Holdings,Single,5,3,5,3,5,2022-07-05
3262,831,Skyline Holdings,Professional,4,3,4,5,5,2025-06-25
3263,831,Skyline Holdings,Family,4,3,4,2,4,2018-01-07
3264,833,Nova Estates,Single,2,3,5,3,3,2023-08-08
3265,834,Nova Estates,Professional,2,3,4,2,3,2019-04-02
3266,834,Nova Estates,Professional,3,3,3,3,3,2025-05-13
3267,834,Nova Estates,Professional,4,3,3,3,5,2024-05-14
3268,834,Nova Estates,Couple,2,3,3,3,2,2020-09-29
3269,835,Sunrise Group,Couple,4,3,4,4,5,2025-03-17
3270,835,Sunrise Group,Family,3,5,5,3,2,2018-09-27
3271,835,Sunrise Group,Couple,5,3,5,2,5,2018-09-22
3272,835,Sunrise Group,Family,3,5,3,2,3,2024-05-30
3273,835,Sunrise Group,Student,3,3,5,2,4,2021-08-16
3274,835,Sunrise Group,Family,3,4,5,3,3,2024-04-03
3275,835,Sunrise Group,Single,4,5,3,4,3,2019-04-01
3276,836,GreenBrick,Single,2,2,1,4,2,2024-03-01
3277,836,GreenBrick,Retiree,2,1,2,4,2,2019-06-29
3278,836,GreenBrick,Retiree,3,4,4,5,3,2020-08-22
3279,836,GreenBrick,Student,2,3,3,4,3,2023-01-11
3280,836,GreenBrick,Retiree,2,2,4,4,2,2018-10-10
3281,836,GreenBrick,Family,2,1,4,3,1,2019-03-07
3282,837,EverHome,Retiree,3,1,5,2,3,2019-10-08
3283,837,EverHome,Family,3,3,4,4,4,2022-03-01
3284,837,EverHome,Couple,3,1,4,3,3,2018-09-15
3285,837,EverHome,Professional,3,2,3,3,3,2022-09-25
3286,837,EverHome,Couple,3,2,2,4,3,2018-10-22
3287,837,EverHome,Couple,3,1,2,3,3,2024-12-08
3288,838,GreenBrick,Family,2,1,4,5,2,2024-06-23
3289,838,GreenBrick,Couple,3,2,4,3,2,2024-08-26
3290,839,UrbanCore,Professional,3,3,2,1,3,2019-08-14
3291,839,UrbanCore,Couple,3,3,3,2,4,2021-12-31
3292,839,UrbanCore,Single,3,3,3,5,2,2024-12-25
3293,839,UrbanCore,Retiree,4,4,4,4,4,2021-01-19
3294,839,UrbanCore,Single,1,5,2,4,1,2024-02-17
3295,839,UrbanCore,Couple,3,3,5,4,4,2018-11-23
3296,839,UrbanCore,Professional,2,3,3,2,3,2018-08-03
3297,840,Horizon Builders,Family,3,2,3,4,3,2025-09-12
3298,840,Horizon Builders,Family,4,2,1,5,2,2018-10-18
3299,841,Nova Estates,Single,5,3,4,3,4,2024-07-10
3300,841,Nova Estates,Retiree,3,3,3,3,3,2019-03-30
3301,841,Nova Estates,Single,4,4,3,5,3,2019-03-19
3302,841,Nova Estates,Couple,3,1,4,4,2,2021-10-20
3303,841,Nova Estates,Single,3,3,4,4,3,2024-01-14
3304,841,Nova Estates,Single,3,3,4,4,2,2022-03-08
3305,841,Nova Estates,Professional,2,3,4,2,3,2020-01-16
3306,841,Nova Estates,Couple,4,4,4,5,4,2019-12-01
3307,842,BlueRiver Dev,Couple,5,2,2,3,5,2021-12-07
3308,842,BlueRiver Dev,Couple,4,4,3,5,4,2025-06-12
3309,843,Nova Estates,Couple,4,3,5,4,4,2021-04-10
3310,843,Nova Estates,Single,5,3,2,3,5,2021-02-03
3311,843,Nova Estates,Single,4,2,3,5,5,2020-05-16
3312,843,Nova Estates,Couple,5,4,5,5,5,2023-01-04
3313,843,Nova Estates,Family,4,3,4,4,4,2021-01-19
3314,843,Nova Estates,Family,3,3,4,3,3,2018-07-15
3315,843,Nova Estates,Family,4,2,4,5,5,2020-02-11
3316,844,Cedar & Co,Single,2,3,4,4,3,2019-05-24
3317,844,Cedar & Co,Retiree,3,2,3,4,3,2022-09-30
3318,844,Cedar & Co,Couple,2,2,4,2,2,2025-10-17
3319,844,Cedar & Co,Family,1,1,5,4,1,2018-04-24
3320,844,Cedar & Co,Couple,2,3,2,2,2,2020-03-04
3321,844,Cedar & Co,Family,2,2,3,3,1,2024-10-10
3322,844,Cedar & Co,Family,3,2,5,3,4,2023-03-09
3323,845,Nova Estates,Single,3,3,3,3,2,2021-02-25
3324,846,GreenBrick,Single,3,2,2,2,2,2023-03-02
3325,846,GreenBrick,Single,3,1,4,3,4,2018-10-19
3326,846,GreenBrick,Student,3,1,3,3,2,2025-08-14
3327,846,GreenBrick,Retiree,3,1,3,4,1,2020-01-13
3328,847,Nova Estates,Professional,3,4,4,3,2,2018-08-19
3329,847,Nova Estates,Student,4,3,2,3,5,2020-02-05
3330,847,Nova Estates,Couple,2,3,5,3,3,2018-02-01
3331,847,Nova Estates,Couple,4,4,3,2,3,2018-04-30
3332,847,Nova Estates,Single,4,4,1,3,3,2023-12-10
3333,847,Nova Estates,Single,3,4,2,2,3,2022-08-10
3334,847,Nova Estates,Professional,3,4,4,4,3,2024-01-22
3335,848,Atlas Properties,Couple,2,2,4,3,2,2020-01-11
3336,848,Atlas Properties,Single,2,3,2,4,2,2022-04-08
3337,848,Atlas Properties,Family,2,4,3,3,1,2020-10-31
3338,848,Atlas Properties,Single,3,3,3,3,2,2024-09-28
3339,848,Atlas Properties,Couple,4,3,5,3,4,2022-11-05
3340,848,Atlas Properties,Couple,3,5,4,2,2,2021-07-31
3341,849,Sunrise Group,Single,4,1,5,3,5,2018-07-10
3342,849,Sunrise Group,Professional,4,3,3,4,4,2025-05-05
3343,849,Sunrise Group,Couple,4,3,4,4,4,2025-05-16
3344,849,Sunrise Group,Single,3,1,5,5,3,2020-05-27
3345,849,Sunrise Group,Family,3,1,3,4,3,2020-07-05
3346,849,Sunrise Group,Student,3,2,3,2,3,2020-09-29
3347,849,Sunrise Group,Professional,3,1,4,4,4,2025-10-12
3348,849,Sunrise Group,Professional,3,2,3,2,4,2021-03-07
3349,850,Horizon Builders,Family,4,4,3,3,5,2018-02-08
3350,850,Horizon Builders,Student,5,2,4,2,5,2023-10-15
3351,850,Horizon Builders,Family,5,4,3,4,5,2023-01-16
3352,850,Horizon Builders,Professional,5,2,3,1,5,2023-10-28
3353,850,Horizon Builders,Family,5,2,2,3,5,2025-02-13
3354,850,Horizon Builders,Family,5,3,5,3,5,2019-03-10
3355,850,Horizon Builders,Professional,5,3,4,3,4,2025-04-20
3356,851,Nova Estates,Student,2,3,3,3,3,2024-03-02
3357,851,Nova Estates,Couple,3,2,3,3,3,2019-02-26
3358,851,Nova Estates,Single,2,4,4,3,1,2021-10-11
3359,851,Nova Estates,Student,5,2,4,4,5,2024-06-26
3360,851,Nova Estates,Student,4,4,4,2,4,2019-09-21
3361,852,Pioneer Homes,Family,5,3,2,5,4,2024-08-12
3362,852,Pioneer Homes,Retiree,5,2,4,5,4,2017-12-17
3363,852,Pioneer Homes,Family,5,3,5,3,5,2022-12-24
3364,852,Pioneer Homes,Family,4,3,5,3,4,2020-05-15
3365,853,Skyline Holdings,Couple,5,3,3,3,5,2021-03-16
3366,853,Skyline Holdings,Couple,5,1,3,4,5,2018-03-19
3367,854,Stonegate,Couple,2,2,3,5,2,2022-03-09
3368,854,Stonegate,Single,3,2,3,4,2,2022-09-13
3369,854,Stonegate,Single,3,2,3,1,3,2025-06-05
3370,854,Stonegate,Professional,3,3,4,3,4,2025-07-24
3371,854,Stonegate,Couple,3,3,3,3,2,2019-08-06
3372,854,Stonegate,Single,4,2,3,3,4,2019-09-26
3373,855,Skyline Holdings,Professional,3,3,3,4,4,2025-02-16
3374,855,Skyline Holdings,Couple,5,3,3,5,5,2019-01-26
3375,855,Skyline Holdings,Student,4,2,5,4,4,2019-12-28
3376,855,Skyline Holdings,Couple,4,4,4,5,4,2022-03-04
3377,855,Skyline Holdings,Family,5,3,2,5,5,2018-05-18
3378,855,Skyline Holdings,Family,5,2,5,3,5,2022-03-17
3379,855,Skyline Holdings,Single,4,3,4,2,5,2019-06-28
3380,856,Nova Estates,Family,5,5,4,1,4,2022-08-04
3381,856,Nova Estates,Couple,4,4,3,4,5,2022-09-16
3382,856,Nova Estates,Retiree,4,2,3,2,3,2022-08-14
3383,856,Nova Estates,Couple,5,1,5,2,5,2025-07-28
3384,856,Nova Estates,Couple,5,3,3,3,5,2025-05-13
3385,856,Nova Estates,Student,5,3,3,3,5,2020-02-01
3386,856,Nova Estates,Family,4,4,4,3,4,2021-08-16
3387,857,Nova Estates,Student,3,4,4,4,4,2022-06-26
3388,857,Nova Estates,Professional,5,3,4,3,5,2023-10-13
3389,857,Nova Estates,Student,5,4,4,3,5,2023-09-09
3390,857,Nova Estates,Family,4,3,5,2,5,2019-04-01
3391,857,Nova Estates,Couple,4,4,3,3,4,2019-10-21
3392,858,Sunrise Group,Couple,4,4,3,5,5,2020-06-01
3393,858,Sunrise Group,Single,2,3,3,5,2,2019-02-27
3394,858,Sunrise Group,Professional,3,3,4,3,3,2018-09-08
3395,858,Sunrise Group,Couple,3,4,1,4,2,2023-03-12
3396,858,Sunrise Group,Family,3,4,5,5,2,2024-01-19
3397,858,Sunrise Group,Student,4,4,3,4,4,2023-03-11
3398,858,Sunrise Group,Family,2,5,3,2,2,2022-02-02
3399,858,Sunrise Group,Student,2,5,3,3,2,2025-11-19
3400,859,UrbanCore,Professional,5,2,5,5,5,2019-05-19
3401,860,Nova Estates,Family,3,3,3,2,3,2019-07-05
3402,860,Nova Estates,Single,5,3,1,4,4,2023-09-22
3403,860,Nova Estates,Family,3,2,3,2,4,2019-01-08
3404,861,Oakfield Ltd,Couple,4,4,4,4,4,2023-08-16
3405,861,Oakfield Ltd,Single,4,4,4,3,3,2020-07-24
3406,861,Oakfield Ltd,Retiree,4,3,2,3,5,2023-11-01
3407,861,Oakfield Ltd,Family,4,4,4,4,4,2019-09-17
3408,861,Oakfield Ltd,Family,5,4,5,3,5,2018-01-08
3409,861,Oakfield Ltd,Professional,4,4,4,2,4,2022-11-02
3410,861,Oakfield Ltd,Couple,5,2,4,2,5,2021-12-19
3411,862,Sunrise Group,Single,4,4,3,4,4,2021-03-21
3412,862,Sunrise Group,Family,2,1,3,5,2,2020-07-14
3413,863,UrbanCore,Couple,3,4,5,4,3,2025-05-06
3414,863,UrbanCore,Single,4,2,5,3,4,2019-03-29
3415,864,Sunrise Group,Single,4,1,3,4,4,2020-03-31
3416,865,GreenBrick,Retiree,4,3,5,1,4,2024-04-24
3417,865,GreenBrick,Single,3,3,3,3,2,2023-01-11
3418,865,GreenBrick,Single,5,2,4,3,5,2022-03-28
3419,865,GreenBrick,Professional,4,4,5,2,4,2020-12-03
3420,867,Nova Estates,Professional,4,2,3,2,4,2022-02-03
3421,867,Nova Estates,Couple,4,1,4,3,4,2019-01-12
3422,867,Nova Estates,Family,5,4,2,3,5,2018-01-22
3423,868,Nova Estates,Family,3,1,3,4,3,2023-07-10
3424,868,Nova Estates,Single,4,1,5,5,4,2021-06-11
3425,868,Nova Estates,Professional,4,1,2,2,3,2022-06-15
3426,869,Stonegate,Couple,4,4,3,4,4,2019-04-24
3427,870,Luna Developments,Student,3,4,4,4,3,2019-05-14
3428,870,Luna Developments,Student,3,4,3,3,3,2022-05-28
3429,870,Luna Developments,Family,3,4,4,3,3,2023-07-04
3430,870,Luna Developments,Couple,3,4,1,5,3,2021-08-22
3431,870,Luna Developments,Family,3,5,4,3,3,2020-08-12
3432,871,GreenBrick,Family,2,3,3,4,2,2018-07-10
3433,871,GreenBrick,Professional,3,4,3,5,2,2019-06-26
3434,871,GreenBrick,Single,4,4,3,2,4,2020-11-02
3435,871,GreenBrick,Single,2,3,3,3,2,2019-06-18
3436,871,GreenBrick,Family,3,4,5,4,3,2021-10-12
3437,871,GreenBrick,Family,3,5,4,4,3,2024-06-15
3438,871,GreenBrick,Couple,2,2,3,5,3,2021-04-04
3439,871,GreenBrick,Professional,2,4,4,3,3,2024-01-17
3440,872,Skyline Holdings,Couple,4,2,4,3,5,2020-06-20
3441,872,Skyline Holdings,Single,4,2,4,3,5,2019-12-04
3442,873,Horizon Builders,Family,3,2,3,3,3,2020-01-26
3443,873,Horizon Builders,Couple,4,4,3,4,4,2021-10-31
3444,874,GreenBrick,Student,1,2,4,4,1,2021-09-30
3445,874,GreenBrick,Student,1,3,3,2,1,2025-03-13
3446,875,Nova Estates,Professional,5,4,3,3,5,2018-07-31
3447,875,Nova Estates,Student,3,5,5,4,3,2018-08-15
3448,875,Nova Estates,Retiree,3,3,2,4,3,2021-02-23
3449,875,Nova Estates,Family,3,4,3,3,2,2018-12-30
3450,875,Nova Estates,Student,4,3,3,4,3,2018-10-03
3451,876,Nova Estates,Family,3,2,4,5,2,2025-04-01
3452,876,Nova Estates,Professional,2,4,4,3,2,2024-05-30
3453,876,Nova Estates,Couple,4,3,5,3,4,2018-11-29
3454,876,Nova Estates,Couple,4,2,5,2,5,2022-10-19
3455,876,Nova Estates,Single,3,3,5,4,4,2024-12-21
3456,876,Nova Estates,Couple,3,3,3,3,4,2020-11-20
3457,876,Nova Estates,Single,1,4,4,4,1,2021-02-28
3458,876,Nova Estates,Single,3,3,3,3,3,2023-12-16
3459,877,BlueRiver Dev,Retiree,4,2,3,4,5,2019-09-13
3460,877,BlueRiver Dev,Professional,4,3,4,4,4,2018-01-21
3461,877,BlueRiver Dev,Single,5,2,3,4,5,2018-07-02
3462,878,Horizon Builders,Student,2,3,3,5,2,2018-12-31
3463,878,Horizon Builders,Family,3,4,4,5,3,2018-06-22
3464,879,Nova Estates,Professional,4,2,2,5,3,2020-10-14
3465,879,Nova Estates,Professional,5,5,2,4,5,2018-08-25
3466,879,Nova Estates,Retiree,4,1,3,4,3,2024-08-19
3467,879,Nova Estates,Family,4,1,5,5,4,2020-03-17
3468,879,Nova Estates,Couple,4,2,3,4,3,2024-12-10
3469,879,Nova Estates,Retiree,3,3,4,3,3,2021-03-29
3470,880,Skyline Holdings,Single,4,4,4,3,3,2021-02-16
3471,880,Skyline Holdings,Single,3,2,4,2,2,2023-07-25
3472,880,Skyline Holdings,Professional,4,2,4,4,4,2023-05-18
3473,880,Skyline Holdings,Retiree,4,2,5,4,4,2021-04-29
3474,880,Skyline Holdings,Couple,4,2,3,5,4,2025-11-30
3475,880,Skyline Holdings,Family,5,3,5,5,4,2023-11-23
3476,881,Skyline Holdings,Single,5,5,4,5,5,2018-06-21
3477,881,Skyline Holdings,Single,5,4,4,2,5,2021-09-18
3478,881,Skyline Holdings,Professional,4,4,2,3,3,2024-02-22
3479,881,Skyline Holdings,Family,5,2,4,3,5,2023-05-24
3480,881,Skyline Holdings,Family,3,3,3,5,2,2022-08-13
3481,881,Skyline Holdings,Couple,4,2,4,4,4,2022-05-31
3482,881,Skyline Holdings,Family,5,3,4,3,5,2018-06-10
3483,882,BlueRiver Dev,Single,1,1,5,2,1,2022-07-28
3484,882,BlueRiver Dev,Professional,3,3,3,4,3,2025-01-19
3485,882,BlueRiver Dev,Retiree,3,1,3,5,3,2022-11-24
3486,882,BlueRiver Dev,Student,2,1,4,4,2,2019-12-27
3487,882,BlueRiver Dev,Couple,3,1,4,5,3,2023-03-31
3488,882,BlueRiver Dev,Professional,2,1,4,2,2,2023-03-19
3489,882,BlueRiver Dev,Couple,2,3,4,4,3,2021-12-23
3490,883,Nova Estates,Family,4,2,4,3,4,2021-10-25
3491,883,Nova Estates,Couple,5,3,4,3,5,2025-07-09
3492,883,Nova Estates,Single,3,1,4,4,4,2018-10-03
3493,883,Nova Estates,Family,4,4,3,3,5,2024-10-16
3494,883,Nova Estates,Single,4,1,2,3,3,2021-07-12
3495,883,Nova Estates,Family,4,3,3,3,3,2019-01-17
3496,883,Nova Estates,Retiree,5,3,1,3,5,2022-10-17
3497,884,Nova Estates,Couple,4,2,3,4,3,2018-04-24
3498,884,Nova Estates,Family,3,2,3,4,2,2021-09-17
3499,884,Nova Estates,Couple,3,2,4,1,3,2024-04-12
3500,884,Nova Estates,Student,3,2,5,4,3,2022-09-11
3501,884,Nova Estates,Couple,3,3,5,4,5,2025-12-07
3502,884,Nova Estates,Retiree,3,2,1,3,2,2024-01-29
3503,885,Oakfield Ltd,Single,4,3,4,4,4,2018-11-15
3504,885,Oakfield Ltd,Professional,3,3,4,4,4,2025-09-07
3505,885,Oakfield Ltd,Student,4,4,4,4,4,2019-10-27
3506,885,Oakfield Ltd,Couple,3,2,4,3,3,2018-05-23
3507,885,Oakfield Ltd,Student,3,1,4,3,4,2021-12-12
3508,885,Oakfield Ltd,Single,3,2,5,3,4,2019-04-05
3509,886,Nova Estates,Couple,4,3,3,5,4,2018-09-10
3510,886,Nova Estates,Professional,4,3,4,4,2,2018-10-06
3511,886,Nova Estates,Family,4,1,3,1,3,2023-10-13
3512,886,Nova Estates,Couple,4,3,2,3,3,2023-12-23
3513,886,Nova Estates,Student,5,4,4,4,5,2025-12-02
3514,886,Nova Estates,Professional,4,2,4,3,4,2024-07-03
3515,886,Nova Estates,Couple,4,4,5,1,4,2021-09-29
3516,888,Skyline Holdings,Single,5,2,4,3,5,2019-02-08
3517,889,Nova Estates,Single,3,3,3,4,2,2018-11-05
3518,889,Nova Estates,Professional,4,4,3,5,3,2021-11-07
3519,889,Nova Estates,Family,4,2,5,3,5,2017-12-24
3520,890,Skyline Holdings,Family,3,4,3,2,3,2018-09-24
3521,890,Skyline Holdings,Student,4,3,5,5,4,2019-09-12
3522,890,Skyline Holdings,Professional,2,3,4,3,2,2021-05-26
3523,890,Skyline Holdings,Family,3,3,2,4,4,2022-07-24
3524,890,Skyline Holdings,Couple,3,4,4,5,3,2018-12-11
3525,891,Pioneer Homes,Couple,4,2,4,3,4,2017-12-30
3526,891,Pioneer Homes,Retiree,3,1,5,3,3,2019-03-04
3527,891,Pioneer Homes,Professional,2,3,3,5,3,2025-07-09
3528,891,Pioneer Homes,Retiree,3,2,5,5,3,2025-10-02
3529,891,Pioneer Homes,Family,2,2,3,4,2,2021-01-08
3530,892,MetroConstruct,Professional,3,3,5,4,2,2021-04-21
3531,893,MetroConstruct,Professional,3,4,4,3,3,2023-11-30
3532,893,MetroConstruct,Retiree,3,3,5,2,1,2022-03-27
3533,893,MetroConstruct,Student,3,4,2,3,3,2022-05-27
3534,893,MetroConstruct,Retiree,4,3,2,4,5,2018-08-20
3535,893,MetroConstruct,Couple,3,5,4,3,3,2023-03-13
3536,894,GreenBrick,Family,4,3,2,4,3,2025-11-21
3537,896,Skyline Holdings,Family,3,2,5,4,2,2025-05-13
3538,896,Skyline Holdings,Couple,3,3,4,3,3,2019-11-11
3539,896,Skyline Holdings,Family,4,2,3,3,5,2018-03-03
3540,896,Skyline Holdings,Family,4,4,3,3,4,2024-12-04
3541,896,Skyline Holdings,Retiree,4,5,5,4,4,2024-01-31
3542,896,Skyline Holdings,Single,4,3,4,3,4,2021-02-15
3543,897,Skyline Holdings,Family,4,1,4,2,4,2022-11-21
3544,898,Stonegate,Family,2,3,3,3,2,2018-01-14
3545,898,Stonegate,Student,3,1,4,4,3,2018-07-23
3546,898,Stonegate,Couple,2,1,2,5,2,2025-03-05
3547,899,Nova Estates,Retiree,2,2,3,5,2,2023-02-27
3548,899,Nova Estates,Family,3,5,4,3,3,2019-07-19
3549,900,Nova Estates,Family,5,3,3,4,5,2020-05-30
3550,901,Skyline Holdings,Family,3,4,3,3,2,2023-12-15
3551,901,Skyline Holdings,Couple,2,4,3,3,3,2023-04-17
3552,901,Skyline Holdings,Couple,2,4,5,3,2,2018-02-16
3553,903,Nova Estates,Family,4,1,3,2,5,2025-02-17
3554,903,Nova Estates,Single,4,2,4,5,4,2020-12-01
3555,903,Nova Estates,Professional,5,3,3,4,5,2021-10-17
3556,903,Nova Estates,Family,4,3,4,4,4,2021-05-15
3557,903,Nova Estates,Couple,4,3,4,4,4,2023-08-23
3558,904,UrbanCore,Family,5,5,3,3,5,2020-04-12
3559,904,UrbanCore,Professional,5,2,4,1,5,2021-12-08
3560,904,UrbanCore,Couple,4,4,5,3,5,2020-05-21
3561,904,UrbanCore,Couple,4,4,3,1,4,2019-11-07
3562,904,UrbanCore,Student,5,1,3,4,4,2019-09-14
3563,904,UrbanCore,Single,2,5,4,4,2,2025-04-27
3564,905,Sunrise Group,Student,4,4,3,4,3,2022-07-12
3565,905,Sunrise Group,Couple,5,3,2,4,5,2022-05-06
3566,906,Stonegate,Retiree,4,5,2,3,5,2022-12-18
3567,906,Stonegate,Professional,5,2,3,2,5,2021-01-14
3568,907,Oakfield Ltd,Professional,3,2,4,2,3,2021-05-10
3569,907,Oakfield Ltd,Single,3,1,3,4,3,2018-07-22
3570,907,Oakfield Ltd,Student,3,4,3,4,3,2023-02-10
3571,907,Oakfield Ltd,Couple,2,3,5,3,3,2021-06-14
3572,907,Oakfield Ltd,Family,4,2,5,3,3,2025-12-12
3573,907,Oakfield Ltd,Couple,3,4,3,5,3,2023-09-24
3574,908,GreenBrick,Retiree,3,5,4,4,3,2023-12-26
3575,909,Skyline Holdings,Professional,2,2,1,1,3,2024-10-31
3576,910,GreenBrick,Professional,3,5,4,3,3,2019-04-22
3577,910,GreenBrick,Couple,2,2,4,4,2,2022-11-10
3578,910,GreenBrick,Student,3,3,3,4,2,2018-10-13
3579,910,GreenBrick,Family,3,3,4,5,3,2023-01-07
3580,910,GreenBrick,Student,2,4,4,4,2,2022-04-23
3581,910,GreenBrick,Retiree,2,5,4,3,1,2024-12-18
3582,910,GreenBrick,Single,3,4,4,4,3,2021-11-20
3583,910,GreenBrick,Single,4,2,2,3,3,2020-03-18
3584,911,Horizon Builders,Family,4,4,2,4,4,2023-07-01
3585,911,Horizon Builders,Retiree,3,4,5,4,3,2021-06-30
3586,912,Skyline Holdings,Couple,5,4,3,4,5,2022-08-25
3587,912,Skyline Holdings,Couple,4,5,3,3,4,2024-06-26
3588,912,Skyline Holdings,Family,5,4,4,3,5,2022-01-18
3589,912,Skyline Holdings,Single,4,3,3,3,4,2018-04-04
3590,912,Skyline Holdings,Couple,5,4,3,3,5,2019-07-12
3591,912,Skyline Holdings,Couple,4,2,4,2,4,2025-04-04
3592,913,Horizon Builders,Retiree,5,1,3,3,5,2021-08-06
3593,914,GreenBrick,Family,3,2,3,4,3,2019-10-09
3594,914,GreenBrick,Couple,4,4,1,2,4,2020-11-17
3595,914,GreenBrick,Family,5,3,3,2,5,2020-07-02
3596,914,GreenBrick,Couple,4,2,4,2,3,2024-05-12
3597,914,GreenBrick,Retiree,5,3,3,4,5,2025-07-16
3598,914,GreenBrick,Professional,4,3,2,2,5,2024-10-24
3599,914,GreenBrick,Professional,4,3,5,4,4,2024-04-16
3600,915,UrbanCore,Single,4,4,4,3,4,2024-11-24
3601,915,UrbanCore,Retiree,4,3,5,1,5,2022-03-21
3602,915,UrbanCore,Student,3,4,3,4,3,2023-03-02
3603,915,UrbanCore,Retiree,4,4,5,4,4,2024-07-11
3604,915,UrbanCore,Student,3,4,4,3,4,2022-05-21
3605,917,Skyline Holdings,Family,5,3,2,5,5,2022-11-09
3606,917,Skyline Holdings,Couple,4,3,4,3,4,2022-01-23
3607,917,Skyline Holdings,Family,3,1,4,1,4,2021-07-20
3608,917,Skyline Holdings,Couple,4,1,4,3,4,2024-04-08
3609,917,Skyline Holdings,Family,4,2,3,3,4,2024-11-22
3610,917,Skyline Holdings,Professional,4,1,3,3,4,2019-08-29
3611,917,Skyline Holdings,Student,5,2,5,3,4,2020-07-12
3612,918,Luna Developments,Single,3,2,4,4,2,2021-05-25
3613,918,Luna Developments,Single,5,3,3,3,5,2023-04-20
3614,920,Nova Estates,Family,1,1,3,4,1,2020-03-26
3615,920,Nova Estates,Retiree,2,3,3,2,2,2024-03-16
3616,921,Stonegate,Single,2,1,4,5,3,2021-05-15
3617,921,Stonegate,Single,1,1,3,3,1,2022-09-03
3618,921,Stonegate,Single,2,3,4,4,2,2025-06-13
3619,921,Stonegate,Couple,3,1,3,4,3,2024-01-10
3620,921,Stonegate,Professional,3,3,5,4,3,2022-08-12
3621,921,Stonegate,Professional,2,2,3,3,2,2019-09-08
3622,921,Stonegate,Family,2,3,4,4,1,2021-07-21
3623,924,Oakfield Ltd,Couple,4,2,5,4,3,2018-02-15
3624,924,Oakfield Ltd,Family,5,3,5,3,5,2025-03-30
3625,924,Oakfield Ltd,Professional,4,4,3,1,4,2023-12-31
3626,925,Sunrise Group,Family,3,4,4,5,3,2025-03-01
3627,925,Sunrise Group,Single,3,3,5,4,2,2018-09-16
3628,925,Sunrise Group,Family,2,5,3,1,2,2019-12-06
3629,925,Sunrise Group,Couple,3,4,3,2,3,2021-09-04
3630,925,Sunrise Group,Couple,2,1,4,5,1,2023-01-29
3631,925,Sunrise Group,Family,3,2,3,4,3,2023-05-15
3632,926,Nova Estates,Family,3,3,4,4,3,2023-12-31
3633,926,Nova Estates,Professional,3,1,3,4,2,2020-06-10
3634,926,Nova Estates,Family,4,2,3,4,3,2020-06-12
3635,926,Nova Estates,Student,2,4,3,4,3,2017-12-19
3636,926,Nova Estates,Family,3,2,3,4,4,2025-11-04
3637,927,Skyline Holdings,Retiree,2,3,4,3,2,2025-02-17
3638,927,Skyline Holdings,Family,2,1,4,4,2,2020-11-22
3639,927,Skyline Holdings,Couple,3,3,2,2,4,2018-02-21
3640,927,Skyline Holdings,Retiree,3,4,4,4,4,2020-02-28
3641,927,Skyline Holdings,Family,3,5,3,3,3,2022-04-06
3642,927,Skyline Holdings,Couple,2,1,3,3,3,2022-02-21
3643,927,Skyline Holdings,Single,2,3,5,5,2,2025-04-03
3644,928,UrbanCore,Family,2,4,3,3,1,2022-08-10
3645,928,UrbanCore,Couple,4,3,4,5,3,2022-08-22
3646,928,UrbanCore,Family,2,2,2,3,2,2023-09-03
3647,928,UrbanCore,Couple,3,3,4,4,3,2023-02-06
3648,928,UrbanCore,Student,4,3,5,3,4,2023-12-21
3649,928,UrbanCore,Professional,2,2,3,2,1,2022-01-14
3650,928,UrbanCore,Family,3,1,5,4,3,2018-12-15
3651,929,Horizon Builders,Single,3,3,3,3,3,2021-12-19
3652,929,Horizon Builders,Retiree,2,1,4,4,3,2020-06-10
3653,929,Horizon Builders,Couple,2,2,5,2,1,2025-07-19
3654,929,Horizon Builders,Family,4,2,3,5,3,2020-01-21
3655,929,Horizon Builders,Retiree,2,4,2,2,2,2022-01-15
3656,929,Horizon Builders,Retiree,2,2,3,3,2,2020-02-17
3657,929,Horizon Builders,Single,1,2,5,3,1,2025-03-03
3658,929,Horizon Builders,Student,3,3,5,2,3,2019-01-30
3659,930,Skyline Holdings,Professional,4,2,5,5,4,2022-04-01
3660,930,Skyline Holdings,Professional,3,3,5,3,3,2020-12-25
3661,930,Skyline Holdings,Couple,4,2,3,4,4,2021-03-30
3662,930,Skyline Holdings,Family,4,2,4,3,3,2025-11-13
3663,930,Skyline Holdings,Single,4,1,4,3,4,2019-02-05
3664,931,Nova Estates,Couple,3,4,3,1,3,2022-09-18
3665,931,Nova Estates,Student,2,3,4,3,2,2018-12-01
3666,931,Nova Estates,Professional,3,1,3,4,4,2021-01-22
3667,931,Nova Estates,Single,2,3,3,3,2,2019-10-24
3668,932,MetroConstruct,Family,4,3,5,3,5,2018-08-11
3669,932,MetroConstruct,Couple,3,2,3,1,2,2017-12-28
3670,935,Nova Estates,Professional,5,2,4,4,5,2020-09-01
3671,935,Nova Estates,Student,5,2,4,3,5,2023-02-14
3672,935,Nova Estates,Student,4,3,4,3,3,2025-05-02
3673,935,Nova Estates,Professional,5,2,4,2,5,2023-08-15
3674,935,Nova Estates,Couple,4,3,3,3,4,2024-12-06
3675,935,Nova Estates,Family,5,2,3,5,5,2022-09-19
3676,938,EverHome,Couple,4,4,4,4,4,2018-02-21
3677,939,Nova Estates,Single,5,5,4,2,5,2021-05-13
3678,939,Nova Estates,Professional,5,4,3,3,5,2025-08-22
3679,939,Nova Estates,Single,5,3,4,4,5,2025-11-12
3680,939,Nova Estates,Retiree,4,2,4,4,5,2020-12-25
3681,939,Nova Estates,Retiree,4,3,4,5,4,2023-11-18
3682,939,Nova Estates,Couple,4,4,4,3,4,2025-02-13
3683,940,UrbanCore,Single,4,1,4,5,4,2018-03-11
3684,940,UrbanCore,Family,5,2,4,5,5,2022-05-20
3685,940,UrbanCore,Family,3,1,3,4,3,2020-10-13
3686,940,UrbanCore,Family,4,3,3,3,3,2018-09-12
3687,940,UrbanCore,Couple,4,4,4,5,4,2025-09-28
3688,941,Skyline Holdings,Retiree,5,4,3,2,3,2024-08-03
3689,941,Skyline Holdings,Family,4,4,5,3,3,2023-03-22
3690,941,Skyline Holdings,Single,4,4,5,4,5,2021-02-27
3691,942,UrbanCore,Couple,2,1,4,3,2,2024-10-16
3692,942,UrbanCore,Professional,3,3,5,3,3,2020-11-11
3693,942,UrbanCore,Single,2,4,5,3,2,2022-01-27
3694,942,UrbanCore,Family,2,5,5,4,3,2025-09-01
3695,942,UrbanCore,Single,4,2,3,2,5,2025-04-23
3696,943,Horizon Builders,Retiree,4,3,3,4,4,2020-03-25
3697,943,Horizon Builders,Retiree,5,4,3,3,5,2025-12-02
3698,944,MetroConstruct,Couple,4,2,4,3,5,2022-02-25
3699,944,MetroConstruct,Couple,3,4,5,3,2,2023-11-28
3700,944,MetroConstruct,Family,4,4,4,3,4,2025-07-01
3701,944,MetroConstruct,Family,3,4,3,2,4,2023-07-02
3702,944,MetroConstruct,Retiree,4,4,3,2,3,2020-03-12
3703,944,MetroConstruct,Family,3,3,3,3,3,2021-04-12
3704,944,MetroConstruct,Family,4,2,4,5,4,2022-08-26
3705,944,MetroConstruct,Couple,3,3,5,4,3,2025-09-17
3706,945,Skyline Holdings,Retiree,4,2,4,4,4,2024-10-07
3707,945,Skyline Holdings,Family,5,3,3,3,4,2018-11-26
3708,945,Skyline Holdings,Family,5,2,4,3,4,2020-02-22
3709,945,Skyline Holdings,Retiree,5,2,2,4,5,2019-07-26
3710,945,Skyline Holdings,Couple,5,5,5,5,5,2025-01-15
3711,945,Skyline Holdings,Family,4,4,3,1,4,2021-06-09
3712,947,Nova Estates,Couple,3,1,3,4,3,2024-09-22
3713,949,Stonegate,Couple,4,4,4,4,4,2019-11-12
3714,949,Stonegate,Couple,3,4,5,3,3,2021-11-28
3715,949,Stonegate,Single,4,4,4,4,3,2018-11-21
3716,949,Stonegate,Family,3,4,5,3,3,2018-11-10
3717,950,Horizon Builders,Couple,3,1,5,3,3,2018-03-23
3718,950,Horizon Builders,Single,2,1,4,4,2,2019-05-13
3719,950,Horizon Builders,Couple,4,2,4,3,4,2024-01-07
3720,950,Horizon Builders,Family,2,1,5,4,2,2018-01-30
3721,950,Horizon Builders,Professional,2,3,4,3,2,2019-05-17
3722,950,Horizon Builders,Couple,2,3,4,3,3,2020-12-12
3723,950,Horizon Builders,Single,2,2,4,4,1,2023-07-22
3724,951,Horizon Builders,Professional,3,3,4,4,3,2021-04-15
3725,951,Horizon Builders,Family,4,1,4,3,4,2024-11-29
3726,951,Horizon Builders,Family,4,4,4,3,4,2023-11-27
3727,951,Horizon Builders,Family,2,5,3,4,3,2023-11-25
3728,951,Horizon Builders,Retiree,2,2,3,3,3,2023-12-22
3729,951,Horizon Builders,Retiree,3,3,2,5,3,2021-05-18
3730,951,Horizon Builders,Family,2,1,5,4,3,2020-03-28
3731,951,Horizon Builders,Family,3,2,4,3,3,2023-04-05
3732,953,Nova Estates,Professional,3,4,3,4,3,2025-03-29
3733,953,Nova Estates,Single,2,5,5,4,1,2018-06-25
3734,954,EverHome,Family,5,1,4,4,5,2021-10-24
3735,954,EverHome,Professional,5,1,4,2,4,2018-12-09
3736,954,EverHome,Family,4,2,2,3,5,2024-12-19
3737,954,EverHome,Family,5,2,4,3,4,2022-08-16
3738,954,EverHome,Student,5,2,4,3,5,2025-03-17
3739,954,EverHome,Retiree,3,1,3,2,4,2022-05-30
3740,954,EverHome,Family,4,3,4,3,4,2024-07-18
3741,954,EverHome,Single,4,2,3,5,4,2019-01-21
3742,955,GreenBrick,Student,4,5,2,2,4,2021-02-01
3743,955,GreenBrick,Couple,4,3,3,4,5,2022-02-03
3744,956,GreenBrick,Couple,3,1,4,4,2,2023-03-25
3745,956,GreenBrick,Family,3,3,3,3,2,2021-10-15
3746,956,GreenBrick,Retiree,2,2,4,5,2,2020-04-29
3747,956,GreenBrick,Family,2,3,4,4,3,2020-07-09
3748,956,GreenBrick,Student,2,1,3,4,2,2024-02-07
3749,956,GreenBrick,Retiree,2,1,5,3,2,2021-03-17
3750,957,UrbanCore,Student,3,2,4,4,4,2018-12-06
3751,957,UrbanCore,Couple,3,4,1,4,5,2024-02-06
3752,957,UrbanCore,Couple,3,3,5,3,4,2019-04-22
3753,957,UrbanCore,Couple,3,4,4,5,3,2024-02-14
3754,957,UrbanCore,Family,1,1,3,4,1,2018-07-09
3755,958,Nova Estates,Professional,4,3,2,4,4,2020-10-12
3756,958,Nova Estates,Family,3,4,2,3,3,2025-08-16
3757,958,Nova Estates,Retiree,3,1,4,4,3,2025-02-25
3758,958,Nova Estates,Couple,5,4,3,5,4,2024-04-03
3759,958,Nova Estates,Professional,4,1,4,1,4,2018-12-27
3760,958,Nova Estates,Couple,4,4,5,4,4,2022-10-26
3761,958,Nova Estates,Single,4,2,5,2,4,2018-06-10
3762,959,Nova Estates,Retiree,2,3,5,3,1,2025-05-24
3763,959,Nova Estates,Family,2,3,3,4,3,2024-06-19
3764,959,Nova Estates,Couple,2,5,5,3,1,2022-02-12
3765,959,Nova Estates,Couple,3,4,4,4,3,2018-06-08
3766,959,Nova Estates,Retiree,1,4,3,2,2,2024-02-06
3767,959,Nova Estates,Single,2,3,4,3,3,2023-01-04
3768,960,Pioneer Homes,Family,2,2,4,4,2,2025-06-09
3769,961,Nova Estates,Couple,5,3,3,4,5,2025-05-23
3770,961,Nova Estates,Retiree,4,3,3,4,3,2023-06-07
3771,961,Nova Estates,Single,4,3,4,2,3,2025-11-10
3772,962,Horizon Builders,Family,2,3,3,2,2,2018-06-11
3773,962,Horizon Builders,Couple,3,5,4,3,2,2021-06-08
3774,962,Horizon Builders,Retiree,2,4,4,5,3,2021-01-27
3775,963,Skyline Holdings,Family,4,3,3,1,4,2021-04-24
3776,963,Skyline Holdings,Single,4,3,3,5,4,2020-01-13
3777,963,Skyline Holdings,Family,4,3,3,3,5,2024-07-23
3778,963,Skyline Holdings,Family,5,5,4,5,5,2021-08-22
3779,963,Skyline Holdings,Family,4,4,3,4,4,2024-01-01
3780,964,GreenBrick,Retiree,4,4,3,5,5,2025-03-23
3781,965,Skyline Holdings,Couple,4,2,3,3,3,2024-08-09
3782,965,Skyline Holdings,Couple,4,2,3,4,4,2025-06-10
3783,965,Skyline Holdings,Family,3,2,2,4,3,2019-05-10
3784,966,GreenBrick,Couple,2,2,3,3,1,2020-05-24
3785,966,GreenBrick,Couple,3,2,3,3,3,2022-10-19
3786,966,GreenBrick,Single,1,3,5,4,1,2021-06-23
3787,966,GreenBrick,Family,3,1,2,2,3,2020-03-04
3788,967,BlueRiver Dev,Professional,4,4,4,4,4,2024-09-09
3789,967,BlueRiver Dev,Family,5,4,4,4,5,2024-12-15
3790,967,BlueRiver Dev,Family,4,3,3,4,4,2025-09-19
3791,967,BlueRiver Dev,Family,5,5,4,4,3,2023-04-23
3792,967,BlueRiver Dev,Retiree,4,5,4,4,4,2023-11-11
3793,967,BlueRiver Dev,Couple,5,4,3,2,5,2021-12-07
3794,967,BlueRiver Dev,Couple,4,3,4,5,5,2025-05-18
3795,967,BlueRiver Dev,Single,5,4,5,4,5,2024-02-01
3796,968,Skyline Holdings,Couple,4,4,2,3,4,2019-09-10
3797,968,Skyline Holdings,Professional,4,5,2,5,3,2024-08-17
3798,968,Skyline Holdings,Professional,4,5,5,4,4,2019-09-20
3799,968,Skyline Holdings,Retiree,4,5,4,3,4,2018-06-13
3800,968,Skyline Holdings,Couple,5,2,4,3,5,2021-05-17
3801,968,Skyline Holdings,Retiree,4,4,4,3,4,2022-04-24
3802,969,UrbanCore,Retiree,4,4,4,3,3,2018-04-22
3803,969,UrbanCore,Student,4,3,3,3,4,2022-11-28
3804,969,UrbanCore,Couple,5,4,2,4,5,2020-03-04
3805,969,UrbanCore,Family,5,2,4,3,5,2022-02-03
3806,969,UrbanCore,Family,4,1,4,4,4,2024-05-05
3807,969,UrbanCore,Single,5,2,4,5,5,2022-06-15
3808,969,UrbanCore,Student,3,3,3,4,2,2025-06-27
3809,970,Sunrise Group,Family,4,3,1,4,3,2021-07-26
3810,970,Sunrise Group,Family,4,4,2,3,5,2022-11-19
3811,970,Sunrise Group,Couple,4,3,5,2,4,2018-05-29
3812,970,Sunrise Group,Family,4,3,2,1,3,2021-07-15
3813,970,Sunrise Group,Couple,4,3,5,3,5,2021-07-29
3814,970,Sunrise Group,Family,4,3,3,5,5,2020-05-17
3815,970,Sunrise Group,Family,4,3,4,4,4,2021-05-18
3816,970,Sunrise Group,Professional,4,5,2,4,3,2018-01-10
3817,971,BlueRiver Dev,Family,5,3,3,4,5,2025-06-07
3818,971,BlueRiver Dev,Student,5,3,3,3,5,2021-05-15
3819,971,BlueRiver Dev,Professional,5,3,3,3,3,2021-01-23
3820,971,BlueRiver Dev,Couple,4,4,4,4,5,2025-06-22
3821,971,BlueRiver Dev,Single,5,5,4,3,5,2019-04-09
3822,971,BlueRiver Dev,Professional,4,3,3,2,3,2022-08-09
3823,971,BlueRiver Dev,Couple,5,1,5,5,5,2025-03-15
3824,971,BlueRiver Dev,Family,4,3,3,5,4,2025-11-02
3825,972,Luna Developments,Retiree,3,2,4,4,2,2024-06-23
3826,972,Luna Developments,Single,5,2,3,4,4,2021-06-17
3827,974,Skyline Holdings,Professional,5,4,4,2,5,2019-11-22
3828,974,Skyline Holdings,Couple,4,2,4,3,4,2021-05-01
3829,974,Skyline Holdings,Professional,4,2,4,3,4,2022-10-09
3830,974,Skyline Holdings,Professional,4,4,2,4,4,2024-04-17
3831,974,Skyline Holdings,Couple,2,2,3,4,1,2025-11-01
3832,975,Nova Estates,Student,3,2,4,4,3,2023-06-01
3833,975,Nova Estates,Student,4,1,4,3,5,2021-02-05
3834,975,Nova Estates,Couple,5,2,5,4,5,2022-08-24
3835,975,Nova Estates,Student,5,3,2,5,5,2023-04-17
3836,975,Nova Estates,Couple,4,3,4,3,5,2020-06-11
3837,975,Nova Estates,Single,5,2,4,3,5,2020-09-26
3838,975,Nova Estates,Single,4,3,3,4,5,2025-12-04
3839,975,Nova Estates,Family,5,4,4,5,5,2018-09-29
3840,976,Skyline Holdings,Couple,3,4,4,4,4,2020-03-24
3841,976,Skyline Holdings,Family,4,5,5,2,4,2021-12-21
3842,976,Skyline Holdings,Couple,3,2,4,3,3,2022-05-28
3843,976,Skyline Holdings,Couple,3,4,4,2,4,2025-05-29
3844,976,Skyline Holdings,Single,5,5,4,3,5,2021-06-29
3845,976,Skyline Holdings,Family,3,2,3,3,4,2023-10-22
3846,976,Skyline Holdings,Couple,3,4,4,5,3,2021-09-29
3847,977,Horizon Builders,Single,3,3,3,4,3,2023-11-20
3848,978,Nova Estates,Family,4,4,2,3,4,2024-04-05
3849,978,Nova Estates,Family,4,2,2,4,3,2019-05-10
3850,978,Nova Estates,Professional,4,5,5,4,4,2023-06-18
3851,979,Sunrise Group,Family,4,1,2,3,4,2018-09-02
3852,980,Horizon Builders,Professional,3,2,2,5,4,2022-03-17
3853,980,Horizon Builders,Student,3,2,2,4,2,2023-09-30
3854,980,Horizon Builders,Family,4,2,3,2,4,2020-05-25
3855,980,Horizon Builders,Family,3,1,4,1,4,2022-11-29
3856,980,Horizon Builders,Retiree,4,2,3,2,5,2022-09-04
3857,980,Horizon Builders,Couple,3,1,5,3,4,2024-05-02
3858,980,Horizon Builders,Single,4,3,4,4,4,2025-07-07
3859,981,GreenBrick,Family,5,3,5,5,5,2022-08-19
3860,981,GreenBrick,Couple,4,3,3,3,5,2025-11-27
3861,981,GreenBrick,Family,4,3,3,5,4,2019-12-08
3862,981,GreenBrick,Family,4,2,3,4,4,2020-07-25
3863,981,GreenBrick,Family,5,4,3,3,5,2023-10-27
3864,982,Oakfield Ltd,Couple,4,4,3,2,4,2021-03-29
3865,983,Nova Estates,Couple,4,4,4,3,4,2021-02-16
3866,983,Nova Estates,Family,3,4,2,3,4,2024-06-02
3867,983,Nova Estates,Couple,4,4,4,4,4,2020-05-21
3868,983,Nova Estates,Family,3,2,4,5,4,2023-03-24
3869,983,Nova Estates,Professional,5,3,4,4,5,2018-09-16
3870,983,Nova Estates,Single,1,3,5,5,1,2024-08-02
3871,983,Nova Estates,Professional,3,3,3,4,2,2022-09-03
3872,983,Nova Estates,Student,3,2,3,3,3,2023-09-26
3873,984,Nova Estates,Single,3,1,4,4,3,2019-09-03
3874,984,Nova Estates,Retiree,2,1,4,3,1,2023-06-24
3875,985,Pioneer Homes,Family,3,4,4,3,4,2024-04-29
3876,985,Pioneer Homes,Couple,3,3,3,3,3,2021-06-05
3877,985,Pioneer Homes,Family,3,2,5,4,3,2022-11-22
3878,985,Pioneer Homes,Student,4,4,4,3,4,2023-02-21
3879,985,Pioneer Homes,Student,3,4,4,2,4,2024-03-20
3880,985,Pioneer Homes,Couple,4,3,3,3,4,2020-09-24
3881,985,Pioneer Homes,Single,3,3,4,3,3,2019-06-12
3882,986,Sunrise Group,Family,4,1,3,3,4,2025-05-25
3883,986,Sunrise Group,Single,4,2,3,5,4,2025-10-16
3884,986,Sunrise Group,Professional,5,3,5,4,5,2022-05-15
3885,986,Sunrise Group,Family,4,4,4,4,4,2025-02-14
3886,988,Sunrise Group,Single,4,2,3,5,4,2022-08-27
3887,988,Sunrise Group,Single,3,3,4,4,2,2025-11-20
3888,989,Skyline Holdings,Professional,2,4,4,5,1,2024-04-25
3889,989,Skyline Holdings,Family,3,3,4,3,3,2019-01-14
3890,990,Oakfield Ltd,Professional,3,1,4,2,3,2021-04-05
3891,990,Oakfield Ltd,Student,3,3,4,3,2,2021-08-02
3892,990,Oakfield Ltd,Couple,3,1,5,3,3,2024-10-15
3893,990,Oakfield Ltd,Family,4,1,4,2,4,2019-01-11
3894,991,Oakfield Ltd,Single,2,2,2,2,3,2021-12-21
3895,991,Oakfield Ltd,Professional,3,3,5,3,3,2020-07-16
3896,991,Oakfield Ltd,Retiree,2,3,4,3,2,2021-08-20
3897,991,Oakfield Ltd,Retiree,3,3,4,3,3,2020-09-28
3898,992,BlueRiver Dev,Family,4,4,2,3,3,2024-10-15
3899,992,BlueRiver Dev,Student,5,3,3,2,5,2018-12-12
3900,993,Skyline Holdings,Family,3,2,5,4,3,2025-06-02
3901,993,Skyline Holdings,Single,3,5,4,3,2,2023-03-19
3902,993,Skyline Holdings,Family,2,3,4,3,2,2024-10-20
3903,994,Horizon Builders,Student,5,2,4,2,5,2025-12-02
3904,994,Horizon Builders,Retiree,4,2,1,4,4,2019-12-19
3905,994,Horizon Builders,Family,5,1,5,3,5,2023-07-20
3906,994,Horizon Builders,Couple,4,2,4,3,5,2021-12-13
3907,994,Horizon Builders,Professional,4,1,2,3,4,2019-06-17
3908,994,Horizon Builders,Retiree,4,1,2,3,5,2025-06-24
3909,994,Horizon Builders,Student,4,1,2,2,2,2025-11-25
3910,995,GreenBrick,Single,4,3,2,4,4,2019-02-26
3911,995,GreenBrick,Retiree,4,3,3,3,4,2023-03-15
3912,995,GreenBrick,Retiree,4,4,5,3,4,2024-09-14
3913,995,GreenBrick,Couple,5,3,3,5,5,2018-08-16
3914,995,GreenBrick,Couple,5,3,5,5,5,2023-11-24
3915,996,Nova Estates,Student,4,4,2,3,4,2019-10-29
3916,996,Nova Estates,Family,4,3,4,2,4,2024-07-07
3917,996,Nova Estates,Family,4,2,5,5,5,2024-09-26
3918,996,Nova Estates,Family,4,4,2,4,4,2019-05-15
3919,996,Nova Estates,Couple,4,5,3,3,4,2020-11-01
3920,996,Nova Estates,Family,4,4,3,2,4,2019-02-13
3921,996,Nova Estates,Family,5,5,4,4,5,2023-03-14
3922,997,EverHome,Family,2,2,5,1,2,2021-02-19
3923,997,EverHome,Single,3,2,3,3,2,2019-05-13
3924,997,EverHome,Family,3,4,4,4,3,2018-04-02
3925,997,EverHome,Student,3,4,2,3,3,2022-11-16
3926,997,EverHome,Retiree,2,2,2,2,1,2018-07-12
3927,997,EverHome,Family,3,4,4,4,3,2020-01-17
3928,998,Nova Estates,Retiree,2,2,5,2,2,2025-02-02
3929,999,Luna Developments,Student,1,5,3,4,2,2018-09-20
3930,999,Luna Developments,Single,2,2,2,3,1,2022-01-16
3931,999,Luna Developments,Professional,2,3,4,3,2,2020-05-07
3932,999,Luna Developments,Student,2,3,5,2,2,2021-02-02
3933,999,Luna Developments,Family,1,2,4,4,1,2018-07-22
3934,999,Luna Developments,Single,3,4,4,4,2,2025-06-21
3935,999,Luna Developments,Professional,2,1,4,4,3,2018-10-18
3936,999,Luna Developments,Single,2,1,3,3,2,2024-10-15
3937,1000,Sunrise Group,Couple,2,1,5,2,2,2019-08-24
3938,1000,Sunrise Group,Student,2,1,5,4,1,2021-11-09
3939,1001,Nova Estates,Professional,3,5,3,5,4,2025-03-28
3940,1003,Stonegate,Couple,3,3,2,4,3,2020-09-23
3941,1003,Stonegate,Retiree,3,2,4,3,3,2019-02-01
3942,1003,Stonegate,Couple,5,1,3,3,4,2022-06-08
3943,1003,Stonegate,Couple,3,5,3,3,3,2024-11-08
3944,1003,Stonegate,Family,3,3,4,4,3,2023-02-17
3945,1003,Stonegate,Professional,3,3,4,2,3,2023-01-08
3946,1005,Oakfield Ltd,Couple,4,2,3,3,4,2022-07-17
3947,1006,Horizon Builders,Family,2,3,3,3,2,2021-12-19
3948,1006,Horizon Builders,Couple,3,3,3,4,3,2024-07-10
3949,1006,Horizon Builders,Family,3,1,4,4,2,2024-01-13
3950,1007,BlueRiver Dev,Family,5,5,3,3,4,2020-10-17
3951,1008,MetroConstruct,Single,5,1,5,4,5,2020-11-18
3952,1008,MetroConstruct,Family,5,2,3,4,4,2024-03-16
3953,1008,MetroConstruct,Single,4,3,3,4,5,2023-07-17
3954,1008,MetroConstruct,Retiree,4,3,4,3,4,2018-12-17
3955,1008,MetroConstruct,Couple,3,2,3,2,3,2022-06-30
3956,1008,MetroConstruct,Couple,5,3,5,1,5,2022-10-11
3957,1008,MetroConstruct,Couple,4,4,4,4,4,2021-08-23
3958,1008,MetroConstruct,Retiree,4,2,2,2,3,2023-01-20
3959,1009,Skyline Holdings,Professional,3,2,5,4,3,2024-02-04
3960,1009,Skyline Holdings,Couple,4,1,4,3,3,2025-10-16
3961,1009,Skyline Holdings,Single,4,3,3,5,4,2024-06-06
3962,1010,Sunrise Group,Family,3,2,1,2,3,2019-10-03
3963,1010,Sunrise Group,Student,3,2,3,4,3,2022-07-09
3964,1010,Sunrise Group,Single,4,3,4,2,5,2021-08-13
3965,1011,Skyline Holdings,Student,5,1,3,4,4,2023-08-15
3966,1011,Skyline Holdings,Family,5,2,3,3,5,2018-02-28
3967,1011,Skyline Holdings,Single,4,3,3,4,4,2018-09-16
3968,1011,Skyline Holdings,Couple,4,2,3,4,4,2024-08-16
3969,1011,Skyline Holdings,Couple,3,4,3,2,3,2018-08-13
3970,1012,Atlas Properties,Family,3,2,4,4,3,2020-10-05
3971,1012,Atlas Properties,Single,4,1,2,4,4,2022-12-17
3972,1014,Nova Estates,Professional,2,3,5,3,2,2022-10-24
3973,1014,Nova Estates,Couple,3,1,1,3,4,2019-04-22
3974,1014,Nova Estates,Family,2,5,4,4,3,2020-07-19
3975,1014,Nova Estates,Couple,4,3,4,4,4,2024-04-27
3976,1014,Nova Estates,Professional,3,2,4,3,2,2018-09-03
3977,1015,BlueRiver Dev,Family,3,3,3,4,3,2020-11-14
3978,1015,BlueRiver Dev,Family,5,3,3,4,4,2020-07-22
3979,1015,BlueRiver Dev,Single,3,1,4,3,3,2025-05-09
3980,1015,BlueRiver Dev,Retiree,3,2,3,1,3,2019-02-02
3981,1016,EverHome,Professional,4,1,3,3,5,2021-11-15
3982,1016,EverHome,Couple,2,1,4,4,1,2024-03-01
3983,1016,EverHome,Couple,3,4,3,5,3,2022-01-24
3984,1016,EverHome,Family,4,3,4,3,4,2018-02-05
3985,1016,EverHome,Professional,4,1,2,1,4,2025-10-22
3986,1016,EverHome,Student,4,3,3,4,3,2018-07-18
3987,1016,EverHome,Family,5,2,3,2,5,2018-04-14
3988,1016,EverHome,Student,5,4,4,1,5,2024-09-05
3989,1017,Nova Estates,Couple,5,2,5,5,4,2022-08-16
3990,1017,Nova Estates,Couple,3,3,4,3,3,2018-08-19
3991,1017,Nova Estates,Couple,4,3,3,3,4,2020-09-03
3992,1017,Nova Estates,Student,4,1,2,4,4,2023-10-07
3993,1017,Nova Estates,Retiree,3,1,5,3,3,2020-06-17
3994,1017,Nova Estates,Couple,5,3,3,3,4,2019-06-16
3995,1018,UrbanCore,Student,5,4,5,1,5,2022-10-05
3996,1018,UrbanCore,Professional,5,2,1,4,5,2023-06-01
3997,1018,UrbanCore,Retiree,4,3,4,4,5,2022-07-12
3998,1018,UrbanCore,Professional,4,2,1,2,4,2021-08-22
3999,1018,UrbanCore,Couple,4,1,3,5,4,2022-02-28
4000,1018,UrbanCore,Professional,3,2,4,1,3,2023-02-23
4001,1018,UrbanCore,Family,3,4,3,4,3,2018-12-15
4002,1018,UrbanCore,Family,5,2,3,5,5,2024-07-25
4003,1019,EverHome,Couple,3,4,3,2,3,2021-09-12
4004,1019,EverHome,Couple,2,2,3,3,1,2020-05-24
4005,1019,EverHome,Single,3,3,3,4,4,2023-08-03
4006,1019,EverHome,Student,2,5,2,2,1,2018-12-15
4007,1019,EverHome,Single,3,2,4,2,2,2023-11-21
4008,1020,Nova Estates,Couple,4,4,2,1,3,2021-01-10
4009,1022,Skyline Holdings,Single,4,3,3,4,3,2019-06-11
4010,1022,Skyline Holdings,Student,5,4,3,4,5,2018-05-20
4011,1022,Skyline Holdings,Single,5,5,4,4,5,2022-07-25
4012,1022,Skyline Holdings,Family,4,2,3,4,5,2023-10-04
4013,1022,Skyline Holdings,Single,3,4,2,3,4,2020-08-18
4014,1023,EverHome,Couple,4,4,3,4,4,2019-05-15
4015,1023,EverHome,Family,5,4,3,5,5,2024-04-24
4016,1025,Luna Developments,Single,4,4,4,4,3,2024-05-18
4017,1025,Luna Developments,Professional,3,4,5,3,3,2025-08-19
4018,1025,Luna Developments,Couple,2,4,5,4,3,2025-04-02
4019,1025,Luna Developments,Couple,4,2,2,4,4,2025-04-12
4020,1025,Luna Developments,Retiree,3,5,5,5,4,2023-01-15
4021,1026,Sunrise Group,Retiree,4,1,3,5,3,2023-12-09
4022,1026,Sunrise Group,Family,3,2,3,4,3,2018-06-07
4023,1026,Sunrise Group,Student,3,4,4,3,4,2018-02-23
4024,1026,Sunrise Group,Family,4,2,3,3,4,2023-10-02
4025,1026,Sunrise Group,Student,3,4,4,3,2,2024-08-07
4026,1026,Sunrise Group,Family,2,3,3,1,3,2023-05-08
4027,1026,Sunrise Group,Single,3,2,2,4,3,2024-10-29
4028,1026,Sunrise Group,Family,4,2,3,5,5,2020-06-09
4029,1028,MetroConstruct,Professional,4,1,4,2,3,2024-03-24
4030,1028,MetroConstruct,Student,3,1,4,3,3,2018-01-08
4031,1028,MetroConstruct,Family,3,1,3,2,4,2025-03-15
4032,1028,MetroConstruct,Single,3,1,4,2,3,2019-05-29
4033,1028,MetroConstruct,Single,3,1,5,3,3,2023-10-14
4034,1028,MetroConstruct,Professional,2,3,4,3,2,2022-08-09
4035,1028,MetroConstruct,Couple,3,1,5,5,3,2020-01-13
4036,1028,MetroConstruct,Couple,3,3,5,4,4,2021-10-08
4037,1029,Skyline Holdings,Family,3,2,3,3,4,2018-03-31
4038,1029,Skyline Holdings,Family,3,3,4,5,3,2019-10-09
4039,1029,Skyline Holdings,Couple,2,3,5,3,1,2020-02-16
4040,1029,Skyline Holdings,Family,3,1,3,4,3,2023-01-14
4041,1029,Skyline Holdings,Single,3,2,3,4,4,2023-09-16
4042,1030,MetroConstruct,Family,2,3,4,4,2,2020-11-18
4043,1030,MetroConstruct,Family,2,3,1,3,2,2022-12-23
4044,1030,MetroConstruct,Family,3,4,5,4,4,2018-07-24
4045,1030,MetroConstruct,Family,2,3,4,5,1,2023-05-09
4046,1030,MetroConstruct,Single,2,2,3,4,2,2025-06-29
4047,1032,Horizon Builders,Couple,3,3,5,3,3,2022-03-23
4048,1033,Skyline Holdings,Student,4,2,3,3,4,2019-11-13
4049,1033,Skyline Holdings,Couple,3,3,5,5,2,2024-07-05
4050,1033,Skyline Holdings,Professional,3,2,4,4,3,2020-02-10
4051,1033,Skyline Holdings,Couple,4,5,3,4,4,2019-09-25
4052,1033,Skyline Holdings,Student,4,4,3,4,3,2018-04-25
4053,1033,Skyline Holdings,Professional,4,3,5,1,3,2023-05-24
4054,1034,Nova Estates,Retiree,3,2,4,3,3,2023-03-30
4055,1034,Nova Estates,Retiree,5,4,4,5,5,2022-05-29
4056,1034,Nova Estates,Family,4,2,4,3,3,2025-08-29
4057,1035,Nova Estates,Single,3,5,3,3,3,2021-11-26
4058,1035,Nova Estates,Single,4,2,2,2,5,2021-04-24
4059,1035,Nova Estates,Student,4,4,5,4,5,2020-12-01
4060,1035,Nova Estates,Family,4,2,2,4,3,2022-07-01
4061,1035,Nova Estates,Single,4,2,3,4,5,2021-09-07
4062,1035,Nova Estates,Couple,4,2,5,3,4,2020-12-04
4063,1035,Nova Estates,Family,4,3,2,4,4,2019-07-14
4064,1035,Nova Estates,Professional,4,3,5,3,4,2022-10-04
4065,1036,BlueRiver Dev,Couple,3,3,5,3,3,2020-11-29
4066,1036,BlueRiver Dev,Single,2,3,2,3,3,2022-12-08
4067,1036,BlueRiver Dev,Couple,3,4,3,4,3,2024-11-23
4068,1036,BlueRiver Dev,Single,2,2,2,4,2,2024-05-26
4069,1037,GreenBrick,Couple,2,2,1,3,3,2025-08-07
4070,1037,GreenBrick,Couple,2,4,3,3,3,2018-09-03
4071,1037,GreenBrick,Single,2,2,3,4,2,2022-03-31
4072,1037,GreenBrick,Professional,1,2,3,3,1,2025-10-12
4073,1037,GreenBrick,Family,4,2,3,3,3,2023-11-09
4074,1037,GreenBrick,Single,5,4,3,4,4,2024-12-13
4075,1037,GreenBrick,Single,2,4,4,2,1,2023-07-01
4076,1037,GreenBrick,Family,3,4,3,2,3,2018-11-08
4077,1038,Pioneer Homes,Student,4,3,3,4,3,2021-06-19
4078,1038,Pioneer Homes,Family,5,4,2,3,5,2022-12-06
4079,1038,Pioneer Homes,Family,4,3,4,4,4,2021-05-26
4080,1038,Pioneer Homes,Student,5,3,4,3,4,2023-05-28
4081,1038,Pioneer Homes,Student,5,3,3,3,4,2018-03-05
4082,1038,Pioneer Homes,Single,5,1,3,5,5,2022-08-07
4083,1039,Nova Estates,Retiree,2,2,5,4,3,2018-07-30
4084,1039,Nova Estates,Single,2,2,5,2,2,2023-06-26
4085,1039,Nova Estates,Family,2,3,3,4,2,2023-08-10
4086,1039,Nova Estates,Family,2,2,3,3,2,2017-12-30
4087,1040,Skyline Holdings,Family,4,4,2,2,5,2022-10-09
4088,1040,Skyline Holdings,Family,3,2,2,4,3,2024-07-17
4089,1040,Skyline Holdings,Student,4,2,3,4,4,2019-07-27
4090,1040,Skyline Holdings,Family,3,2,3,4,3,2020-12-23
4091,1040,Skyline Holdings,Professional,3,2,5,4,2,2025-12-03
4092,1041,UrbanCore,Family,3,5,4,2,3,2023-08-10
4093,1041,UrbanCore,Professional,3,5,5,4,2,2019-09-06
4094,1041,UrbanCore,Single,4,2,3,4,3,2024-10-12
4095,1041,UrbanCore,Family,3,2,1,5,4,2023-01-22
4096,1041,UrbanCore,Family,2,4,3,4,2,2025-12-16
4097,1041,UrbanCore,Family,3,3,3,3,3,2024-08-22
4098,1041,UrbanCore,Professional,2,3,2,5,1,2023-08-22
4099,1041,UrbanCore,Couple,3,2,4,2,5,2024-07-13
4100,1042,Oakfield Ltd,Professional,3,1,4,4,3,2024-01-31
4101,1042,Oakfield Ltd,Single,2,3,5,4,2,2022-08-24
4102,1044,Horizon Builders,Professional,4,2,2,1,4,2021-12-05
4103,1044,Horizon Builders,Family,2,3,3,5,2,2025-03-17
4104,1044,Horizon Builders,Couple,2,2,4,4,3,2019-02-06
4105,1044,Horizon Builders,Retiree,2,2,4,4,3,2020-04-14
4106,1044,Horizon Builders,Single,3,2,2,5,3,2024-04-23
4107,1044,Horizon Builders,Family,2,3,3,3,2,2025-09-24
4108,1044,Horizon Builders,Retiree,2,2,3,4,3,2022-01-22
4109,1045,Stonegate,Family,1,4,5,2,1,2022-12-12
4110,1045,Stonegate,Professional,3,2,3,4,2,2020-02-01
4111,1046,Horizon Builders,Professional,5,3,3,2,4,2025-05-01
4112,1046,Horizon Builders,Single,4,3,3,3,3,2024-04-13
4113,1046,Horizon Builders,Retiree,5,4,3,5,5,2018-01-09
4114,1046,Horizon Builders,Couple,4,1,5,3,4,2020-02-25
4115,1046,Horizon Builders,Family,3,2,3,4,3,2021-01-13
4116,1047,Skyline Holdings,Student,3,3,5,3,2,2021-01-30
4117,1047,Skyline Holdings,Couple,2,2,5,4,2,2024-06-05
4118,1047,Skyline Holdings,Professional,3,3,3,3,4,2019-05-02
4119,1047,Skyline Holdings,Retiree,4,2,3,5,5,2018-05-31
4120,1047,Skyline Holdings,Family,2,3,3,5,2,2019-09-12
4121,1047,Skyline Holdings,Single,1,4,2,4,2,2019-02-04
4122,1047,Skyline Holdings,Professional,2,5,4,1,3,2018-07-14
4123,1048,Nova Estates,Family,3,5,3,4,3,2023-05-06
4124,1048,Nova Estates,Couple,3,3,3,4,3,2021-12-23
4125,1048,Nova Estates,Couple,4,3,3,5,4,2021-09-24
4126,1049,Stonegate,Student,4,3,3,4,4,2022-11-06
4127,1049,Stonegate,Couple,5,3,5,5,5,2024-02-23
4128,1050,Nova Estates,Family,2,3,2,3,2,2018-11-22
4129,1051,Stonegate,Retiree,3,2,4,4,3,2023-03-09
4130,1051,Stonegate,Couple,4,3,2,5,4,2021-01-07
4131,1051,Stonegate,Professional,4,3,3,4,4,2019-02-25
4132,1051,Stonegate,Couple,5,3,3,2,5,2024-11-02
4133,1051,Stonegate,Professional,5,2,3,4,5,2021-06-14
4134,1051,Stonegate,Student,5,3,3,3,4,2018-01-06
4135,1051,Stonegate,Professional,4,4,5,4,4,2025-10-22
4136,1053,Luna Developments,Professional,3,4,2,4,2,2025-03-09
4137,1054,Oakfield Ltd,Student,5,1,4,4,5,2018-05-17
4138,1054,Oakfield Ltd,Professional,4,2,5,2,4,2021-08-06
4139,1055,Atlas Properties,Couple,3,2,4,4,3,2024-06-13
4140,1055,Atlas Properties,Family,3,4,4,3,3,2018-02-01
4141,1057,Pioneer Homes,Family,5,3,3,4,5,2018-10-28
4142,1057,Pioneer Homes,Couple,4,2,4,5,4,2018-09-29
4143,1057,Pioneer Homes,Couple,3,2,4,4,3,2021-05-28
4144,1058,GreenBrick,Professional,3,1,3,4,3,2018-11-26
4145,1058,GreenBrick,Professional,1,3,2,4,1,2018-08-17
4146,1058,GreenBrick,Family,2,1,3,4,3,2023-07-29
4147,1058,GreenBrick,Single,3,2,4,5,2,2018-08-26
4148,1058,GreenBrick,Couple,3,3,5,3,3,2020-09-13
4149,1059,Sunrise Group,Family,3,1,3,5,4,2025-11-05
4150,1059,Sunrise Group,Couple,4,4,2,3,4,2023-11-04
4151,1059,Sunrise Group,Single,3,2,3,3,4,2024-05-01
4152,1059,Sunrise Group,Student,4,3,4,5,3,2019-09-18
4153,1059,Sunrise Group,Couple,4,3,4,4,3,2020-12-06
4154,1059,Sunrise Group,Couple,3,1,4,4,2,2024-12-23
4155,1059,Sunrise Group,Couple,4,1,2,4,4,2019-02-12
4156,1061,Stonegate,Single,4,4,2,3,3,2024-06-17
4157,1061,Stonegate,Couple,5,3,2,4,5,2021-09-15
4158,1062,Atlas Properties,Single,3,2,3,5,3,2018-07-24
4159,1062,Atlas Properties,Retiree,4,2,3,2,4,2020-03-24
4160,1062,Atlas Properties,Couple,2,4,3,4,2,2019-10-22
4161,1062,Atlas Properties,Couple,3,3,5,3,4,2018-06-13
4162,1063,Pioneer Homes,Single,3,3,3,3,3,2018-06-30
4163,1063,Pioneer Homes,Family,2,4,3,3,1,2020-12-22
4164,1063,Pioneer Homes,Single,2,3,3,2,3,2025-08-26
4165,1063,Pioneer Homes,Retiree,3,2,5,4,3,2018-03-09
4166,1063,Pioneer Homes,Family,3,4,3,5,3,2019-04-20
4167,1063,Pioneer Homes,Single,2,3,5,2,2,2018-06-20
4168,1064,GreenBrick,Couple,3,4,5,1,3,2024-09-17
4169,1064,GreenBrick,Family,1,3,4,5,1,2025-06-01
4170,1064,GreenBrick,Single,2,3,4,2,1,2024-01-29
4171,1064,GreenBrick,Couple,2,2,4,5,1,2019-06-14
4172,1064,GreenBrick,Family,3,2,4,4,4,2020-10-25
4173,1064,GreenBrick,Retiree,4,2,4,3,3,2025-05-08
4174,1064,GreenBrick,Single,2,2,5,2,2,2022-01-12
4175,1065,Sunrise Group,Professional,5,3,4,3,5,2024-06-06
4176,1065,Sunrise Group,Professional,3,1,3,3,4,2021-08-12
4177,1065,Sunrise Group,Family,5,1,4,5,5,2019-06-03
4178,1065,Sunrise Group,Family,3,2,2,3,4,2020-02-14
4179,1066,Pioneer Homes,Student,3,3,4,3,2,2025-10-09
4180,1066,Pioneer Homes,Retiree,4,3,4,4,3,2025-01-25
4181,1066,Pioneer Homes,Single,1,3,3,4,1,2020-11-22
4182,1067,Skyline Holdings,Professional,5,2,4,4,5,2025-02-17
4183,1067,Skyline Holdings,Couple,5,3,2,4,5,2023-09-16
4184,1067,Skyline Holdings,Couple,4,1,2,4,4,2018-08-20
4185,1067,Skyline Holdings,Family,5,3,4,3,4,2018-08-06
4186,1067,Skyline Holdings,Couple,3,2,2,3,2,2025-06-26
4187,1068,Nova Estates,Family,3,5,3,4,4,2021-12-21
4188,1069,GreenBrick,Family,3,3,3,5,4,2023-01-01
4189,1070,Skyline Holdings,Couple,3,4,3,4,3,2020-07-13
4190,1070,Skyline Holdings,Family,3,2,4,4,3,2021-04-10
4191,1070,Skyline Holdings,Retiree,3,3,3,3,3,2023-11-23
4192,1070,Skyline Holdings,Professional,4,4,4,2,4,2018-07-28
4193,1070,Skyline Holdings,Couple,5,4,4,3,5,2022-01-13
4194,1070,Skyline Holdings,Professional,5,4,3,4,5,2022-02-09
4195,1071,Skyline Holdings,Single,3,3,5,3,3,2019-02-11
4196,1072,Skyline Holdings,Family,3,3,4,4,4,2025-12-17
4197,1072,Skyline Holdings,Family,3,2,3,5,3,2023-11-19
4198,1073,Nova Estates,Professional,3,1,3,3,3,2024-04-02
4199,1073,Nova Estates,Single,4,1,2,4,4,2022-01-07
4200,1073,Nova Estates,Single,2,2,2,3,1,2022-06-22
4201,1073,Nova Estates,Family,2,1,4,3,2,2025-09-15
4202,1074,Nova Estates,Professional,2,3,4,3,3,2023-11-29
4203,1074,Nova Estates,Retiree,4,3,5,2,4,2021-02-25
4204,1074,Nova Estates,Couple,3,4,3,3,3,2025-12-03
4205,1074,Nova Estates,Couple,3,3,5,5,3,2021-03-08
4206,1074,Nova Estates,Single,3,2,3,2,3,2022-03-25
4207,1074,Nova Estates,Student,4,2,3,3,5,2021-09-12
4208,1074,Nova Estates,Retiree,4,2,5,3,3,2023-06-04
4209,1074,Nova Estates,Family,2,3,4,3,2,2020-02-20
4210,1075,Atlas Properties,Professional,5,3,3,2,5,2025-03-23
4211,1075,Atlas Properties,Professional,4,1,3,4,3,2023-12-08
4212,1076,Sunrise Group,Retiree,5,3,3,3,5,2023-09-26
4213,1076,Sunrise Group,Couple,3,1,3,4,3,2025-08-12
4214,1076,Sunrise Group,Family,3,2,5,3,2,2020-06-29
4215,1077,GreenBrick,Professional,5,2,4,4,5,2021-07-18
4216,1077,GreenBrick,Professional,5,2,3,5,5,2025-03-15
4217,1077,GreenBrick,Family,4,2,3,4,4,2020-12-24
4218,1077,GreenBrick,Retiree,3,2,3,3,3,2023-06-16
4219,1078,BlueRiver Dev,Family,5,1,5,4,5,2020-06-08
4220,1078,BlueRiver Dev,Family,5,3,1,3,5,2025-05-20
4221,1078,BlueRiver Dev,Professional,3,3,3,4,3,2020-07-05
4222,1078,BlueRiver Dev,Family,4,3,4,3,3,2021-12-04
4223,1078,BlueRiver Dev,Retiree,5,1,3,4,5,2020-01-24
4224,1078,BlueRiver Dev,Retiree,5,2,4,4,5,2018-10-12
4225,1078,BlueRiver Dev,Couple,4,2,3,5,4,2025-02-08
4226,1078,BlueRiver Dev,Couple,4,1,4,3,4,2024-11-22
4227,1079,Skyline Holdings,Student,2,2,3,4,2,2018-04-14
4228,1079,Skyline Holdings,Single,3,1,5,4,3,2020-08-02
4229,1079,Skyline Holdings,Single,3,2,3,3,3,2020-10-17
4230,1079,Skyline Holdings,Single,3,3,4,4,4,2019-12-23
4231,1081,Oakfield Ltd,Single,5,3,4,3,5,2024-08-23
4232,1081,Oakfield Ltd,Professional,3,5,4,2,3,2021-06-08
4233,1081,Oakfield Ltd,Couple,4,5,3,4,4,2020-04-15
4234,1081,Oakfield Ltd,Professional,5,4,3,2,5,2018-10-02
4235,1081,Oakfield Ltd,Single,4,4,4,3,4,2023-07-17
4236,1081,Oakfield Ltd,Student,3,4,3,4,2,2024-09-24
4237,1081,Oakfield Ltd,Couple,5,3,4,4,4,2021-11-11
4238,1082,Nova Estates,Couple,4,4,4,2,4,2020-01-27
4239,1082,Nova Estates,Single,3,3,3,2,3,2020-09-12
4240,1082,Nova Estates,Couple,2,3,3,5,2,2024-11-20
4241,1082,Nova Estates,Single,3,3,2,2,3,2019-01-15
4242,1082,Nova Estates,Professional,3,3,4,4,4,2021-11-17
4243,1083,GreenBrick,Retiree,3,5,5,4,3,2019-07-30
4244,1083,GreenBrick,Professional,3,3,4,4,2,2019-12-17
4245,1084,Stonegate,Single,3,2,5,4,4,2025-05-01
4246,1084,Stonegate,Family,3,1,3,1,3,2024-07-20
4247,1084,Stonegate,Couple,4,2,3,2,4,2020-05-14
4248,1085,Luna Developments,Professional,4,3,3,5,4,2023-09-24
4249,1086,Sunrise Group,Family,4,4,4,2,4,2023-03-03
4250,1086,Sunrise Group,Family,3,5,2,4,3,2023-01-09
4251,1086,Sunrise Group,Single,3,4,3,3,3,2018-03-30
4252,1086,Sunrise Group,Family,5,3,4,5,5,2025-07-14
4253,1086,Sunrise Group,Couple,3,5,2,5,3,2022-02-15
4254,1086,Sunrise Group,Family,5,2,5,5,5,2019-02-17
4255,1086,Sunrise Group,Professional,5,3,4,4,5,2023-07-06
4256,1086,Sunrise Group,Professional,4,3,5,3,4,2018-06-05
4257,1087,Horizon Builders,Professional,5,3,5,4,5,2018-10-27
4258,1089,Atlas Properties,Family,3,3,2,3,2,2019-01-13
4259,1089,Atlas Properties,Couple,3,3,3,5,3,2025-08-23
4260,1089,Atlas Properties,Couple,4,2,2,3,4,2018-09-09
4261,1089,Atlas Properties,Retiree,4,5,5,5,4,2019-08-26
4262,1089,Atlas Properties,Retiree,4,4,5,3,4,2021-01-09
4263,1090,Skyline Holdings,Retiree,5,2,3,1,5,2023-03-19
4264,1090,Skyline Holdings,Student,5,4,3,5,5,2023-12-09
4265,1090,Skyline Holdings,Professional,3,3,4,3,3,2022-12-14
4266,1091,Luna Developments,Family,3,3,4,3,3,2024-05-01
4267,1091,Luna Developments,Family,3,5,4,4,3,2019-05-13
4268,1091,Luna Developments,Couple,3,3,3,3,3,2022-12-08
4269,1092,Horizon Builders,Couple,5,2,3,2,5,2020-05-18
4270,1092,Horizon Builders,Family,4,2,4,4,4,2021-10-08
4271,1092,Horizon Builders,Professional,5,3,3,3,5,2023-05-13
4272,1092,Horizon Builders,Family,4,3,5,3,4,2025-09-04
4273,1092,Horizon Builders,Student,5,1,4,4,5,2018-09-26
4274,1092,Horizon Builders,Family,4,3,3,4,4,2024-08-27
4275,1092,Horizon Builders,Student,4,2,5,3,4,2024-05-17
4276,1092,Horizon Builders,Couple,5,2,4,4,5,2025-02-01
4277,1093,Horizon Builders,Retiree,3,5,4,4,3,2021-08-19
4278,1094,UrbanCore,Family,4,2,5,4,5,2022-11-21
4279,1094,UrbanCore,Single,3,4,4,3,3,2023-03-24
4280,1094,UrbanCore,Family,3,4,4,1,4,2019-06-16
4281,1094,UrbanCore,Couple,3,3,3,5,2,2019-11-16
4282,1094,UrbanCore,Retiree,2,5,5,3,2,2021-09-05
4283,1095,Skyline Holdings,Student,4,1,1,4,4,2019-06-19
4284,1095,Skyline Holdings,Couple,3,1,4,3,3,2018-10-30
4285,1095,Skyline Holdings,Professional,4,1,1,4,4,2020-04-26
4286,1095,Skyline Holdings,Retiree,3,2,4,4,3,2023-04-07
4287,1095,Skyline Holdings,Professional,3,1,4,3,2,2021-07-15
4288,1096,Nova Estates,Professional,3,4,5,3,2,2025-09-09
4289,1096,Nova Estates,Family,2,2,5,3,2,2023-05-17
4290,1096,Nova Estates,Single,3,2,1,4,4,2021-01-10
4291,1096,Nova Estates,Couple,3,5,4,3,3,2021-09-22
4292,1097,Skyline Holdings,Student,5,5,4,4,5,2018-12-18
4293,1097,Skyline Holdings,Couple,4,4,4,3,4,2020-03-31
4294,1097,Skyline Holdings,Student,3,5,1,3,3,2021-01-20
4295,1098,Nova Estates,Single,3,2,4,3,3,2020-09-24
4296,1098,Nova Estates,Family,5,4,5,4,5,2019-10-22
4297,1098,Nova Estates,Couple,5,2,3,5,5,2019-10-21
4298,1098,Nova Estates,Family,4,3,3,2,4,2020-08-10
4299,1099,Oakfield Ltd,Couple,4,3,4,2,5,2023-06-07
4300,1099,Oakfield Ltd,Family,3,2,3,4,2,2024-01-04
4301,1099,Oakfield Ltd,Student,3,5,4,3,2,2025-03-03
4302,1099,Oakfield Ltd,Single,5,2,2,3,5,2021-05-18
4303,1100,GreenBrick,Family,4,1,3,5,4,2020-06-05
4304,1100,GreenBrick,Family,4,1,3,3,4,2022-04-29
4305,1100,GreenBrick,Professional,3,2,2,4,3,2020-03-28
4306,1100,GreenBrick,Family,3,3,4,4,3,2020-01-05
4307,1100,GreenBrick,Family,3,4,3,4,3,2022-11-08
4308,1100,GreenBrick,Family,2,2,4,3,2,2024-01-18
4309,1100,GreenBrick,Single,3,2,3,5,3,2020-07-29
4310,1101,Nova Estates,Single,5,5,4,4,5,2020-05-08
4311,1102,Cedar & Co,Family,2,4,4,3,2,2018-10-03
4312,1102,Cedar & Co,Family,2,5,3,2,2,2018-03-09
4313,1102,Cedar & Co,Family,4,4,4,3,3,2018-04-10
4314,1102,Cedar & Co,Professional,2,3,2,5,2,2022-12-31
4315,1102,Cedar & Co,Couple,2,2,3,2,2,2020-12-27
4316,1102,Cedar & Co,Retiree,4,2,4,4,4,2024-10-30
4317,1102,Cedar & Co,Family,3,3,5,4,3,2023-05-24
4318,1102,Cedar & Co,Student,4,5,4,5,5,2023-06-21
4319,1103,Stonegate,Single,5,1,4,4,5,2020-05-09
4320,1103,Stonegate,Student,5,2,4,5,4,2024-05-23
4321,1103,Stonegate,Professional,4,2,4,3,3,2023-05-26
4322,1103,Stonegate,Family,4,3,4,4,5,2024-04-10
4323,1103,Stonegate,Family,5,1,3,2,5,2025-04-10
4324,1103,Stonegate,Family,5,1,3,3,5,2024-05-14
4325,1103,Stonegate,Couple,4,3,4,4,3,2019-05-09
4326,1104,EverHome,Couple,4,1,1,3,4,2019-09-27
4327,1105,Atlas Properties,Couple,5,4,5,3,5,2020-12-15
4328,1105,Atlas Properties,Professional,5,4,3,4,5,2024-02-21
4329,1105,Atlas Properties,Couple,3,4,3,2,2,2022-03-29
4330,1105,Atlas Properties,Single,2,2,3,4,3,2020-07-06
4331,1105,Atlas Properties,Couple,4,5,2,3,4,2022-11-05
4332,1106,Nova Estates,Family,5,4,4,4,5,2019-07-27
4333,1106,Nova Estates,Retiree,4,3,4,4,3,2021-10-23
4334,1106,Nova Estates,Single,4,1,3,4,5,2020-02-18
4335,1106,Nova Estates,Family,4,2,3,4,3,2021-11-05
4336,1106,Nova Estates,Single,4,3,5,3,3,2018-09-24
4337,1107,GreenBrick,Family,2,1,3,3,2,2025-10-12
4338,1107,GreenBrick,Retiree,3,3,5,4,3,2023-10-06
4339,1107,GreenBrick,Single,2,3,3,2,1,2019-05-23
4340,1107,GreenBrick,Single,1,1,4,3,1,2020-12-24
4341,1107,GreenBrick,Couple,3,2,5,4,3,2020-10-29
4342,1108,Pioneer Homes,Single,4,3,4,2,3,2024-06-10
4343,1109,BlueRiver Dev,Single,4,2,3,3,4,2021-08-31
4344,1109,BlueRiver Dev,Single,5,1,3,2,5,2020-05-19
4345,1109,BlueRiver Dev,Couple,4,1,4,5,5,2024-01-24
4346,1109,BlueRiver Dev,Couple,4,2,3,3,4,2019-03-04
4347,1109,BlueRiver Dev,Family,4,1,3,4,4,2019-04-05
4348,1109,BlueRiver Dev,Student,5,1,3,3,5,2020-11-19
4349,1109,BlueRiver Dev,Professional,5,1,3,4,5,2018-11-21
4350,1110,Nova Estates,Student,5,2,4,5,5,2021-07-13
4351,1110,Nova Estates,Couple,5,3,5,2,5,2023-08-10
4352,1110,Nova Estates,Student,4,2,3,4,4,2021-01-14
4353,1110,Nova Estates,Couple,4,3,5,2,4,2021-10-28
4354,1110,Nova Estates,Family,4,3,4,4,4,2023-03-29
4355,1110,Nova Estates,Family,5,1,2,3,5,2025-09-02
4356,1110,Nova Estates,Family,5,5,5,2,4,2020-04-15
4357,1112,Skyline Holdings,Single,4,1,3,2,4,2020-03-29
4358,1112,Skyline Holdings,Single,4,2,2,2,4,2020-06-26
4359,1113,Skyline Holdings,Professional,2,4,4,3,1,2022-07-31
4360,1113,Skyline Holdings,Retiree,2,1,5,5,2,2018-04-23
4361,1113,Skyline Holdings,Professional,2,4,3,5,3,2022-04-22
4362,1113,Skyline Holdings,Family,3,4,4,3,3,2022-04-04
4363,1114,UrbanCore,Single,2,4,3,4,1,2019-03-01
4364,1114,UrbanCore,Family,2,5,4,4,1,2021-08-09
4365,1114,UrbanCore,Single,2,2,3,4,1,2022-10-04
4366,1114,UrbanCore,Couple,3,3,4,4,4,2021-03-21
4367,1114,UrbanCore,Student,2,3,2,4,2,2022-08-14
4368,1115,Horizon Builders,Student,2,4,4,4,2,2023-07-09
4369,1116,UrbanCore,Family,5,4,5,4,5,2025-02-07
4370,1116,UrbanCore,Single,4,4,4,2,5,2022-08-31
4371,1116,UrbanCore,Family,4,5,3,4,5,2023-07-15
4372,1116,UrbanCore,Family,4,4,3,5,4,2020-02-22
4373,1116,UrbanCore,Family,5,2,4,3,4,2018-10-22
4374,1118,Stonegate,Retiree,4,1,4,4,4,2022-05-19
4375,1118,Stonegate,Couple,5,1,5,4,5,2020-11-04
4376,1118,Stonegate,Couple,5,2,2,4,4,2024-04-03
4377,1118,Stonegate,Couple,5,1,2,3,5,2018-11-07
4378,1118,Stonegate,Couple,4,2,4,3,4,2025-11-24
4379,1118,Stonegate,Family,5,3,3,5,5,2019-11-18
4380,1118,Stonegate,Student,5,3,2,3,5,2020-05-31
4381,1119,Skyline Holdings,Couple,3,2,2,3,3,2018-08-16
4382,1119,Skyline Holdings,Single,3,3,2,4,3,2021-10-09
4383,1119,Skyline Holdings,Professional,3,3,3,4,4,2022-04-09
4384,1119,Skyline Holdings,Couple,3,2,4,4,4,2021-05-14
4385,1119,Skyline Holdings,Couple,3,1,3,3,3,2024-11-07
4386,1119,Skyline Holdings,Family,2,4,3,3,2,2025-04-15
4387,1119,Skyline Holdings,Couple,2,2,5,4,2,2024-12-24
4388,1120,Nova Estates,Single,3,1,3,3,3,2022-02-07
4389,1120,Nova Estates,Retiree,1,3,4,4,1,2018-03-26
4390,1121,Stonegate,Professional,4,4,4,1,4,2023-11-19
4391,1121,Stonegate,Couple,4,2,4,2,4,2021-08-01
4392,1121,Stonegate,Retiree,3,2,5,2,3,2019-01-02
4393,1122,Luna Developments,Couple,4,4,3,4,4,2019-02-19
4394,1123,Stonegate,Family,4,4,4,3,4,2024-04-21
4395,1123,Stonegate,Retiree,5,3,4,3,5,2024-10-10
4396,1123,Stonegate,Couple,4,4,4,3,5,2021-07-17
4397,1123,Stonegate,Single,5,4,5,4,5,2025-09-23
4398,1124,Oakfield Ltd,Family,1,2,3,3,1,2025-08-13
4399,1124,Oakfield Ltd,Family,4,3,2,4,4,2018-01-02
4400,1124,Oakfield Ltd,Family,1,1,3,4,1,2022-08-23
4401,1124,Oakfield Ltd,Family,2,1,3,4,2,2022-05-29
4402,1125,Horizon Builders,Professional,3,5,3,3,2,2024-06-04
4403,1126,UrbanCore,Couple,4,4,3,2,5,2020-03-23
4404,1126,UrbanCore,Retiree,5,4,4,3,5,2020-08-16
4405,1126,UrbanCore,Single,3,3,3,4,3,2018-07-21
4406,1127,Nova Estates,Couple,4,1,3,3,4,2024-10-23
4407,1127,Nova Estates,Single,3,3,3,5,4,2018-10-06
4408,1127,Nova Estates,Couple,4,3,2,4,5,2025-01-01
4409,1127,Nova Estates,Single,3,2,3,5,4,2025-04-22
4410,1128,GreenBrick,Retiree,5,4,4,4,5,2018-08-19
4411,1128,GreenBrick,Couple,4,3,3,3,4,2023-11-13
4412,1128,GreenBrick,Family,4,3,4,1,4,2023-06-20
4413,1129,GreenBrick,Couple,3,4,4,5,3,2019-12-23
4414,1129,GreenBrick,Retiree,3,2,4,3,2,2021-12-30
4415,1129,GreenBrick,Retiree,3,4,4,4,3,2025-06-22
4416,1129,GreenBrick,Single,4,4,5,4,4,2022-11-30
4417,1129,GreenBrick,Couple,5,3,4,4,5,2020-11-04
4418,1130,Skyline Holdings,Student,2,3,3,4,2,2025-10-29
4419,1130,Skyline Holdings,Retiree,1,3,2,5,1,2022-04-29
4420,1131,Pioneer Homes,Retiree,4,3,3,4,4,2018-03-30
4421,1131,Pioneer Homes,Family,4,3,4,3,4,2022-11-11
4422,1131,Pioneer Homes,Couple,4,4,1,3,4,2021-11-15
4423,1131,Pioneer Homes,Professional,3,5,4,5,3,2024-08-09
4424,1131,Pioneer Homes,Professional,5,3,4,4,5,2025-12-14
4425,1131,Pioneer Homes,Family,4,3,3,4,4,2023-11-04
4426,1131,Pioneer Homes,Family,3,3,3,3,3,2021-10-15
4427,1131,Pioneer Homes,Single,3,5,3,3,3,2021-08-02
4428,1132,Sunrise Group,Single,4,2,4,4,4,2022-12-31
4429,1132,Sunrise Group,Family,4,1,4,3,5,2024-01-22
4430,1133,Nova Estates,Professional,3,3,5,2,3,2023-03-08
4431,1133,Nova Estates,Single,5,3,3,2,5,2018-02-03
4432,1133,Nova Estates,Single,5,2,3,3,5,2025-06-07
4433,1133,Nova Estates,Retiree,3,2,1,4,3,2019-04-19
4434,1133,Nova Estates,Single,4,3,1,4,4,2025-08-17
4435,1134,Skyline Holdings,Retiree,3,2,5,4,4,2024-02-13
4436,1134,Skyline Holdings,Couple,2,3,4,4,1,2024-01-07
4437,1134,Skyline Holdings,Family,3,1,3,4,3,2022-04-20
4438,1135,BlueRiver Dev,Family,5,3,5,4,5,2024-03-01
4439,1135,BlueRiver Dev,Family,4,4,5,4,3,2020-10-24
4440,1135,BlueRiver Dev,Family,4,3,5,4,4,2019-10-30
4441,1135,BlueRiver Dev,Family,4,1,3,3,4,2024-09-05
4442,1137,MetroConstruct,Family,5,4,3,4,5,2022-06-25
4443,1137,MetroConstruct,Retiree,5,2,4,3,5,2021-06-13
4444,1137,MetroConstruct,Professional,4,4,4,3,4,2020-04-14
4445,1137,MetroConstruct,Family,5,3,2,4,5,2023-02-24
4446,1137,MetroConstruct,Professional,5,2,3,3,4,2024-07-04
4447,1137,MetroConstruct,Family,4,4,4,4,5,2024-02-10
4448,1137,MetroConstruct,Single,4,2,3,2,3,2025-02-18
4449,1138,Sunrise Group,Family,3,2,1,5,3,2021-03-08
4450,1138,Sunrise Group,Professional,2,1,5,2,3,2022-01-21
4451,1138,Sunrise Group,Professional,3,3,4,5,3,2022-04-26
4452,1138,Sunrise Group,Family,2,4,4,3,1,2019-10-02
4453,1138,Sunrise Group,Student,2,1,3,2,2,2021-01-26
4454,1138,Sunrise Group,Family,2,1,3,2,1,2018-05-03
4455,1139,Sunrise Group,Retiree,5,3,4,3,5,2024-11-07
4456,1139,Sunrise Group,Family,5,1,3,3,5,2024-08-16
4457,1139,Sunrise Group,Family,3,2,4,4,4,2022-11-10
4458,1139,Sunrise Group,Student,3,2,5,2,3,2020-09-29
4459,1139,Sunrise Group,Couple,4,3,3,3,4,2022-12-02
4460,1139,Sunrise Group,Couple,5,1,2,2,5,2022-01-04
4461,1139,Sunrise Group,Single,4,1,5,5,4,2019-08-19
4462,1139,Sunrise Group,Family,5,1,3,4,5,2020-08-01
4463,1140,Horizon Builders,Family,2,2,4,2,2,2024-06-27
4464,1140,Horizon Builders,Couple,2,2,1,2,1,2024-07-06
4465,1142,GreenBrick,Couple,4,3,3,4,5,2024-11-25
4466,1142,GreenBrick,Single,4,3,4,3,5,2020-10-22
4467,1142,GreenBrick,Family,4,5,4,4,5,2022-01-19
4468,1142,GreenBrick,Couple,5,3,4,4,5,2023-09-15
4469,1142,GreenBrick,Single,4,5,2,2,3,2022-11-17
4470,1142,GreenBrick,Family,3,3,3,3,3,2024-10-08
4471,1143,BlueRiver Dev,Student,4,3,3,2,3,2022-02-26
4472,1143,BlueRiver Dev,Retiree,3,1,3,4,2,2019-06-13
4473,1143,BlueRiver Dev,Professional,4,3,2,5,3,2020-09-27
4474,1143,BlueRiver Dev,Retiree,5,2,5,4,5,2018-11-07
4475,1143,BlueRiver Dev,Couple,3,3,3,4,5,2022-11-18
4476,1143,BlueRiver Dev,Couple,4,3,3,3,3,2020-12-08
4477,1143,BlueRiver Dev,Single,4,3,4,3,4,2022-10-14
4478,1143,BlueRiver Dev,Student,3,4,3,2,4,2025-02-08
4479,1144,UrbanCore,Family,4,3,3,4,3,2020-08-25
4480,1145,Skyline Holdings,Couple,3,3,3,4,3,2025-10-08
4481,1145,Skyline Holdings,Family,4,4,3,3,4,2025-04-21
4482,1145,Skyline Holdings,Retiree,2,4,2,4,2,2019-03-18
4483,1145,Skyline Holdings,Retiree,1,3,3,3,1,2018-02-01
4484,1146,Stonegate,Single,3,1,3,5,3,2018-08-05
4485,1147,Oakfield Ltd,Couple,4,3,2,4,4,2023-11-17
4486,1147,Oakfield Ltd,Single,3,4,3,5,4,2021-03-16
4487,1147,Oakfield Ltd,Family,2,3,4,2,3,2021-11-22
4488,1147,Oakfield Ltd,Family,3,3,4,3,4,2021-03-09
4489,1147,Oakfield Ltd,Family,4,4,4,4,4,2021-03-12
4490,1148,Horizon Builders,Family,4,4,4,2,4,2022-02-23
4491,1148,Horizon Builders,Single,2,4,5,3,2,2021-07-21
4492,1149,MetroConstruct,Couple,4,2,4,2,3,2021-07-13
4493,1149,MetroConstruct,Family,3,4,4,3,4,2024-04-23
4494,1149,MetroConstruct,Couple,4,4,3,5,4,2022-09-19
4495,1149,MetroConstruct,Professional,3,3,5,3,2,2019-09-20
4496,1149,MetroConstruct,Couple,2,2,4,5,2,2025-04-05
4497,1149,MetroConstruct,Retiree,3,2,3,3,4,2018-05-31
4498,1151,BlueRiver Dev,Single,2,3,3,2,1,2021-08-26
4499,1151,BlueRiver Dev,Couple,4,2,5,3,3,2018-07-22
4500,1151,BlueRiver Dev,Professional,3,3,5,4,3,2024-02-27
4501,1151,BlueRiver Dev,Single,3,1,1,2,3,2025-08-31
4502,1151,BlueRiver Dev,Family,3,2,3,4,3,2018-07-16
4503,1151,BlueRiver Dev,Couple,4,2,4,2,3,2022-08-22
4504,1152,MetroConstruct,Professional,3,3,2,5,3,2018-12-20
4505,1152,MetroConstruct,Couple,3,2,4,5,4,2020-12-09
4506,1153,BlueRiver Dev,Retiree,5,3,4,3,5,2023-12-12
4507,1153,BlueRiver Dev,Family,4,4,2,4,4,2025-01-06
4508,1153,BlueRiver Dev,Couple,5,3,4,5,5,2024-04-29
4509,1154,BlueRiver Dev,Family,3,1,4,4,3,2023-10-11
4510,1154,BlueRiver Dev,Single,5,1,4,4,5,2021-06-14
4511,1154,BlueRiver Dev,Professional,5,1,4,4,5,2018-07-19
4512,1154,BlueRiver Dev,Couple,5,2,4,5,5,2021-07-10
4513,1154,BlueRiver Dev,Family,5,2,3,4,4,2025-08-26
4514,1154,BlueRiver Dev,Retiree,4,1,4,3,5,2018-01-08
4515,1155,Horizon Builders,Single,3,2,5,5,3,2025-12-05
4516,1156,Pioneer Homes,Couple,4,3,2,4,5,2022-05-25
4517,1156,Pioneer Homes,Family,4,5,3,5,4,2024-06-06
4518,1156,Pioneer Homes,Student,4,2,5,3,3,2019-11-11
4519,1157,Nova Estates,Family,3,3,3,3,3,2021-08-21
4520,1157,Nova Estates,Professional,3,1,3,5,2,2024-02-03
4521,1157,Nova Estates,Family,3,2,3,4,4,2024-05-08
4522,1157,Nova Estates,Retiree,4,1,5,2,3,2025-09-21
4523,1157,Nova Estates,Single,4,2,4,4,4,2020-12-07
4524,1157,Nova Estates,Retiree,3,3,5,3,3,2018-05-26
4525,1158,Stonegate,Professional,5,4,2,5,5,2021-10-10
4526,1159,Stonegate,Professional,2,1,3,3,2,2023-06-27
4527,1159,Stonegate,Family,2,1,5,2,1,2022-01-11
4528,1159,Stonegate,Single,3,1,4,2,3,2023-07-19
4529,1160,Nova Estates,Couple,3,3,4,3,3,2025-10-16
4530,1160,Nova Estates,Retiree,3,4,4,5,3,2022-01-25
4531,1160,Nova Estates,Professional,3,5,5,3,3,2018-06-21
4532,1160,Nova Estates,Couple,2,4,5,4,2,2020-09-25
4533,1160,Nova Estates,Couple,3,2,4,5,3,2024-06-24
4534,1160,Nova Estates,Couple,3,4,5,3,3,2025-06-22
4535,1160,Nova Estates,Single,5,2,3,2,5,2018-10-29
4536,1160,Nova Estates,Retiree,3,2,3,4,2,2025-02-26
4537,1161,MetroConstruct,Professional,4,2,3,2,3,2023-12-17
4538,1161,MetroConstruct,Family,3,2,3,5,4,2024-11-27
4539,1161,MetroConstruct,Family,4,1,4,4,5,2023-05-06
4540,1161,MetroConstruct,Professional,4,3,3,4,5,2025-07-14
4541,1161,MetroConstruct,Single,3,2,5,4,3,2018-12-12
4542,1161,MetroConstruct,Student,2,2,4,5,2,2018-09-03
4543,1161,MetroConstruct,Family,4,3,2,2,4,2024-04-13
4544,1162,Nova Estates,Couple,3,3,3,2,3,2018-08-10
4545,1162,Nova Estates,Couple,3,3,4,5,2,2024-03-25
4546,1162,Nova Estates,Family,4,2,2,5,4,2025-02-09
4547,1162,Nova Estates,Couple,4,4,3,4,4,2022-06-28
4548,1163,GreenBrick,Single,5,1,3,4,5,2022-07-22
4549,1164,Pioneer Homes,Couple,3,4,4,2,4,2021-12-15
4550,1164,Pioneer Homes,Professional,3,3,4,3,3,2022-12-12
4551,1164,Pioneer Homes,Family,4,2,4,4,4,2025-09-27
4552,1164,Pioneer Homes,Professional,4,4,3,3,3,2020-04-19
4553,1164,Pioneer Homes,Family,5,2,4,5,5,2023-02-09
4554,1165,Nova Estates,Family,3,1,3,2,3,2022-02-22
4555,1165,Nova Estates,Single,4,4,4,3,3,2025-06-20
4556,1166,Oakfield Ltd,Retiree,2,4,5,3,2,2022-04-13
4557,1166,Oakfield Ltd,Retiree,4,3,4,4,3,2019-12-10
4558,1166,Oakfield Ltd,Couple,2,3,4,4,2,2020-03-15
4559,1167,MetroConstruct,Professional,3,4,3,5,3,2022-07-28
4560,1167,MetroConstruct,Student,3,3,2,4,3,2021-05-29
4561,1168,Sunrise Group,Couple,4,1,2,5,3,2019-10-12
4562,1168,Sunrise Group,Couple,3,3,4,3,3,2018-05-23
4563,1168,Sunrise Group,Single,4,1,3,5,4,2020-12-12
4564,1172,Atlas Properties,Professional,4,3,4,3,4,2023-02-20
4565,1172,Atlas Properties,Family,3,4,4,4,2,2020-10-02
4566,1172,Atlas Properties,Couple,4,4,3,5,4,2021-07-29
4567,1173,Horizon Builders,Family,2,3,2,3,1,2024-04-22
4568,1173,Horizon Builders,Couple,2,5,4,2,2,2022-09-23
4569,1173,Horizon Builders,Couple,3,2,3,3,3,2020-01-23
4570,1173,Horizon Builders,Single,3,2,4,4,3,2019-06-11
4571,1173,Horizon Builders,Retiree,2,3,4,4,3,2025-06-29
4572,1173,Horizon Builders,Couple,3,2,2,3,3,2024-01-11
4573,1173,Horizon Builders,Student,4,2,4,3,4,2019-10-07
4574,1173,Horizon Builders,Family,3,1,4,2,3,2024-05-13
4575,1174,Skyline Holdings,Couple,2,3,4,5,2,2025-03-25
4576,1174,Skyline Holdings,Professional,2,3,3,4,2,2019-09-23
4577,1175,Horizon Builders,Single,5,1,2,4,5,2020-07-31
4578,1175,Horizon Builders,Professional,3,2,4,2,4,2024-11-15
4579,1176,UrbanCore,Student,4,4,4,4,4,2024-12-25
4580,1176,UrbanCore,Single,5,5,3,3,5,2024-11-25
4581,1176,UrbanCore,Family,5,5,5,3,5,2024-04-05
4582,1178,Nova Estates,Family,5,2,5,5,5,2023-08-18
4583,1178,Nova Estates,Couple,4,4,3,2,4,2020-06-25
4584,1178,Nova Estates,Family,4,3,2,5,5,2025-07-26
4585,1179,Pioneer Homes,Couple,4,2,3,5,4,2023-08-22
4586,1182,GreenBrick,Family,4,1,3,2,4,2021-03-17
4587,1182,GreenBrick,Single,2,4,3,3,1,2022-04-22
4588,1182,GreenBrick,Couple,1,2,4,4,1,2024-05-22
4589,1182,GreenBrick,Couple,3,4,3,3,3,2025-08-13
4590,1182,GreenBrick,Retiree,2,1,3,3,3,2018-09-15
4591,1182,GreenBrick,Couple,2,4,4,4,1,2020-11-07
4592,1182,GreenBrick,Couple,2,3,5,1,2,2019-06-10
4593,1183,Horizon Builders,Professional,2,2,2,4,3,2021-01-06
4594,1183,Horizon Builders,Couple,3,3,4,3,4,2021-05-20
4595,1183,Horizon Builders,Couple,3,4,4,5,4,2025-09-04
4596,1183,Horizon Builders,Professional,3,3,4,3,3,2023-05-17
4597,1183,Horizon Builders,Family,2,5,1,4,2,2019-12-21
4598,1184,Luna Developments,Single,2,2,3,3,2,2023-01-21
4599,1184,Luna Developments,Family,2,2,3,2,2,2018-05-08
4600,1184,Luna Developments,Retiree,2,4,3,4,1,2018-07-03
4601,1184,Luna Developments,Couple,1,3,4,3,2,2019-07-18
4602,1184,Luna Developments,Single,2,1,3,3,2,2024-02-18
4603,1184,Luna Developments,Student,1,1,5,4,2,2022-01-20
4604,1184,Luna Developments,Retiree,3,2,4,5,2,2023-02-12
4605,1184,Luna Developments,Student,3,2,3,4,2,2023-09-11
4606,1185,Nova Estates,Retiree,5,4,1,4,5,2024-02-15
4607,1185,Nova Estates,Retiree,5,4,3,2,5,2018-02-22
4608,1185,Nova Estates,Student,5,2,4,5,5,2020-04-17
4609,1186,Luna Developments,Student,2,5,5,3,3,2021-01-11
4610,1186,Luna Developments,Family,3,3,4,4,3,2020-04-01
4611,1186,Luna Developments,Single,2,2,4,4,2,2020-12-02
4612,1186,Luna Developments,Professional,2,4,5,3,2,2024-03-15
4613,1186,Luna Developments,Single,2,3,3,4,2,2025-09-04
4614,1187,BlueRiver Dev,Couple,3,1,4,3,2,2024-01-17
4615,1187,BlueRiver Dev,Couple,4,3,3,4,4,2018-06-20
4616,1187,BlueRiver Dev,Single,2,1,4,4,2,2024-07-23
4617,1187,BlueRiver Dev,Single,2,1,4,4,1,2025-02-11
4618,1187,BlueRiver Dev,Couple,2,3,2,3,2,2020-10-14
4619,1187,BlueRiver Dev,Family,1,2,4,5,1,2018-09-08
4620,1189,Skyline Holdings,Student,3,3,4,5,3,2019-08-27
4621,1189,Skyline Holdings,Family,2,2,3,4,3,2018-11-20
4622,1189,Skyline Holdings,Family,4,1,5,2,4,2025-01-27
4623,1189,Skyline Holdings,Professional,3,3,4,3,3,2019-11-28
4624,1190,BlueRiver Dev,Couple,4,1,3,3,4,2022-04-07
4625,1190,BlueRiver Dev,Single,3,2,4,5,3,2018-08-09
4626,1192,UrbanCore,Couple,5,5,4,2,5,2018-10-14
4627,1192,UrbanCore,Family,4,3,3,5,5,2023-01-20
4628,1192,UrbanCore,Professional,4,5,4,3,3,2020-02-14
4629,1192,UrbanCore,Single,3,3,4,3,4,2023-02-11
4630,1192,UrbanCore,Single,5,3,2,4,5,2020-10-05
4631,1192,UrbanCore,Family,4,3,4,3,4,2022-07-04
4632,1193,GreenBrick,Single,4,2,1,2,4,2019-08-14
4633,1193,GreenBrick,Family,4,3,5,4,3,2024-03-11
4634,1194,Horizon Builders,Professional,5,3,4,4,5,2025-03-21
4635,1194,Horizon Builders,Family,4,4,2,2,3,2024-04-30
4636,1194,Horizon Builders,Couple,5,5,5,4,5,2021-08-22
4637,1194,Horizon Builders,Single,5,4,5,1,5,2023-04-03
4638,1194,Horizon Builders,Professional,5,2,3,3,5,2023-12-25
4639,1194,Horizon Builders,Professional,4,4,3,3,4,2020-12-02
4640,1195,Nova Estates,Student,5,2,5,4,4,2022-04-12
4641,1196,Stonegate,Single,5,4,3,3,5,2019-07-12
4642,1196,Stonegate,Retiree,4,4,3,3,4,2025-03-18
4643,1197,Cedar & Co,Couple,3,4,3,5,3,2020-11-02
4644,1197,Cedar & Co,Couple,5,4,5,4,4,2021-10-03
4645,1197,Cedar & Co,Student,5,4,4,2,5,2018-07-21
4646,1198,Cedar & Co,Student,3,3,4,4,3,2025-12-17
4647,1198,Cedar & Co,Retiree,4,2,4,3,4,2020-01-07
4648,1198,Cedar & Co,Retiree,5,2,4,3,5,2019-01-28
4649,1198,Cedar & Co,Single,3,4,5,4,4,2021-03-26
4650,1198,Cedar & Co,Single,5,2,1,5,4,2024-06-05
4651,1198,Cedar & Co,Retiree,5,2,3,4,5,2024-02-13
4652,1199,Pioneer Homes,Family,5,4,4,4,5,2018-11-30
4653,1199,Pioneer Homes,Student,4,5,2,3,4,2021-10-31
4654,1199,Pioneer Homes,Family,3,4,3,3,3,2021-12-13
4655,1199,Pioneer Homes,Family,4,2,5,1,2,2023-05-16
4656,1199,Pioneer Homes,Single,4,3,5,5,4,2025-08-27
4657,1199,Pioneer Homes,Couple,5,2,3,3,5,2021-01-26
4658,1200,Nova Estates,Professional,4,1,3,5,4,2024-08-10
4659,1200,Nova Estates,Family,2,2,3,4,1,2018-01-19
4660,1200,Nova Estates,Student,4,3,4,5,4,2022-04-09
4661,1201,Pioneer Homes,Family,2,1,5,4,3,2022-10-26
4662,1201,Pioneer Homes,Single,3,1,3,5,2,2021-04-06
4663,1201,Pioneer Homes,Single,2,2,3,3,1,2020-01-18
4664,1201,Pioneer Homes,Family,2,2,2,1,2,2023-08-25
4665,1202,Nova Estates,Couple,3,2,3,5,3,2025-09-02
4666,1203,Nova Estates,Family,3,1,3,3,3,2021-01-16
4667,1203,Nova Estates,Family,3,2,3,2,4,2021-01-03
4668,1203,Nova Estates,Single,2,1,4,4,2,2019-08-04
4669,1203,Nova Estates,Family,1,1,3,4,1,2023-06-15
4670,1203,Nova Estates,Single,3,2,2,2,3,2019-01-08
4671,1203,Nova Estates,Family,2,3,3,1,2,2020-02-11
4672,1204,GreenBrick,Couple,3,2,4,4,3,2025-08-26
4673,1204,GreenBrick,Couple,3,2,3,4,3,2019-04-19
4674,1204,GreenBrick,Professional,3,3,5,3,3,2024-08-01
4675,1204,GreenBrick,Couple,4,3,4,4,4,2023-09-22
4676,1205,Sunrise Group,Single,3,2,4,5,2,2018-01-09
4677,1205,Sunrise Group,Retiree,5,1,3,3,5,2020-02-12
4678,1205,Sunrise Group,Professional,4,2,3,4,4,2025-01-30
4679,1205,Sunrise Group,Professional,5,1,3,4,5,2021-11-01
4680,1205,Sunrise Group,Single,4,3,2,3,4,2021-07-27
4681,1206,Oakfield Ltd,Professional,4,3,2,3,4,2020-07-29
4682,1206,Oakfield Ltd,Single,3,3,2,4,3,2020-09-05
4683,1206,Oakfield Ltd,Single,5,2,2,2,4,2020-01-22
4684,1206,Oakfield Ltd,Family,4,4,3,2,4,2018-02-01
4685,1206,Oakfield Ltd,Couple,5,4,1,4,5,2020-02-03
4686,1206,Oakfield Ltd,Single,4,2,5,3,4,2023-11-27
4687,1208,Sunrise Group,Couple,4,2,4,2,5,2021-11-15
4688,1209,Skyline Holdings,Professional,4,3,4,4,4,2020-06-12
4689,1209,Skyline Holdings,Retiree,4,2,4,3,4,2024-03-24
4690,1209,Skyline Holdings,Retiree,5,4,4,5,5,2019-04-25
4691,1209,Skyline Holdings,Family,4,1,3,5,3,2025-12-11
4692,1209,Skyline Holdings,Couple,3,5,4,4,3,2022-08-31
4693,1209,Skyline Holdings,Couple,3,2,3,4,3,2021-10-29
4694,1209,Skyline Holdings,Couple,5,2,3,3,5,2024-10-20
4695,1209,Skyline Holdings,Retiree,3,3,3,3,3,2025-05-26
4696,1210,Atlas Properties,Single,3,3,3,3,4,2024-06-03
4697,1210,Atlas Properties,Student,4,2,3,4,4,2018-11-13
4698,1211,Sunrise Group,Family,3,2,3,4,4,2022-12-25
4699,1211,Sunrise Group,Professional,3,1,3,3,3,2024-10-03
4700,1211,Sunrise Group,Single,3,2,2,2,3,2020-08-23
4701,1211,Sunrise Group,Professional,3,2,3,3,4,2024-01-12
4702,1211,Sunrise Group,Professional,2,4,3,5,2,2019-06-17
4703,1211,Sunrise Group,Couple,2,3,3,2,3,2025-03-17
4704,1211,Sunrise Group,Retiree,2,1,3,4,1,2021-09-26
4705,1212,Sunrise Group,Professional,3,2,1,2,1,2024-04-05
4706,1212,Sunrise Group,Retiree,2,1,3,4,2,2025-09-10
4707,1212,Sunrise Group,Couple,2,3,4,4,2,2022-05-10
4708,1212,Sunrise Group,Couple,2,3,2,2,1,2025-12-10
4709,1212,Sunrise Group,Couple,3,1,3,4,2,2021-08-27
4710,1213,Nova Estates,Student,5,4,2,4,4,2022-06-13
4711,1213,Nova Estates,Student,5,4,2,4,5,2022-08-22
4712,1213,Nova Estates,Couple,3,2,4,2,4,2021-12-28
4713,1213,Nova Estates,Retiree,5,2,3,3,5,2025-11-21
4714,1213,Nova Estates,Professional,3,2,3,3,3,2021-10-05
4715,1213,Nova Estates,Retiree,5,2,5,4,5,2023-06-03
4716,1215,BlueRiver Dev,Family,3,2,3,3,3,2019-10-24
4717,1215,BlueRiver Dev,Family,3,3,4,4,4,2021-07-25
4718,1215,BlueRiver Dev,Professional,2,3,3,3,2,2021-02-05
4719,1215,BlueRiver Dev,Couple,3,3,4,3,4,2020-03-06
4720,1216,Skyline Holdings,Student,3,3,4,2,3,2018-07-15
4721,1216,Skyline Holdings,Single,4,3,4,3,5,2018-09-03
4722,1217,Nova Estates,Family,3,3,3,4,4,2024-02-20
4723,1217,Nova Estates,Single,5,4,2,5,5,2021-01-21
4724,1217,Nova Estates,Single,4,5,4,3,4,2024-11-21
4725,1217,Nova Estates,Couple,2,2,5,4,3,2023-05-25
4726,1217,Nova Estates,Couple,4,3,5,4,4,2021-01-29
4727,1218,BlueRiver Dev,Family,4,3,4,2,3,2020-07-07
4728,1218,BlueRiver Dev,Family,5,3,2,2,5,2024-11-03
4729,1219,Horizon Builders,Family,3,5,3,5,2,2025-05-10
4730,1219,Horizon Builders,Retiree,5,2,3,4,5,2018-10-08
4731,1219,Horizon Builders,Couple,2,3,5,5,2,2023-03-12
4732,1219,Horizon Builders,Student,4,2,5,4,5,2018-03-28
4733,1219,Horizon Builders,Retiree,4,3,3,4,4,2019-11-03
4734,1219,Horizon Builders,Single,4,4,5,2,4,2018-07-27
4735,1219,Horizon Builders,Couple,5,1,4,3,5,2020-01-21
4736,1219,Horizon Builders,Couple,4,4,5,3,4,2018-11-11
4737,1220,Skyline Holdings,Single,3,3,3,3,2,2018-11-13
4738,1221,Luna Developments,Couple,2,5,4,3,3,2025-07-05
4739,1221,Luna Developments,Family,3,4,3,3,2,2025-02-08
4740,1221,Luna Developments,Family,1,2,4,3,2,2022-01-05
4741,1221,Luna Developments,Single,2,3,2,5,2,2023-11-17
4742,1221,Luna Developments,Professional,2,3,2,3,2,2022-04-06
4743,1221,Luna Developments,Single,2,4,2,3,2,2022-01-09
4744,1221,Luna Developments,Single,3,5,5,3,2,2024-01-19
4745,1221,Luna Developments,Retiree,2,4,4,2,3,2021-05-14
4746,1222,Nova Estates,Professional,2,3,4,3,1,2025-05-08
4747,1222,Nova Estates,Retiree,4,3,4,4,4,2024-04-23
4748,1222,Nova Estates,Professional,4,3,5,4,4,2019-02-06
4749,1222,Nova Estates,Family,1,4,4,5,2,2023-03-13
4750,1222,Nova Estates,Professional,4,4,5,4,4,2019-10-27
4751,1223,Sunrise Group,Professional,4,3,4,5,5,2019-10-02
4752,1224,Luna Developments,Professional,3,2,4,5,4,2021-02-23
4753,1224,Luna Developments,Professional,3,2,2,4,3,2018-07-27
4754,1224,Luna Developments,Family,2,4,4,5,2,2019-03-18
4755,1224,Luna Developments,Single,2,4,5,4,1,2025-04-13
4756,1225,GreenBrick,Professional,3,5,4,3,3,2022-09-30
4757,1225,GreenBrick,Professional,2,3,5,3,2,2021-03-21
4758,1225,GreenBrick,Retiree,3,4,2,4,3,2020-11-27
4759,1225,GreenBrick,Single,2,4,4,4,3,2025-05-11
4760,1226,Horizon Builders,Couple,2,2,2,2,1,2018-02-03
4761,1226,Horizon Builders,Family,3,3,4,2,3,2025-08-14
4762,1226,Horizon Builders,Family,4,3,3,3,4,2020-04-12
4763,1226,Horizon Builders,Retiree,4,3,2,5,5,2022-12-07
4764,1227,GreenBrick,Couple,3,1,4,4,3,2018-11-25
4765,1227,GreenBrick,Single,5,1,4,4,5,2024-12-13
4766,1228,Skyline Holdings,Couple,3,3,4,4,2,2023-11-21
4767,1228,Skyline Holdings,Single,3,2,4,2,3,2024-07-02
4768,1228,Skyline Holdings,Family,3,3,2,5,4,2022-06-17
4769,1228,Skyline Holdings,Professional,3,2,4,4,3,2023-07-31
4770,1230,GreenBrick,Retiree,5,3,3,4,5,2024-01-19
4771,1232,Skyline Holdings,Professional,4,2,4,3,4,2018-11-26
4772,1232,Skyline Holdings,Couple,4,2,4,3,4,2018-08-31
4773,1232,Skyline Holdings,Family,5,3,3,3,5,2019-07-07
4774,1233,Skyline Holdings,Couple,2,4,3,4,2,2020-04-09
4775,1233,Skyline Holdings,Single,4,4,3,3,5,2018-03-31
4776,1234,Nova Estates,Single,5,2,4,4,5,2025-05-29
4777,1234,Nova Estates,Single,5,3,2,4,5,2025-02-15
4778,1234,Nova Estates,Professional,4,3,4,2,4,2023-05-25
4779,1234,Nova Estates,Professional,5,2,3,3,5,2020-12-16
4780,1234,Nova Estates,Family,5,3,4,2,5,2023-09-04
4781,1235,Horizon Builders,Professional,5,1,3,2,5,2023-08-10
4782,1235,Horizon Builders,Family,4,2,5,2,3,2024-03-12
4783,1235,Horizon Builders,Professional,3,1,5,4,4,2020-09-16
4784,1235,Horizon Builders,Single,4,2,4,4,4,2022-09-06
4785,1235,Horizon Builders,Retiree,4,5,2,4,3,2020-02-01
4786,1235,Horizon Builders,Student,4,1,3,4,4,2022-07-20
4787,1237,Stonegate,Single,5,5,2,3,5,2019-03-24
4788,1237,Stonegate,Couple,3,5,3,4,3,2025-11-05
4789,1237,Stonegate,Family,4,3,2,4,4,2021-10-06
4790,1237,Stonegate,Student,3,3,4,2,3,2024-03-15
4791,1237,Stonegate,Family,5,4,5,2,4,2024-12-02
4792,1238,Sunrise Group,Couple,2,3,4,5,3,2024-04-17
4793,1238,Sunrise Group,Family,3,4,2,4,4,2025-11-25
4794,1238,Sunrise Group,Professional,3,3,2,3,3,2021-08-11
4795,1240,Nova Estates,Retiree,5,2,2,5,5,2018-08-13
4796,1240,Nova Estates,Student,4,1,4,2,3,2024-12-21
4797,1240,Nova Estates,Student,5,1,5,3,4,2023-11-09
4798,1240,Nova Estates,Retiree,4,2,5,4,4,2018-08-22
4799,1240,Nova Estates,Student,5,2,4,3,5,2018-04-02
4800,1240,Nova Estates,Couple,3,1,3,3,3,2025-05-30
4801,1241,Stonegate,Family,3,4,2,4,3,2025-06-01
4802,1241,Stonegate,Family,3,1,3,3,3,2021-11-22
4803,1241,Stonegate,Single,2,2,3,2,2,2021-11-03
4804,1241,Stonegate,Professional,3,1,3,3,3,2021-06-18
4805,1241,Stonegate,Professional,2,4,4,3,1,2024-11-13
4806,1241,Stonegate,Couple,3,4,4,3,3,2023-07-13
4807,1242,Oakfield Ltd,Family,3,3,2,5,3,2021-09-16
4808,1242,Oakfield Ltd,Family,4,2,4,4,4,2025-03-12
4809,1242,Oakfield Ltd,Couple,3,2,3,4,4,2025-07-22
4810,1242,Oakfield Ltd,Couple,4,3,4,4,3,2021-04-09
4811,1242,Oakfield Ltd,Professional,3,1,2,3,4,2024-09-17
4812,1242,Oakfield Ltd,Family,3,4,4,4,3,2022-07-18
4813,1243,Oakfield Ltd,Single,5,3,4,4,5,2018-09-21
4814,1243,Oakfield Ltd,Couple,5,4,5,4,5,2018-12-11
4815,1243,Oakfield Ltd,Family,3,3,4,4,3,2022-04-01
4816,1244,MetroConstruct,Professional,5,4,4,4,5,2019-09-26
4817,1244,MetroConstruct,Couple,4,4,3,3,4,2023-04-30
4818,1244,MetroConstruct,Retiree,4,4,4,2,3,2019-07-02
4819,1244,MetroConstruct,Retiree,4,5,5,4,4,2023-11-15
4820,1245,Pioneer Homes,Family,4,2,3,3,4,2022-11-06
4821,1245,Pioneer Homes,Family,4,3,3,5,4,2024-12-31
4822,1248,Nova Estates,Family,5,2,4,5,5,2019-01-17
4823,1248,Nova Estates,Student,4,4,3,3,3,2018-05-22
4824,1248,Nova Estates,Single,4,3,4,2,4,2019-08-25
4825,1249,EverHome,Couple,5,2,3,4,5,2020-01-17
4826,1249,EverHome,Family,4,3,4,4,4,2024-12-11
4827,1249,EverHome,Student,5,2,3,3,5,2024-05-06
4828,1249,EverHome,Family,3,5,4,3,3,2018-10-16
4829,1249,EverHome,Family,4,1,2,4,4,2021-08-06
4830,1249,EverHome,Family,5,4,5,4,5,2024-10-29
4831,1249,EverHome,Family,5,2,4,5,4,2018-01-20
4832,1250,Horizon Builders,Family,2,1,4,3,2,2019-07-03
4833,1250,Horizon Builders,Couple,3,1,5,5,3,2019-10-16
4834,1250,Horizon Builders,Couple,2,2,3,5,3,2022-06-14
4835,1250,Horizon Builders,Professional,3,3,5,5,3,2024-09-04
4836,1250,Horizon Builders,Single,3,1,3,4,3,2021-01-19
4837,1250,Horizon Builders,Couple,2,1,3,4,2,2018-12-05
4838,1250,Horizon Builders,Family,5,2,3,3,4,2019-01-03
4839,1251,Oakfield Ltd,Student,3,3,1,5,3,2020-06-11
4840,1251,Oakfield Ltd,Couple,3,1,2,4,3,2023-05-27
4841,1252,Sunrise Group,Single,4,3,3,4,3,2025-10-17
4842,1252,Sunrise Group,Couple,4,3,5,3,4,2023-02-06
4843,1252,Sunrise Group,Single,3,5,4,5,4,2021-11-20
4844,1252,Sunrise Group,Student,5,5,4,3,5,2018-11-23
4845,1252,Sunrise Group,Family,4,2,1,5,3,2023-09-28
4846,1252,Sunrise Group,Family,4,4,3,4,4,2022-05-12
4847,1253,Nova Estates,Retiree,3,1,4,3,3,2025-01-01
4848,1253,Nova Estates,Single,3,2,4,5,4,2020-01-10
4849,1253,Nova Estates,Family,2,1,5,3,3,2021-07-11
4850,1253,Nova Estates,Family,2,2,5,4,3,2023-12-27
4851,1253,Nova Estates,Couple,3,1,4,3,4,2018-04-26
4852,1254,Nova Estates,Professional,2,3,4,3,2,2024-07-08
4853,1254,Nova Estates,Student,3,3,4,4,2,2019-03-09
4854,1254,Nova Estates,Retiree,2,1,2,4,2,2021-10-19
4855,1254,Nova Estates,Single,2,3,3,5,1,2025-02-06
4856,1254,Nova Estates,Couple,3,3,3,5,3,2019-06-15
4857,1254,Nova Estates,Single,2,2,3,4,1,2019-10-27
4858,1254,Nova Estates,Family,3,1,4,2,4,2023-10-14
4859,1254,Nova Estates,Retiree,4,2,3,5,4,2022-09-05
4860,1255,BlueRiver Dev,Professional,3,2,4,3,3,2023-10-06
4861,1256,Sunrise Group,Family,4,4,3,3,5,2018-02-21
4862,1256,Sunrise Group,Retiree,4,4,4,2,5,2020-07-25
4863,1256,Sunrise Group,Family,4,2,4,5,5,2017-12-25
4864,1256,Sunrise Group,Single,3,3,4,5,2,2022-11-09
4865,1256,Sunrise Group,Single,3,3,2,1,2,2024-12-16
4866,1256,Sunrise Group,Single,5,5,4,4,5,2024-12-16
4867,1256,Sunrise Group,Professional,4,3,2,3,4,2022-06-02
4868,1257,Skyline Holdings,Family,5,3,3,3,5,2023-08-20
4869,1257,Skyline Holdings,Single,4,3,4,4,4,2024-10-26
4870,1257,Skyline Holdings,Family,4,4,2,5,4,2022-06-03
4871,1257,Skyline Holdings,Family,5,2,4,5,4,2025-06-04
4872,1257,Skyline Holdings,Couple,5,5,3,5,5,2025-04-25
4873,1257,Skyline Holdings,Retiree,5,1,5,5,5,2025-04-27
4874,1257,Skyline Holdings,Single,4,1,3,5,4,2024-05-23
4875,1257,Skyline Holdings,Student,4,2,3,3,4,2019-12-18
4876,1258,Sunrise Group,Professional,5,5,2,3,5,2025-07-08
4877,1258,Sunrise Group,Family,5,4,5,4,5,2025-08-07
4878,1259,Nova Estates,Couple,2,1,3,3,1,2024-08-08
4879,1259,Nova Estates,Couple,1,2,4,4,1,2025-07-27
4880,1259,Nova Estates,Family,3,3,2,3,3,2025-10-06
4881,1259,Nova Estates,Professional,2,1,3,4,2,2018-12-07
4882,1260,UrbanCore,Couple,3,5,2,3,3,2021-03-22
4883,1260,UrbanCore,Professional,3,3,4,3,3,2025-09-23
4884,1260,UrbanCore,Family,4,2,3,4,3,2018-10-17
4885,1260,UrbanCore,Couple,4,3,4,4,4,2020-01-12
4886,1260,UrbanCore,Professional,4,3,4,4,4,2024-09-03
4887,1260,UrbanCore,Student,4,3,3,3,4,2024-10-20
4888,1260,UrbanCore,Professional,4,5,3,3,5,2018-10-07
4889,1261,Skyline Holdings,Couple,2,3,3,3,2,2020-03-25
4890,1262,Oakfield Ltd,Retiree,4,3,2,3,3,2022-10-10
4891,1262,Oakfield Ltd,Couple,4,4,3,3,5,2024-08-03
4892,1262,Oakfield Ltd,Professional,5,3,3,2,5,2023-10-26
4893,1262,Oakfield Ltd,Family,4,4,5,3,3,2025-02-16
4894,1262,Oakfield Ltd,Professional,3,3,5,2,3,2018-08-15
4895,1263,Skyline Holdings,Student,4,4,2,2,3,2018-03-07
4896,1263,Skyline Holdings,Family,5,4,4,3,4,2023-09-19
4897,1264,Sunrise Group,Couple,3,1,3,3,3,2023-12-05
4898,1264,Sunrise Group,Professional,2,4,4,5,2,2024-06-09
4899,1265,Nova Estates,Couple,4,4,2,3,4,2025-07-25
4900,1265,Nova Estates,Single,4,4,4,3,4,2024-04-07
4901,1265,Nova Estates,Family,4,3,3,2,4,2019-05-06
4902,1265,Nova Estates,Couple,5,3,4,4,5,2024-12-31
4903,1265,Nova Estates,Single,5,5,2,5,4,2022-06-01
4904,1266,Nova Estates,Professional,4,5,3,5,3,2022-02-16
4905,1266,Nova Estates,Couple,4,1,5,4,4,2019-05-23
4906,1266,Nova Estates,Single,4,5,4,4,4,2022-08-27
4907,1266,Nova Estates,Couple,4,2,2,2,4,2024-09-10
4908,1266,Nova Estates,Couple,4,5,1,4,4,2018-07-29
4909,1268,Sunrise Group,Retiree,4,3,3,3,4,2019-07-17
4910,1269,Horizon Builders,Student,5,3,3,3,5,2018-11-12
4911,1269,Horizon Builders,Professional,3,2,3,3,3,2018-09-14
4912,1269,Horizon Builders,Couple,4,3,5,3,3,2025-09-06
4913,1269,Horizon Builders,Single,3,4,3,3,4,2018-04-15
4914,1269,Horizon Builders,Couple,3,2,4,5,4,2024-02-14
4915,1270,Skyline Holdings,Professional,4,2,3,3,5,2020-08-11
4916,1270,Skyline Holdings,Family,4,2,4,2,4,2020-08-07
4917,1270,Skyline Holdings,Retiree,4,1,4,3,4,2023-09-08
4918,1270,Skyline Holdings,Couple,5,2,3,3,5,2023-12-11
4919,1271,BlueRiver Dev,Professional,4,1,3,3,4,2018-11-01
4920,1271,BlueRiver Dev,Family,4,1,3,4,4,2019-06-25
4921,1271,BlueRiver Dev,Family,4,2,3,5,3,2020-09-19
4922,1271,BlueRiver Dev,Student,5,1,2,3,5,2024-09-07
4923,1271,BlueRiver Dev,Single,4,2,3,3,5,2019-03-11
4924,1271,BlueRiver Dev,Single,2,3,4,4,1,2019-12-02
4925,1271,BlueRiver Dev,Retiree,5,3,2,4,5,2023-02-13
4926,1272,Stonegate,Professional,3,2,4,3,3,2023-03-22
4927,1272,Stonegate,Couple,2,2,5,5,3,2019-10-20
4928,1272,Stonegate,Student,2,1,5,1,2,2021-07-17
4929,1272,Stonegate,Family,3,1,4,3,4,2022-04-21
4930,1273,Oakfield Ltd,Couple,3,1,4,4,4,2018-01-28
4931,1273,Oakfield Ltd,Couple,2,2,3,3,2,2021-06-25
4932,1273,Oakfield Ltd,Student,2,1,3,2,1,2019-05-13
4933,1273,Oakfield Ltd,Single,3,4,3,5,3,2023-12-20
4934,1273,Oakfield Ltd,Family,3,1,4,5,3,2019-07-14
4935,1274,Nova Estates,Retiree,4,2,4,2,3,2023-12-24
4936,1275,Sunrise Group,Couple,5,3,3,4,5,2020-09-11
4937,1275,Sunrise Group,Professional,5,2,4,5,5,2021-06-27
4938,1275,Sunrise Group,Couple,3,3,5,2,4,2021-07-01
4939,1275,Sunrise Group,Family,4,3,4,3,4,2024-09-29
4940,1275,Sunrise Group,Family,5,1,4,5,5,2022-02-01
4941,1276,Nova Estates,Student,4,3,5,3,4,2020-03-13
4942,1276,Nova Estates,Single,2,3,3,3,3,2020-09-07
4943,1276,Nova Estates,Single,2,2,3,5,1,2021-08-17
4944,1276,Nova Estates,Family,3,3,5,2,3,2022-12-19
4945,1276,Nova Estates,Couple,3,3,5,2,4,2024-03-27
4946,1276,Nova Estates,Couple,3,2,5,4,3,2019-05-22
4947,1276,Nova Estates,Student,3,4,4,2,3,2023-10-01
4948,1276,Nova Estates,Retiree,3,2,4,3,3,2018-08-28
4949,1277,Skyline Holdings,Retiree,4,5,3,1,3,2025-06-26
4950,1277,Skyline Holdings,Family,4,5,4,4,4,2018-01-20
4951,1277,Skyline Holdings,Couple,3,5,4,3,3,2024-03-24
4952,1277,Skyline Holdings,Professional,5,2,3,3,5,2023-06-23
4953,1277,Skyline Holdings,Professional,5,2,3,4,5,2018-05-03
4954,1277,Skyline Holdings,Student,4,4,2,4,3,2021-02-03
4955,1277,Skyline Holdings,Professional,3,3,3,5,3,2021-12-15
4956,1278,Atlas Properties,Family,3,5,4,5,3,2024-02-03
4957,1278,Atlas Properties,Couple,3,4,5,2,2,2019-10-26
4958,1278,Atlas Properties,Family,3,3,3,4,3,2022-08-03
4959,1278,Atlas Properties,Couple,3,4,4,1,2,2024-10-27
4960,1278,Atlas Properties,Family,3,4,4,2,3,2025-11-03
4961,1278,Atlas Properties,Couple,4,4,4,3,4,2020-05-20
4962,1279,Nova Estates,Retiree,5,2,3,4,4,2019-11-29
4963,1279,Nova Estates,Couple,4,4,4,3,3,2021-06-18
4964,1279,Nova Estates,Family,3,3,4,3,2,2021-08-17
4965,1279,Nova Estates,Single,4,3,4,3,4,2025-05-20
4966,1279,Nova Estates,Single,4,4,3,2,4,2019-12-26
4967,1279,Nova Estates,Couple,3,3,5,5,3,2022-10-08
4968,1280,Sunrise Group,Professional,5,2,5,2,4,2023-05-14
4969,1280,Sunrise Group,Single,3,3,4,4,3,2019-02-26
4970,1280,Sunrise Group,Single,3,3,4,3,4,2024-11-02
4971,1280,Sunrise Group,Family,4,2,4,4,3,2021-07-12
4972,1281,Horizon Builders,Family,5,1,2,4,5,2021-11-05
4973,1281,Horizon Builders,Professional,5,1,3,3,5,2025-11-02
4974,1281,Horizon Builders,Single,4,2,3,5,4,2021-10-16
4975,1281,Horizon Builders,Couple,4,1,3,4,3,2025-02-28
4976,1281,Horizon Builders,Couple,4,1,4,2,4,2023-09-18
4977,1282,BlueRiver Dev,Couple,4,4,4,4,4,2023-06-24
4978,1282,BlueRiver Dev,Couple,5,3,3,3,5,2024-04-07
4979,1282,BlueRiver Dev,Professional,5,3,4,4,4,2022-05-01
4980,1282,BlueRiver Dev,Student,4,4,3,4,4,2021-04-24
4981,1282,BlueRiver Dev,Couple,5,3,3,4,5,2021-09-28
4982,1282,BlueRiver Dev,Family,5,3,3,1,5,2020-01-14
4983,1283,UrbanCore,Couple,3,4,4,2,2,2024-01-03
4984,1283,UrbanCore,Couple,3,3,4,4,3,2018-09-10
4985,1283,UrbanCore,Professional,3,3,3,3,3,2021-11-18
4986,1284,Nova Estates,Couple,4,2,2,5,3,2018-04-23
4987,1284,Nova Estates,Couple,5,2,2,3,5,2018-06-19
4988,1285,GreenBrick,Single,3,4,3,2,2,2022-01-30
4989,1285,GreenBrick,Single,2,3,2,3,2,2022-08-10
4990,1286,UrbanCore,Couple,2,4,3,4,2,2018-11-21
4991,1286,UrbanCore,Family,2,4,5,3,2,2018-05-03
4992,1286,UrbanCore,Professional,3,2,4,4,3,2018-04-12
4993,1287,Nova Estates,Family,3,3,5,4,3,2019-02-18
4994,1287,Nova Estates,Family,3,4,4,3,2,2025-08-22
4995,1287,Nova Estates,Single,3,4,3,5,2,2023-05-13
4996,1287,Nova Estates,Single,4,2,4,3,3,2023-10-03
4997,1287,Nova Estates,Family,3,3,4,3,3,2018-01-01
4998,1287,Nova Estates,Professional,4,4,4,3,4,2024-11-22
4999,1288,GreenBrick,Couple,3,1,4,3,2,2023-06-15
5000,1288,GreenBrick,Retiree,4,3,5,3,4,2022-12-05
5001,1288,GreenBrick,Single,2,3,5,3,2,2020-01-12
5002,1288,GreenBrick,Professional,2,4,1,3,3,2021-07-29
5003,1288,GreenBrick,Family,2,3,5,4,1,2018-07-29
5004,1288,GreenBrick,Single,2,4,3,3,2,2018-04-14
5005,1288,GreenBrick,Family,3,3,3,2,4,2018-09-03
5006,1289,Nova Estates,Couple,3,3,4,3,2,2022-07-05
5007,1289,Nova Estates,Retiree,3,5,4,2,2,2023-07-05
5008,1289,Nova Estates,Couple,2,2,4,5,2,2018-05-23
5009,1289,Nova Estates,Professional,3,5,3,3,3,2021-06-28
5010,1289,Nova Estates,Professional,4,2,4,3,4,2019-02-21
5011,1290,Nova Estates,Professional,4,2,4,3,4,2025-02-14
5012,1290,Nova Estates,Single,5,4,3,3,5,2018-10-01
5013,1290,Nova Estates,Student,4,4,3,3,4,2023-10-20
5014,1290,Nova Estates,Professional,4,2,2,3,4,2021-09-27
5015,1290,Nova Estates,Couple,4,4,4,3,4,2020-10-26
5016,1290,Nova Estates,Couple,3,5,2,3,3,2023-07-07
5017,1290,Nova Estates,Family,4,3,5,4,4,2022-07-21
5018,1290,Nova Estates,Retiree,5,4,4,5,5,2025-09-29
5019,1291,GreenBrick,Couple,4,2,5,4,4,2021-12-05
5020,1291,GreenBrick,Single,4,5,3,4,4,2020-03-03
5021,1291,GreenBrick,Single,4,2,5,5,3,2021-10-19
5022,1291,GreenBrick,Family,5,1,3,3,5,2021-08-03
5023,1291,GreenBrick,Family,5,3,3,4,4,2023-07-10
5024,1291,GreenBrick,Family,2,3,4,4,2,2024-05-28
5025,1292,Nova Estates,Single,5,1,4,5,5,2024-10-26
5026,1292,Nova Estates,Family,5,1,5,3,5,2021-03-11
5027,1292,Nova Estates,Retiree,3,1,3,3,2,2019-02-25
5028,1292,Nova Estates,Student,5,1,3,4,5,2021-07-05
5029,1292,Nova Estates,Professional,5,2,4,3,5,2020-07-07
5030,1292,Nova Estates,Family,4,3,3,3,4,2023-06-10
5031,1293,UrbanCore,Single,2,3,2,2,2,2018-04-06
5032,1293,UrbanCore,Single,3,2,5,5,3,2025-08-24
5033,1293,UrbanCore,Couple,2,4,4,3,2,2022-09-03
5034,1293,UrbanCore,Professional,2,1,3,4,1,2024-05-15
5035,1293,UrbanCore,Retiree,2,2,2,4,3,2020-02-23
5036,1293,UrbanCore,Retiree,2,3,5,4,2,2020-08-19
5037,1293,UrbanCore,Couple,2,5,5,4,1,2021-06-07
5038,1294,BlueRiver Dev,Retiree,2,2,3,2,1,2020-08-12
5039,1294,BlueRiver Dev,Family,2,4,4,3,2,2022-10-22
5040,1294,BlueRiver Dev,Student,2,2,3,2,2,2018-09-28
5041,1294,BlueRiver Dev,Professional,3,2,3,4,4,2022-05-08
5042,1295,Oakfield Ltd,Professional,3,3,2,5,3,2021-01-31
5043,1295,Oakfield Ltd,Couple,3,2,3,3,3,2020-01-25
5044,1295,Oakfield Ltd,Retiree,3,4,4,3,4,2018-08-08
5045,1295,Oakfield Ltd,Couple,4,2,2,3,5,2024-08-31
5046,1296,Skyline Holdings,Family,3,4,3,3,4,2023-07-11
5047,1296,Skyline Holdings,Family,4,5,4,4,4,2023-02-25
5048,1296,Skyline Holdings,Couple,3,2,4,4,3,2023-12-02
5049,1296,Skyline Holdings,Single,3,5,3,5,3,2019-05-26
5050,1296,Skyline Holdings,Professional,2,2,2,4,2,2025-07-13
5051,1296,Skyline Holdings,Couple,3,2,4,4,3,2025-06-14
5052,1298,Nova Estates,Family,3,3,5,3,4,2023-03-12
5053,1298,Nova Estates,Family,5,2,4,2,5,2021-12-19
5054,1298,Nova Estates,Professional,3,4,2,4,2,2024-03-04
5055,1298,Nova Estates,Single,3,2,3,4,3,2019-05-25
5056,1298,Nova Estates,Couple,5,3,4,2,4,2022-05-10
5057,1299,Horizon Builders,Single,3,3,4,5,3,2023-09-18
5058,1299,Horizon Builders,Single,3,4,4,3,2,2021-03-09
5059,1299,Horizon Builders,Family,3,3,1,4,3,2019-01-16
5060,1299,Horizon Builders,Professional,4,3,5,4,4,2023-08-22
5061,1299,Horizon Builders,Couple,4,3,3,4,4,2024-12-15
5062,1299,Horizon Builders,Family,3,3,5,5,4,2019-05-19
5063,1300,BlueRiver Dev,Couple,2,2,4,3,1,2018-09-06
5064,1300,BlueRiver Dev,Retiree,1,4,3,3,1,2024-11-10
5065,1300,BlueRiver Dev,Single,2,3,3,2,1,2019-10-04
5066,1300,BlueRiver Dev,Professional,3,2,4,4,3,2024-06-19
5067,1301,Nova Estates,Professional,4,3,3,4,5,2024-02-02
5068,1301,Nova Estates,Couple,3,5,4,4,2,2019-10-20
5069,1301,Nova Estates,Single,4,4,3,2,4,2020-10-03
5070,1301,Nova Estates,Single,3,3,2,3,4,2022-05-07
5071,1301,Nova Estates,Student,4,2,4,3,5,2018-03-10
5072,1301,Nova Estates,Couple,5,3,5,4,5,2023-05-28
5073,1301,Nova Estates,Couple,4,2,2,3,4,2019-10-23
5074,1301,Nova Estates,Family,4,1,4,4,4,2021-06-27
5075,1302,Luna Developments,Single,2,5,1,2,1,2023-10-29
5076,1303,Nova Estates,Student,3,2,4,4,4,2022-10-07
5077,1303,Nova Estates,Couple,2,4,4,5,1,2025-11-24
5078,1303,Nova Estates,Couple,2,2,4,4,2,2024-12-17
5079,1303,Nova Estates,Professional,4,4,5,3,4,2024-08-02
5080,1304,UrbanCore,Couple,3,1,2,5,3,2019-11-01
5081,1304,UrbanCore,Family,1,2,4,3,2,2023-08-22
5082,1304,UrbanCore,Professional,3,3,1,4,3,2019-04-07
5083,1304,UrbanCore,Single,2,1,1,4,4,2022-04-13
5084,1304,UrbanCore,Professional,2,1,5,3,2,2023-10-25
5085,1304,UrbanCore,Couple,2,2,3,3,2,2024-05-15
5086,1304,UrbanCore,Single,3,2,5,3,3,2019-11-10
5087,1305,BlueRiver Dev,Couple,4,2,3,4,3,2019-04-15
5088,1305,BlueRiver Dev,Retiree,4,3,5,3,4,2018-11-24
5089,1306,Stonegate,Student,5,3,3,5,4,2024-11-17
5090,1306,Stonegate,Single,4,4,5,3,4,2022-05-02
5091,1306,Stonegate,Retiree,4,5,2,4,4,2024-02-11
5092,1306,Stonegate,Professional,5,3,3,4,5,2024-01-28
5093,1306,Stonegate,Professional,5,5,3,5,5,2025-12-09
5094,1306,Stonegate,Retiree,4,4,3,5,3,2023-03-28
5095,1306,Stonegate,Family,4,4,4,4,4,2020-12-15
5096,1307,BlueRiver Dev,Student,2,3,3,2,2,2024-05-22
5097,1307,BlueRiver Dev,Family,3,2,4,3,3,2023-09-28
5098,1307,BlueRiver Dev,Student,2,2,3,4,2,2018-01-10
5099,1307,BlueRiver Dev,Professional,3,3,5,2,2,2018-03-18
5100,1307,BlueRiver Dev,Family,3,1,4,1,3,2018-04-15
5101,1309,GreenBrick,Single,2,3,5,4,1,2020-07-06
5102,1310,Oakfield Ltd,Couple,5,3,5,3,5,2025-11-26
5103,1310,Oakfield Ltd,Student,4,3,3,2,4,2022-05-06
5104,1310,Oakfield Ltd,Professional,3,4,4,2,2,2025-03-19
5105,1310,Oakfield Ltd,Couple,4,2,3,3,5,2018-02-02
5106,1310,Oakfield Ltd,Family,2,2,3,5,2,2018-10-10
5107,1310,Oakfield Ltd,Single,4,2,5,3,3,2019-04-10
5108,1310,Oakfield Ltd,Single,4,2,4,3,4,2023-01-25
5109,1311,Nova Estates,Single,5,4,4,4,5,2024-07-15
5110,1311,Nova Estates,Family,4,3,4,3,4,2025-03-11
5111,1311,Nova Estates,Single,4,3,3,2,5,2019-09-16
5112,1311,Nova Estates,Retiree,4,3,4,5,4,2025-05-31
5113,1311,Nova Estates,Professional,3,3,4,2,2,2025-02-03
5114,1312,Stonegate,Single,3,3,2,3,2,2020-09-20
5115,1312,Stonegate,Family,3,3,2,2,3,2018-12-19
5116,1312,Stonegate,Student,5,4,4,4,5,2018-06-08
5117,1313,UrbanCore,Family,2,1,5,3,2,2025-07-21
5118,1313,UrbanCore,Single,2,1,3,5,2,2021-12-13
5119,1313,UrbanCore,Single,2,2,3,3,3,2022-07-13
5120,1314,Oakfield Ltd,Single,3,3,4,4,3,2020-05-20
5121,1314,Oakfield Ltd,Single,3,2,5,5,3,2019-03-11
5122,1314,Oakfield Ltd,Family,4,2,4,3,4,2025-10-05
5123,1315,Sunrise Group,Retiree,3,2,2,4,3,2024-09-07
5124,1315,Sunrise Group,Couple,4,2,3,2,5,2025-11-18
5125,1316,Horizon Builders,Family,3,4,4,4,3,2018-08-19
5126,1316,Horizon Builders,Student,2,3,2,3,1,2021-04-14
5127,1316,Horizon Builders,Single,4,2,2,3,5,2021-09-07
5128,1316,Horizon Builders,Retiree,2,3,5,2,2,2019-01-13
5129,1317,UrbanCore,Student,4,4,4,3,4,2022-07-26
5130,1317,UrbanCore,Family,4,2,4,4,4,2025-06-17
5131,1317,UrbanCore,Professional,2,2,4,1,2,2019-08-17
5132,1317,UrbanCore,Couple,4,3,3,3,4,2021-10-31
5133,1317,UrbanCore,Family,4,4,5,4,4,2020-02-03
5134,1317,UrbanCore,Couple,4,1,3,2,4,2025-02-10
5135,1317,UrbanCore,Couple,4,1,3,4,4,2022-12-22
5136,1318,Pioneer Homes,Family,5,2,4,3,4,2020-11-23
5137,1318,Pioneer Homes,Professional,5,1,4,5,5,2022-05-16
5138,1318,Pioneer Homes,Family,4,3,5,3,4,2018-12-27
5139,1318,Pioneer Homes,Family,4,2,4,4,5,2025-12-13
5140,1319,Nova Estates,Student,2,3,5,3,2,2022-08-14
5141,1319,Nova Estates,Family,2,3,4,3,2,2024-11-10
5142,1319,Nova Estates,Couple,2,4,2,2,2,2025-05-31
5143,1319,Nova Estates,Single,3,3,3,4,3,2021-07-29
5144,1320,Nova Estates,Single,2,2,4,4,1,2025-07-20
5145,1320,Nova Estates,Student,2,3,3,3,3,2020-01-21
5146,1320,Nova Estates,Family,3,3,3,5,2,2023-10-22
5147,1322,Nova Estates,Professional,5,2,2,4,4,2024-10-08
5148,1322,Nova Estates,Couple,4,3,3,2,5,2019-10-12
5149,1322,Nova Estates,Single,4,2,3,4,4,2020-07-11
5150,1322,Nova Estates,Single,4,4,5,3,4,2018-03-08
5151,1322,Nova Estates,Family,5,1,5,5,5,2020-12-04
5152,1322,Nova Estates,Single,4,4,4,5,3,2021-08-28
5153,1322,Nova Estates,Professional,4,2,3,3,3,2019-06-08
5154,1324,Skyline Holdings,Retiree,2,5,4,4,1,2023-04-19
5155,1325,Cedar & Co,Student,5,2,4,4,5,2020-03-24
5156,1325,Cedar & Co,Retiree,4,4,4,3,5,2020-12-17
5157,1325,Cedar & Co,Student,4,2,3,4,5,2021-06-30
5158,1325,Cedar & Co,Professional,5,4,4,4,5,2019-05-21
5159,1325,Cedar & Co,Retiree,5,3,2,3,5,2018-07-24
5160,1326,GreenBrick,Couple,3,1,3,4,3,2024-01-24
5161,1326,GreenBrick,Professional,2,3,2,4,2,2019-11-07
5162,1327,Nova Estates,Single,3,2,3,4,2,2025-04-01
5163,1327,Nova Estates,Student,3,2,4,4,4,2023-02-20
5164,1327,Nova Estates,Professional,3,2,3,4,3,2021-08-11
5165,1327,Nova Estates,Single,3,4,3,2,2,2024-11-24
5166,1327,Nova Estates,Student,3,4,3,4,4,2020-02-29
5167,1327,Nova Estates,Family,2,4,4,5,1,2019-11-13
5168,1327,Nova Estates,Retiree,2,5,3,4,3,2024-02-03
5169,1328,Oakfield Ltd,Family,3,5,2,5,3,2024-02-27
5170,1328,Oakfield Ltd,Single,3,3,5,3,4,2024-12-22
5171,1328,Oakfield Ltd,Couple,3,5,4,4,4,2022-09-07
5172,1328,Oakfield Ltd,Retiree,4,2,4,3,4,2019-05-19
5173,1328,Oakfield Ltd,Professional,3,4,2,3,3,2025-11-29
5174,1329,Horizon Builders,Couple,5,3,5,4,5,2018-12-19
5175,1329,Horizon Builders,Family,4,3,3,3,4,2019-06-27
5176,1330,Sunrise Group,Student,5,3,4,3,4,2025-10-14
5177,1330,Sunrise Group,Single,5,4,5,2,5,2019-01-20
5178,1330,Sunrise Group,Professional,5,4,4,3,5,2018-05-15
5179,1330,Sunrise Group,Retiree,3,3,2,4,3,2023-07-29
5180,1330,Sunrise Group,Retiree,5,3,3,4,4,2025-09-23
5181,1330,Sunrise Group,Family,3,1,4,3,3,2025-04-10
5182,1330,Sunrise Group,Professional,5,4,3,2,5,2025-03-18
5183,1330,Sunrise Group,Couple,5,4,3,3,5,2024-06-07
5184,1331,UrbanCore,Professional,4,4,3,2,4,2025-09-10
5185,1332,BlueRiver Dev,Professional,3,5,5,2,2,2022-01-08
5186,1332,BlueRiver Dev,Family,3,4,3,4,3,2019-10-03
5187,1332,BlueRiver Dev,Single,5,3,2,3,5,2022-09-04
5188,1332,BlueRiver Dev,Professional,5,2,5,2,5,2025-05-21
5189,1332,BlueRiver Dev,Professional,4,2,5,4,3,2025-11-15
5190,1332,BlueRiver Dev,Couple,3,2,5,3,4,2023-05-28
5191,1332,BlueRiver Dev,Student,3,2,3,3,4,2022-11-24
5192,1333,Skyline Holdings,Professional,2,1,4,4,1,2022-10-02
5193,1333,Skyline Holdings,Single,2,3,5,3,1,2018-11-23
5194,1333,Skyline Holdings,Family,2,2,4,4,2,2018-12-08
5195,1333,Skyline Holdings,Couple,3,4,3,5,3,2024-12-22
5196,1333,Skyline Holdings,Couple,4,1,4,1,4,2025-11-24
5197,1335,Cedar & Co,Single,4,2,3,5,4,2021-09-21
5198,1335,Cedar & Co,Couple,4,3,4,3,4,2022-05-04
5199,1335,Cedar & Co,Professional,4,1,2,4,2,2025-01-28
5200,1335,Cedar & Co,Family,4,2,4,3,4,2022-04-01
5201,1335,Cedar & Co,Couple,5,3,4,4,4,2020-10-18
5202,1335,Cedar & Co,Student,5,1,2,4,4,2020-01-17
5203,1335,Cedar & Co,Couple,4,1,4,3,4,2020-02-16
5204,1336,Horizon Builders,Retiree,5,4,4,4,4,2023-07-15
5205,1336,Horizon Builders,Couple,3,2,5,4,3,2020-09-16
5206,1336,Horizon Builders,Retiree,3,3,5,3,1,2022-05-27
5207,1336,Horizon Builders,Retiree,5,2,4,5,4,2023-05-26
5208,1338,BlueRiver Dev,Professional,3,5,5,4,3,2018-11-24
5209,1338,BlueRiver Dev,Couple,2,4,2,3,2,2024-10-04
5210,1339,Nova Estates,Single,4,3,4,3,4,2020-04-13
5211,1339,Nova Estates,Retiree,4,2,4,2,4,2019-12-12
5212,1339,Nova Estates,Retiree,4,2,4,4,4,2025-09-06
5213,1340,Nova Estates,Couple,4,2,4,4,4,2023-06-05
5214,1340,Nova Estates,Retiree,2,2,3,3,2,2018-05-14
5215,1340,Nova Estates,Family,3,3,3,5,2,2022-09-05
5216,1340,Nova Estates,Family,2,2,5,5,2,2023-07-15
5217,1340,Nova Estates,Couple,3,3,4,4,3,2017-12-21
5218,1340,Nova Estates,Retiree,2,3,4,4,3,2023-08-16
5219,1341,Skyline Holdings,Family,4,3,1,3,3,2023-10-29
5220,1341,Skyline Holdings,Retiree,4,1,4,4,5,2020-05-22
5221,1341,Skyline Holdings,Family,5,5,3,4,5,2021-09-24
5222,1341,Skyline Holdings,Family,5,5,3,5,5,2023-03-08
5223,1342,Sunrise Group,Couple,3,2,2,4,4,2022-04-02
5224,1342,Sunrise Group,Single,3,2,5,5,3,2018-02-24
5225,1342,Sunrise Group,Family,4,3,4,3,5,2024-05-13
5226,1342,Sunrise Group,Family,3,3,3,4,3,2021-04-30
5227,1342,Sunrise Group,Family,4,1,4,2,4,2024-06-25
5228,1343,Stonegate,Couple,4,4,4,4,4,2021-02-03
5229,1343,Stonegate,Professional,5,5,2,5,5,2019-11-27
5230,1344,Pioneer Homes,Family,3,2,3,4,3,2022-04-17
5231,1344,Pioneer Homes,Professional,5,4,3,3,5,2022-11-15
5232,1344,Pioneer Homes,Student,4,3,2,2,4,2022-08-19
5233,1344,Pioneer Homes,Family,4,1,3,4,3,2022-02-02
5234,1344,Pioneer Homes,Family,5,3,4,4,5,2023-07-14
5235,1344,Pioneer Homes,Single,4,3,4,3,3,2023-02-28
5236,1344,Pioneer Homes,Couple,5,1,5,5,4,2024-08-05
5237,1345,Pioneer Homes,Family,4,3,3,4,4,2023-03-13
5238,1345,Pioneer Homes,Couple,4,1,4,3,5,2022-11-16
5239,1345,Pioneer Homes,Retiree,4,1,5,4,4,2018-05-18
5240,1345,Pioneer Homes,Couple,3,1,4,5,3,2024-04-10
5241,1345,Pioneer Homes,Couple,4,2,3,3,4,2020-10-30
5242,1345,Pioneer Homes,Family,5,3,4,4,5,2021-10-20
5243,1346,Sunrise Group,Professional,3,3,4,4,2,2025-01-01
5244,1346,Sunrise Group,Professional,4,4,5,4,4,2022-11-22
5245,1346,Sunrise Group,Couple,4,3,3,3,4,2022-03-15
5246,1347,GreenBrick,Family,3,4,3,2,3,2023-08-31
5247,1347,GreenBrick,Professional,3,2,4,3,3,2019-03-02
5248,1347,GreenBrick,Professional,2,3,5,3,3,2018-10-12
5249,1347,GreenBrick,Student,2,3,4,5,3,2024-04-01
5250,1347,GreenBrick,Couple,3,4,2,4,4,2021-12-20
5251,1347,GreenBrick,Retiree,1,5,5,4,1,2024-07-04
5252,1348,GreenBrick,Couple,4,3,2,2,4,2024-09-22
5253,1348,GreenBrick,Couple,4,5,3,4,3,2021-05-12
5254,1348,GreenBrick,Family,5,3,4,3,4,2023-10-16
5255,1348,GreenBrick,Student,5,2,1,5,5,2023-01-20
5256,1348,GreenBrick,Professional,3,3,4,3,3,2021-11-19
5257,1348,GreenBrick,Couple,5,3,5,2,5,2021-03-02
5258,1348,GreenBrick,Couple,4,5,3,4,3,2019-07-13
5259,1350,Nova Estates,Single,4,3,4,5,4,2019-08-27
5260,1350,Nova Estates,Family,4,3,4,4,4,2024-05-20
5261,1350,Nova Estates,Single,5,3,4,3,5,2018-08-07
5262,1351,Stonegate,Student,3,2,4,4,3,2022-07-16
5263,1351,Stonegate,Retiree,2,2,4,5,3,2018-05-28
5264,1351,Stonegate,Professional,3,3,2,4,4,2021-09-30
5265,1351,Stonegate,Family,2,1,2,5,2,2018-03-01
5266,1351,Stonegate,Family,2,2,3,3,2,2022-01-17
5267,1351,Stonegate,Single,2,4,4,3,1,2020-08-13
5268,1351,Stonegate,Couple,3,2,4,4,2,2022-04-30
5269,1351,Stonegate,Single,2,2,4,4,2,2022-12-01
5270,1352,UrbanCore,Retiree,3,3,3,4,3,2018-08-18
5271,1352,UrbanCore,Family,4,3,5,4,4,2020-07-05
5272,1352,UrbanCore,Professional,4,3,2,4,4,2021-12-21
5273,1352,UrbanCore,Professional,4,4,4,3,5,2025-02-09
5274,1354,Pioneer Homes,Couple,3,3,4,3,4,2018-03-12
5275,1354,Pioneer Homes,Couple,3,2,2,3,3,2023-12-15
5276,1354,Pioneer Homes,Couple,2,1,4,3,2,2019-02-14
5277,1355,Sunrise Group,Retiree,3,5,4,2,2,2023-01-24
5278,1355,Sunrise Group,Retiree,4,3,4,4,4,2024-05-23
5279,1355,Sunrise Group,Professional,2,2,5,3,2,2025-06-29
5280,1355,Sunrise Group,Retiree,4,5,4,5,4,2022-02-14
5281,1356,Stonegate,Single,4,5,4,4,4,2024-09-07
5282,1356,Stonegate,Retiree,4,4,5,2,4,2025-10-18
5283,1356,Stonegate,Professional,3,5,3,3,2,2024-09-14
5284,1356,Stonegate,Family,4,3,2,3,4,2020-08-27
5285,1356,Stonegate,Student,3,3,4,2,3,2024-01-15
5286,1357,EverHome,Family,4,3,4,4,3,2020-11-07
5287,1357,EverHome,Single,4,3,4,2,3,2024-10-18
5288,1357,EverHome,Single,5,3,1,4,5,2021-06-14
5289,1357,EverHome,Single,3,3,2,5,3,2018-09-11
5290,1357,EverHome,Single,4,3,3,3,4,2020-01-18
5291,1357,EverHome,Professional,3,2,4,1,4,2017-12-17
5292,1357,EverHome,Family,3,3,4,3,2,2018-08-08
5293,1358,Sunrise Group,Retiree,2,5,4,4,1,2021-06-11
5294,1358,Sunrise Group,Couple,2,4,5,4,2,2021-03-03
5295,1358,Sunrise Group,Family,3,3,3,5,3,2018-09-19
5296,1358,Sunrise Group,Single,1,4,4,5,1,2022-09-24
5297,1358,Sunrise Group,Professional,3,3,3,5,3,2018-06-22
5298,1359,Skyline Holdings,Family,4,3,4,3,5,2021-01-28
5299,1359,Skyline Holdings,Couple,5,3,5,4,5,2019-08-14
5300,1359,Skyline Holdings,Professional,5,3,3,4,4,2018-03-16
5301,1359,Skyline Holdings,Family,3,3,4,5,2,2018-05-16
5302,1360,Horizon Builders,Student,3,1,3,4,3,2019-12-01
5303,1360,Horizon Builders,Single,3,2,3,3,3,2022-11-06
5304,1360,Horizon Builders,Family,2,4,4,2,3,2020-11-10
5305,1360,Horizon Builders,Family,2,1,3,3,1,2025-04-23
5306,1360,Horizon Builders,Single,2,3,4,5,2,2025-07-08
5307,1360,Horizon Builders,Couple,2,1,2,4,2,2025-10-05
5308,1360,Horizon Builders,Single,2,3,5,4,1,2019-09-22
5309,1362,Skyline Holdings,Retiree,2,1,3,2,2,2020-06-03
5310,1362,Skyline Holdings,Student,2,2,2,4,2,2024-10-10
5311,1362,Skyline Holdings,Single,2,1,3,3,2,2025-01-05
5312,1362,Skyline Holdings,Single,3,1,3,2,3,2024-08-22
5313,1362,Skyline Holdings,Single,3,1,2,5,3,2021-04-03
5314,1362,Skyline Holdings,Single,2,1,5,2,2,2022-08-17
5315,1362,Skyline Holdings,Couple,3,2,3,5,3,2022-07-03
5316,1362,Skyline Holdings,Professional,3,1,2,3,4,2023-12-26
5317,1363,Horizon Builders,Single,4,4,3,2,4,2018-09-26
5318,1363,Horizon Builders,Student,3,2,5,4,2,2024-01-25
5319,1363,Horizon Builders,Family,3,2,3,3,3,2021-07-18
5320,1363,Horizon Builders,Professional,4,3,3,3,5,2018-02-24
5321,1364,Horizon Builders,Family,2,3,5,1,1,2019-09-12
5322,1364,Horizon Builders,Retiree,3,2,3,3,2,2025-06-26
5323,1366,Nova Estates,Student,3,2,2,5,3,2024-07-29
5324,1366,Nova Estates,Couple,2,3,3,4,2,2020-04-03
5325,1367,BlueRiver Dev,Retiree,5,1,4,4,5,2018-05-13
5326,1367,BlueRiver Dev,Single,2,2,4,3,2,2024-12-29
5327,1367,BlueRiver Dev,Professional,5,1,2,2,5,2021-01-18
5328,1367,BlueRiver Dev,Family,4,2,4,3,4,2023-10-28
5329,1367,BlueRiver Dev,Retiree,4,2,3,3,3,2021-10-20
5330,1367,BlueRiver Dev,Family,3,1,2,3,3,2021-03-29
5331,1367,BlueRiver Dev,Family,4,2,4,4,3,2020-11-07
5332,1368,EverHome,Student,1,2,5,4,1,2018-09-11
5333,1369,Nova Estates,Family,2,2,2,3,2,2024-08-12
5334,1369,Nova Estates,Student,2,1,3,3,2,2025-05-04
5335,1369,Nova Estates,Single,1,2,3,5,1,2022-12-22
5336,1369,Nova Estates,Family,3,1,3,5,4,2020-04-12
5337,1369,Nova Estates,Family,3,1,3,4,4,2024-09-23
5338,1369,Nova Estates,Retiree,3,2,3,3,2,2020-01-16
5339,1369,Nova Estates,Student,3,2,3,4,3,2025-02-24
5340,1369,Nova Estates,Family,3,1,3,4,3,2023-01-14
5341,1370,Skyline Holdings,Family,5,2,4,3,4,2020-05-08
5342,1370,Skyline Holdings,Couple,3,3,2,3,4,2022-04-29
5343,1370,Skyline Holdings,Couple,5,2,4,4,5,2018-06-16
5344,1370,Skyline Holdings,Couple,5,2,4,4,4,2021-11-15
5345,1370,Skyline Holdings,Couple,4,2,5,3,4,2020-02-14
5346,1370,Skyline Holdings,Couple,4,2,2,3,5,2023-04-15
5347,1371,Cedar & Co,Couple,3,3,4,3,4,2025-09-10
5348,1371,Cedar & Co,Couple,2,1,4,3,2,2021-11-03
5349,1371,Cedar & Co,Couple,2,3,2,2,2,2022-08-02
5350,1371,Cedar & Co,Couple,3,3,2,3,3,2019-05-12
5351,1371,Cedar & Co,Couple,3,4,4,3,3,2019-04-04
5352,1372,Nova Estates,Retiree,5,5,2,3,4,2018-01-22
5353,1372,Nova Estates,Student,4,5,3,4,4,2020-03-25
5354,1372,Nova Estates,Couple,4,3,2,4,4,2024-04-28
5355,1373,MetroConstruct,Family,4,4,5,5,4,2021-09-03
5356,1373,MetroConstruct,Family,2,1,4,5,1,2022-02-03
5357,1373,MetroConstruct,Couple,3,1,3,3,3,2024-12-18
5358,1373,MetroConstruct,Retiree,1,1,4,3,1,2019-08-10
5359,1373,MetroConstruct,Couple,2,2,4,3,2,2021-03-03
5360,1373,MetroConstruct,Retiree,1,2,5,2,1,2022-01-13
5361,1373,MetroConstruct,Family,4,1,2,2,4,2020-08-10
5362,1373,MetroConstruct,Family,3,2,3,3,3,2020-06-12
5363,1374,Sunrise Group,Single,3,1,5,3,3,2021-04-27
5364,1374,Sunrise Group,Couple,2,5,4,4,2,2019-01-06
5365,1375,Skyline Holdings,Family,3,4,4,4,2,2019-02-10
5366,1375,Skyline Holdings,Single,5,2,3,5,4,2021-11-04
5367,1375,Skyline Holdings,Single,4,2,2,2,4,2024-02-22
5368,1375,Skyline Holdings,Student,5,2,5,4,5,2018-07-16
5369,1375,Skyline Holdings,Single,5,2,4,2,4,2023-03-03
5370,1375,Skyline Holdings,Single,3,2,3,3,2,2022-06-07
5371,1376,Stonegate,Student,4,3,3,3,5,2018-10-16
5372,1377,Sunrise Group,Couple,2,3,4,5,3,2025-06-01
5373,1377,Sunrise Group,Professional,4,1,2,3,4,2023-11-04
5374,1377,Sunrise Group,Couple,5,1,1,4,5,2020-08-17
5375,1377,Sunrise Group,Professional,5,1,4,4,5,2023-03-16
5376,1377,Sunrise Group,Retiree,5,1,4,5,5,2019-12-20
5377,1377,Sunrise Group,Student,4,3,4,3,5,2023-09-26
5378,1377,Sunrise Group,Single,5,1,3,3,5,2019-02-20
5379,1378,UrbanCore,Couple,3,4,1,3,2,2022-05-03
5380,1378,UrbanCore,Family,3,3,3,4,2,2025-09-18
5381,1378,UrbanCore,Family,4,5,4,2,4,2019-02-16
5382,1379,GreenBrick,Single,3,3,4,3,3,2021-12-08
5383,1379,GreenBrick,Student,4,1,3,4,5,2019-01-08
5384,1379,GreenBrick,Single,4,4,2,4,4,2019-02-13
5385,1379,GreenBrick,Couple,4,4,4,4,4,2021-08-31
5386,1379,GreenBrick,Couple,4,3,4,2,3,2018-12-11
5387,1379,GreenBrick,Retiree,3,2,4,2,3,2022-04-23
5388,1380,Horizon Builders,Single,3,1,5,3,3,2022-10-09
5389,1381,Nova Estates,Family,3,4,4,3,3,2018-08-19
5390,1381,Nova Estates,Family,3,3,3,5,2,2024-09-28
5391,1381,Nova Estates,Professional,3,4,3,5,3,2019-08-26
5392,1381,Nova Estates,Retiree,2,2,3,4,1,2022-04-11
5393,1381,Nova Estates,Single,2,4,2,3,3,2023-02-04
5394,1381,Nova Estates,Family,4,3,4,3,5,2021-02-18
5395,1382,GreenBrick,Family,2,3,3,3,2,2024-05-28
5396,1382,GreenBrick,Retiree,3,2,2,4,3,2019-03-27
5397,1383,Cedar & Co,Couple,3,2,4,2,3,2018-02-23
5398,1384,Skyline Holdings,Couple,5,3,4,4,5,2022-09-03
5399,1384,Skyline Holdings,Family,4,3,3,2,4,2022-01-27
5400,1384,Skyline Holdings,Retiree,5,4,4,4,5,2024-02-15
5401,1384,Skyline Holdings,Single,5,5,2,2,5,2024-11-03
5402,1384,Skyline Holdings,Student,3,2,2,4,3,2023-05-26
5403,1385,Horizon Builders,Single,5,5,4,3,5,2024-04-16
5404,1385,Horizon Builders,Professional,4,2,5,3,4,2025-05-07
5405,1385,Horizon Builders,Couple,4,3,2,2,4,2025-06-05
5406,1385,Horizon Builders,Professional,4,4,3,3,5,2023-05-14
5407,1385,Horizon Builders,Family,5,4,4,4,4,2023-09-24
5408,1386,GreenBrick,Student,2,2,3,5,2,2021-07-14
5409,1386,GreenBrick,Family,2,3,3,3,2,2024-05-15
5410,1386,GreenBrick,Student,2,5,2,4,2,2021-12-26
5411,1386,GreenBrick,Couple,2,3,4,4,2,2022-08-24
5412,1386,GreenBrick,Couple,3,3,4,3,3,2021-12-04
5413,1386,GreenBrick,Professional,3,3,3,3,2,2023-07-27
5414,1386,GreenBrick,Professional,3,2,3,3,4,2019-11-03
5415,1386,GreenBrick,Retiree,2,4,4,3,2,2019-07-28
5416,1388,Nova Estates,Family,4,3,4,3,5,2022-10-02
5417,1388,Nova Estates,Single,5,2,1,4,5,2020-08-14
5418,1388,Nova Estates,Single,3,1,4,3,5,2019-01-14
5419,1388,Nova Estates,Family,5,1,4,2,5,2020-12-01
5420,1388,Nova Estates,Family,3,3,3,4,3,2022-10-01
5421,1388,Nova Estates,Family,4,2,2,5,4,2022-08-28
5422,1390,Sunrise Group,Family,4,2,3,4,3,2021-03-09
5423,1390,Sunrise Group,Family,4,2,2,3,3,2025-06-16
5424,1390,Sunrise Group,Single,4,3,2,1,5,2024-08-22
5425,1390,Sunrise Group,Family,5,1,4,5,5,2018-01-26
5426,1390,Sunrise Group,Professional,3,2,3,3,3,2020-02-13
5427,1390,Sunrise Group,Family,4,3,3,4,5,2019-02-23
5428,1390,Sunrise Group,Couple,3,1,4,4,4,2024-02-15
5429,1390,Sunrise Group,Family,3,2,4,4,3,2021-06-12
5430,1391,Skyline Holdings,Couple,4,3,1,4,4,2022-10-25
5431,1391,Skyline Holdings,Family,4,5,2,1,3,2018-06-08
5432,1391,Skyline Holdings,Student,5,3,2,3,5,2020-02-06
5433,1391,Skyline Holdings,Family,3,3,3,3,3,2023-01-19
5434,1391,Skyline Holdings,Couple,4,3,4,4,5,2024-07-13
5435,1391,Skyline Holdings,Student,4,3,3,5,3,2023-08-24
5436,1392,Nova Estates,Single,3,2,5,2,3,2023-04-10
5437,1392,Nova Estates,Couple,4,4,3,3,4,2018-04-10
5438,1393,Nova Estates,Family,3,3,4,1,1,2018-02-16
5439,1393,Nova Estates,Family,5,1,3,5,5,2019-10-06
5440,1393,Nova Estates,Couple,4,1,4,4,3,2020-02-27
5441,1393,Nova Estates,Single,4,3,4,4,4,2020-08-23
5442,1393,Nova Estates,Couple,4,3,4,2,4,2021-09-21
5443,1393,Nova Estates,Professional,5,3,5,3,5,2023-10-05
5444,1394,UrbanCore,Single,3,4,4,2,3,2022-02-07
5445,1394,UrbanCore,Family,3,4,3,1,3,2024-10-25
5446,1394,UrbanCore,Student,2,3,3,4,1,2025-09-29
5447,1394,UrbanCore,Couple,2,3,4,4,2,2018-09-15
5448,1394,UrbanCore,Professional,3,4,2,2,3,2019-08-20
5449,1395,GreenBrick,Family,4,2,4,4,3,2021-04-05
5450,1395,GreenBrick,Single,5,2,3,4,5,2018-04-01
5451,1395,GreenBrick,Single,5,3,5,3,4,2025-10-15
5452,1395,GreenBrick,Couple,4,2,3,4,4,2019-04-30
5453,1395,GreenBrick,Couple,5,3,4,4,5,2023-11-16
5454,1395,GreenBrick,Student,4,3,3,3,4,2025-03-12
5455,1396,MetroConstruct,Retiree,3,2,1,3,3,2019-08-30
5456,1396,MetroConstruct,Retiree,3,2,5,5,2,2019-08-25
5457,1396,MetroConstruct,Single,4,2,4,3,4,2020-11-28
5458,1396,MetroConstruct,Single,3,4,3,5,3,2020-01-13
5459,1396,MetroConstruct,Professional,3,2,2,3,4,2019-04-05
5460,1396,MetroConstruct,Family,3,2,4,4,3,2025-06-23
5461,1396,MetroConstruct,Student,2,4,4,3,2,2018-02-21
5462,1397,Sunrise Group,Couple,3,2,5,2,4,2022-08-28
5463,1397,Sunrise Group,Family,2,2,5,4,2,2025-06-22
5464,1397,Sunrise Group,Family,4,3,4,1,4,2021-02-05
5465,1397,Sunrise Group,Family,2,4,4,5,2,2024-10-24
5466,1397,Sunrise Group,Student,2,3,3,4,2,2023-03-23
5467,1397,Sunrise Group,Professional,3,3,3,4,3,2018-06-17
5468,1398,Skyline Holdings,Family,3,5,4,5,3,2024-07-28
5469,1398,Skyline Holdings,Professional,2,3,3,5,2,2020-01-28
5470,1399,Horizon Builders,Professional,2,1,3,3,3,2025-06-12
5471,1400,BlueRiver Dev,Professional,3,2,2,4,3,2018-05-31
5472,1400,BlueRiver Dev,Single,5,2,5,4,5,2025-01-22
5473,1400,BlueRiver Dev,Student,5,3,2,4,5,2020-01-09
5474,1400,BlueRiver Dev,Family,5,3,5,4,5,2021-07-14
5475,1400,BlueRiver Dev,Couple,5,3,4,3,5,2024-04-25
5476,1400,BlueRiver Dev,Couple,3,2,3,4,3,2024-07-07
5477,1401,Nova Estates,Single,5,3,3,2,5,2024-08-23
5478,1401,Nova Estates,Couple,5,3,2,3,4,2018-04-26
5479,1401,Nova Estates,Single,4,4,4,4,5,2023-03-10
5480,1401,Nova Estates,Student,4,3,3,2,4,2020-02-26
5481,1401,Nova Estates,Retiree,4,5,5,5,4,2021-07-29
5482,1401,Nova Estates,Professional,5,3,4,4,5,2019-12-26
5483,1401,Nova Estates,Single,4,5,4,4,4,2022-01-03
5484,1402,Nova Estates,Professional,4,4,3,3,4,2023-09-01
5485,1402,Nova Estates,Family,4,4,4,3,5,2025-08-04
5486,1402,Nova Estates,Family,4,5,4,5,3,2024-11-21
5487,1402,Nova Estates,Student,2,4,5,2,2,2025-03-16
5488,1402,Nova Estates,Single,3,2,4,3,3,2020-01-29
5489,1403,Nova Estates,Retiree,3,4,3,4,4,2025-04-08
5490,1403,Nova Estates,Professional,3,4,3,5,3,2019-12-14
5491,1403,Nova Estates,Professional,2,3,4,4,2,2023-09-14
5492,1403,Nova Estates,Family,3,1,5,4,3,2024-06-11
5493,1403,Nova Estates,Retiree,3,5,2,5,4,2023-06-13
5494,1403,Nova Estates,Retiree,2,2,3,1,2,2025-11-01
5495,1404,Pioneer Homes,Couple,1,5,5,4,1,2018-01-06
5496,1404,Pioneer Homes,Family,2,3,4,5,1,2022-12-27
5497,1404,Pioneer Homes,Couple,3,4,4,3,2,2025-07-02
5498,1404,Pioneer Homes,Couple,3,4,5,3,3,2020-01-28
5499,1404,Pioneer Homes,Family,2,5,2,4,1,2019-05-09
5500,1404,Pioneer Homes,Single,2,5,3,4,2,2023-05-16
5501,1406,Sunrise Group,Family,3,3,3,3,3,2022-02-03
5502,1406,Sunrise Group,Professional,2,4,3,3,1,2024-09-22
5503,1406,Sunrise Group,Single,3,3,4,4,4,2020-10-22
5504,1406,Sunrise Group,Couple,4,3,4,4,4,2019-04-30
5505,1407,MetroConstruct,Student,3,2,2,4,4,2023-08-22
5506,1407,MetroConstruct,Family,2,2,3,3,2,2021-01-23
5507,1407,MetroConstruct,Single,3,2,5,3,3,2018-11-25
5508,1407,MetroConstruct,Retiree,4,4,3,3,4,2024-05-23
5509,1407,MetroConstruct,Professional,2,1,4,3,3,2022-08-23
5510,1407,MetroConstruct,Professional,3,3,4,4,3,2019-04-09
5511,1407,MetroConstruct,Couple,1,1,4,4,1,2021-05-12
5512,1409,UrbanCore,Family,2,4,4,3,3,2019-02-16
5513,1409,UrbanCore,Single,4,4,3,3,5,2019-07-04
5514,1409,UrbanCore,Couple,3,4,4,3,4,2024-01-29
5515,1409,UrbanCore,Single,3,3,3,4,4,2018-11-17
5516,1410,Stonegate,Student,4,2,3,5,4,2020-09-24
5517,1411,Skyline Holdings,Student,3,3,5,2,5,2019-01-17
5518,1411,Skyline Holdings,Couple,3,4,4,2,3,2020-09-01
5519,1411,Skyline Holdings,Professional,3,4,3,3,3,2023-05-22
5520,1411,Skyline Holdings,Professional,4,3,3,2,4,2022-10-30
5521,1411,Skyline Holdings,Couple,3,1,4,3,3,2018-10-04
5522,1412,Nova Estates,Couple,5,3,4,4,5,2024-05-02
5523,1412,Nova Estates,Family,5,1,4,4,5,2023-08-01
5524,1412,Nova Estates,Single,4,3,3,3,4,2018-08-03
5525,1412,Nova Estates,Couple,4,2,5,3,4,2022-12-14
5526,1413,Skyline Holdings,Couple,5,5,5,4,5,2025-11-19
5527,1413,Skyline Holdings,Couple,5,5,4,4,4,2018-05-26
5528,1413,Skyline Holdings,Family,4,5,3,4,4,2021-05-18
5529,1413,Skyline Holdings,Couple,5,4,4,4,5,2019-06-12
5530,1413,Skyline Holdings,Professional,5,5,5,4,5,2018-05-10
5531,1413,Skyline Holdings,Couple,5,5,4,5,5,2025-10-12
5532,1413,Skyline Holdings,Single,4,4,2,3,4,2020-02-03
5533,1413,Skyline Holdings,Family,4,4,4,5,3,2023-10-10
5534,1414,Nova Estates,Retiree,3,2,5,5,3,2018-03-08
5535,1414,Nova Estates,Couple,4,4,4,5,4,2025-06-19
5536,1414,Nova Estates,Professional,5,5,4,4,5,2025-07-30
5537,1414,Nova Estates,Family,5,3,3,3,4,2023-11-07
5538,1414,Nova Estates,Couple,4,2,4,2,5,2025-07-14
5539,1414,Nova Estates,Single,5,1,4,4,5,2022-08-24
5540,1414,Nova Estates,Student,4,2,3,4,4,2018-04-26
5541,1414,Nova Estates,Student,4,1,4,3,4,2020-03-25
5542,1415,UrbanCore,Student,3,3,5,3,3,2021-05-29
5543,1416,Luna Developments,Retiree,5,3,2,4,5,2022-05-04
5544,1416,Luna Developments,Couple,3,3,4,3,2,2024-07-22
5545,1416,Luna Developments,Couple,5,2,3,4,5,2024-05-28
5546,1416,Luna Developments,Single,4,3,1,5,4,2025-09-24
5547,1416,Luna Developments,Student,5,2,3,4,5,2024-10-18
5548,1416,Luna Developments,Family,5,3,3,4,4,2024-02-26
5549,1416,Luna Developments,Couple,4,1,4,5,3,2018-09-27
5550,1417,Nova Estates,Retiree,4,4,5,3,5,2023-10-01
5551,1417,Nova Estates,Student,5,4,2,3,5,2020-04-22
5552,1417,Nova Estates,Couple,5,3,3,2,5,2021-05-09
5553,1417,Nova Estates,Couple,3,3,4,3,3,2021-06-03
5554,1417,Nova Estates,Single,5,3,3,3,4,2023-08-08
5555,1417,Nova Estates,Student,3,5,4,4,3,2020-01-15
5556,1418,Nova Estates,Family,5,1,3,5,5,2022-03-22
5557,1418,Nova Estates,Student,4,3,4,3,3,2023-08-13
5558,1418,Nova Estates,Student,5,2,4,1,5,2019-12-13
5559,1418,Nova Estates,Couple,3,3,3,3,4,2022-10-21
5560,1418,Nova Estates,Professional,4,4,4,4,4,2025-03-23
5561,1419,Sunrise Group,Couple,2,2,5,3,2,2024-09-10
5562,1419,Sunrise Group,Couple,3,2,3,4,3,2017-12-26
5563,1419,Sunrise Group,Family,2,1,2,3,2,2024-03-06
5564,1419,Sunrise Group,Professional,2,1,4,4,1,2024-04-07
5565,1419,Sunrise Group,Couple,2,2,4,5,2,2020-11-28
5566,1421,Skyline Holdings,Student,4,3,3,4,5,2019-05-07
5567,1421,Skyline Holdings,Professional,4,2,4,3,4,2019-07-06
5568,1421,Skyline Holdings,Family,5,5,4,4,5,2019-01-06
5569,1421,Skyline Holdings,Student,3,5,2,4,3,2022-05-05
5570,1421,Skyline Holdings,Single,5,2,3,5,5,2025-10-13
5571,1421,Skyline Holdings,Single,4,4,3,1,4,2023-03-22
5572,1421,Skyline Holdings,Professional,4,2,2,3,4,2024-04-23
5573,1422,Sunrise Group,Family,4,3,2,1,4,2022-11-06
5574,1422,Sunrise Group,Family,4,4,3,3,4,2018-01-15
5575,1423,Nova Estates,Couple,5,2,3,4,5,2022-08-28
5576,1423,Nova Estates,Retiree,4,3,4,4,4,2018-09-25
5577,1423,Nova Estates,Couple,4,4,2,2,5,2020-10-10
5578,1423,Nova Estates,Professional,4,1,4,4,4,2018-12-29
5579,1425,Atlas Properties,Single,2,2,2,3,2,2024-07-09
5580,1425,Atlas Properties,Family,3,2,5,4,3,2022-11-03
5581,1425,Atlas Properties,Family,3,2,4,3,4,2024-01-19
5582,1425,Atlas Properties,Professional,2,2,4,3,2,2025-08-01
5583,1425,Atlas Properties,Single,2,1,3,4,2,2019-07-16
5584,1426,Cedar & Co,Student,5,5,3,3,5,2020-03-13
5585,1427,Nova Estates,Family,5,3,4,3,5,2023-10-23
5586,1427,Nova Estates,Family,5,5,4,3,5,2025-04-10
5587,1428,Luna Developments,Couple,2,1,3,3,2,2023-08-15
5588,1428,Luna Developments,Student,3,3,5,2,4,2018-05-24
5589,1428,Luna Developments,Couple,2,3,4,3,3,2022-01-25
5590,1428,Luna Developments,Couple,1,4,4,3,1,2025-07-20
5591,1429,Horizon Builders,Couple,3,4,4,2,3,2018-05-22
5592,1429,Horizon Builders,Couple,4,3,5,4,5,2021-06-20
5593,1429,Horizon Builders,Retiree,4,3,2,2,4,2018-06-14
5594,1429,Horizon Builders,Professional,4,3,4,3,4,2021-06-07
5595,1429,Horizon Builders,Single,4,3,5,5,5,2023-07-04
5596,1429,Horizon Builders,Professional,4,2,4,3,5,2024-02-09
5597,1430,Stonegate,Professional,4,4,4,4,3,2018-05-16
5598,1430,Stonegate,Professional,3,3,4,3,4,2019-08-29
5599,1430,Stonegate,Professional,3,3,4,4,3,2022-02-12
5600,1430,Stonegate,Couple,4,4,2,4,4,2022-12-09
5601,1430,Stonegate,Family,2,5,3,3,2,2024-11-09
5602,1430,Stonegate,Family,3,5,5,2,3,2018-06-06
5603,1431,Sunrise Group,Single,3,2,5,3,3,2022-07-07
5604,1431,Sunrise Group,Professional,3,3,5,3,3,2023-10-14
5605,1431,Sunrise Group,Couple,5,5,4,3,5,2018-05-18
5606,1432,UrbanCore,Couple,2,5,3,5,4,2019-12-05
5607,1432,UrbanCore,Couple,2,4,5,3,1,2020-12-19
5608,1432,UrbanCore,Single,2,5,3,1,2,2023-04-11
5609,1433,Sunrise Group,Couple,3,2,5,3,3,2024-07-17
5610,1433,Sunrise Group,Couple,3,3,2,2,4,2018-07-27
5611,1433,Sunrise Group,Family,5,3,4,4,5,2020-06-14
5612,1434,BlueRiver Dev,Couple,4,4,3,4,5,2018-07-09
5613,1435,Nova Estates,Couple,3,3,3,3,3,2019-08-17
5614,1435,Nova Estates,Couple,3,3,2,3,3,2022-06-12
5615,1435,Nova Estates,Professional,3,2,4,3,4,2023-09-07
5616,1435,Nova Estates,Couple,2,2,2,5,2,2021-12-29
5617,1435,Nova Estates,Professional,4,3,4,4,4,2018-02-22
5618,1435,Nova Estates,Couple,3,2,4,3,4,2024-09-21
5619,1436,Nova Estates,Couple,3,2,4,3,3,2025-07-06
5620,1436,Nova Estates,Professional,4,2,4,4,5,2024-12-28
5621,1436,Nova Estates,Family,3,2,2,2,4,2019-12-31
5622,1436,Nova Estates,Couple,2,1,5,4,2,2020-10-04
5623,1436,Nova Estates,Family,4,2,3,3,4,2022-10-25
5624,1436,Nova Estates,Couple,4,1,1,4,3,2020-11-01
5625,1437,Skyline Holdings,Family,4,1,4,3,4,2021-06-21
5626,1437,Skyline Holdings,Family,4,3,4,3,3,2024-07-25
5627,1437,Skyline Holdings,Family,4,3,4,3,4,2022-08-05
5628,1437,Skyline Holdings,Single,4,4,4,2,3,2022-04-27
5629,1437,Skyline Holdings,Single,4,2,3,4,4,2022-11-05
5630,1437,Skyline Holdings,Couple,4,4,4,3,3,2018-05-20
5631,1438,BlueRiver Dev,Professional,4,3,4,4,4,2022-12-21
5632,1438,BlueRiver Dev,Family,4,3,3,3,4,2019-12-29
5633,1439,Skyline Holdings,Family,3,2,3,4,3,2021-09-05
5634,1440,BlueRiver Dev,Single,3,3,3,3,3,2022-03-04
5635,1440,BlueRiver Dev,Professional,2,2,4,3,3,2020-11-21
5636,1441,Cedar & Co,Single,3,2,4,4,3,2022-03-04
5637,1442,Nova Estates,Professional,4,1,2,4,4,2019-05-28
5638,1443,BlueRiver Dev,Family,3,4,3,2,2,2025-01-08
5639,1443,BlueRiver Dev,Single,5,3,3,5,5,2023-07-06
5640,1443,BlueRiver Dev,Single,3,4,4,5,3,2020-09-16
5641,1443,BlueRiver Dev,Single,4,4,4,4,4,2018-03-30
5642,1443,BlueRiver Dev,Professional,4,4,5,3,3,2021-05-01
5643,1444,Sunrise Group,Single,5,3,4,5,5,2019-07-29
5644,1444,Sunrise Group,Couple,3,5,3,3,3,2019-01-15
5645,1444,Sunrise Group,Retiree,3,2,3,4,3,2023-02-24
5646,1444,Sunrise Group,Couple,4,4,5,4,4,2021-09-26
5647,1444,Sunrise Group,Single,5,2,3,2,4,2021-06-16
5648,1445,Stonegate,Couple,2,4,5,3,2,2018-05-10
5649,1445,Stonegate,Professional,2,1,5,3,1,2023-06-14
5650,1445,Stonegate,Single,4,3,3,3,3,2019-02-18
5651,1445,Stonegate,Family,3,2,4,4,2,2021-08-05
5652,1445,Stonegate,Family,2,1,2,5,1,2024-02-13
5653,1445,Stonegate,Single,3,3,3,2,3,2018-02-16
5654,1446,Nova Estates,Family,4,4,2,5,4,2019-01-19
5655,1446,Nova Estates,Professional,4,2,4,3,3,2025-04-14
5656,1446,Nova Estates,Student,5,4,3,4,5,2022-09-16
5657,1447,BlueRiver Dev,Student,1,3,5,4,1,2024-04-08
5658,1447,BlueRiver Dev,Family,1,2,4,3,1,2024-11-28
5659,1448,MetroConstruct,Family,3,3,5,2,4,2024-11-01
5660,1448,MetroConstruct,Retiree,2,2,3,3,2,2025-11-20
5661,1449,Luna Developments,Professional,4,2,3,4,3,2025-03-02
5662,1449,Luna Developments,Family,2,2,2,3,1,2025-05-15
5663,1449,Luna Developments,Family,4,1,4,3,4,2018-05-18
5664,1449,Luna Developments,Single,2,4,3,3,3,2022-03-08
5665,1449,Luna Developments,Family,4,4,3,4,3,2024-02-16
5666,1449,Luna Developments,Family,4,3,4,5,4,2025-02-18
5667,1449,Luna Developments,Couple,5,5,3,3,5,2022-09-17
5668,1449,Luna Developments,Single,5,3,3,4,5,2025-07-07
5669,1450,BlueRiver Dev,Couple,4,4,3,3,4,2021-04-22
5670,1450,BlueRiver Dev,Professional,5,4,2,3,4,2022-11-05
5671,1450,BlueRiver Dev,Family,2,3,4,3,1,2021-07-24
5672,1451,Sunrise Group,Single,4,1,5,4,5,2020-04-01
5673,1451,Sunrise Group,Couple,4,2,3,4,4,2023-11-21
5674,1451,Sunrise Group,Single,5,2,4,3,5,2023-12-22
5675,1452,Horizon Builders,Couple,4,3,2,4,4,2020-12-16
5676,1452,Horizon Builders,Family,2,2,3,3,2,2020-10-03
5677,1452,Horizon Builders,Family,4,2,2,4,4,2022-10-25
5678,1452,Horizon Builders,Family,5,1,2,2,4,2020-01-09
5679,1453,Stonegate,Couple,2,2,4,5,3,2023-02-15
5680,1453,Stonegate,Couple,3,4,3,2,3,2021-08-29
5681,1453,Stonegate,Retiree,3,5,2,2,4,2023-12-28
5682,1453,Stonegate,Couple,2,3,3,1,2,2024-07-08
5683,1453,Stonegate,Couple,3,5,4,4,4,2018-08-29
5684,1453,Stonegate,Professional,2,4,3,3,1,2021-01-06
5685,1454,UrbanCore,Couple,5,4,3,3,5,2025-05-21
5686,1454,UrbanCore,Student,5,4,2,2,5,2024-12-01
5687,1454,UrbanCore,Student,5,3,3,5,4,2021-02-06
5688,1454,UrbanCore,Family,5,4,4,3,5,2018-04-10
5689,1454,UrbanCore,Single,5,4,5,5,5,2019-11-07
5690,1454,UrbanCore,Family,3,5,2,5,3,2022-04-17
5691,1454,UrbanCore,Single,5,4,5,3,5,2023-08-30
5692,1455,Nova Estates,Couple,5,2,3,2,4,2022-12-18
5693,1456,Luna Developments,Family,4,3,3,2,3,2022-09-01
5694,1456,Luna Developments,Single,3,2,4,4,4,2022-06-25
5695,1456,Luna Developments,Family,4,2,5,4,4,2023-05-19
5696,1456,Luna Developments,Retiree,4,2,2,2,3,2022-07-24
5697,1456,Luna Developments,Professional,1,3,3,4,1,2022-08-08
5698,1456,Luna Developments,Single,3,2,4,4,4,2025-09-05
5699,1457,BlueRiver Dev,Family,4,1,4,2,4,2023-06-02
5700,1457,BlueRiver Dev,Professional,5,1,3,5,5,2019-04-10
5701,1459,Skyline Holdings,Family,5,4,4,3,5,2021-09-24
5702,1459,Skyline Holdings,Student,5,3,4,3,5,2024-10-23
5703,1459,Skyline Holdings,Retiree,4,3,2,4,5,2021-07-16
5704,1459,Skyline Holdings,Family,4,3,2,5,4,2020-05-19
5705,1459,Skyline Holdings,Family,4,3,5,5,4,2025-10-25
5706,1459,Skyline Holdings,Family,3,3,3,3,3,2018-02-08
5707,1459,Skyline Holdings,Family,5,3,4,3,4,2025-01-08
5708,1460,Horizon Builders,Student,4,3,4,5,3,2018-06-22
5709,1460,Horizon Builders,Retiree,4,3,4,5,4,2022-07-24
5710,1460,Horizon Builders,Family,5,3,4,3,5,2020-08-15
5711,1460,Horizon Builders,Family,3,4,4,4,4,2022-03-22
5712,1461,GreenBrick,Single,5,2,3,5,5,2018-07-20
5713,1462,Horizon Builders,Family,2,4,5,5,2,2025-08-17
5714,1462,Horizon Builders,Single,4,4,5,5,4,2021-01-11
5715,1462,Horizon Builders,Professional,3,2,5,3,2,2022-06-26
5716,1462,Horizon Builders,Student,4,3,4,5,4,2025-02-15
5717,1464,Horizon Builders,Single,4,3,3,4,4,2021-08-14
5718,1465,Atlas Properties,Couple,4,1,3,3,4,2018-03-09
5719,1465,Atlas Properties,Professional,4,4,4,2,4,2022-10-18
5720,1465,Atlas Properties,Student,3,4,3,4,3,2020-12-18
5721,1465,Atlas Properties,Family,3,2,5,4,3,2022-10-09
5722,1465,Atlas Properties,Professional,3,4,5,2,4,2020-08-04
5723,1466,Nova Estates,Family,2,4,4,4,2,2022-07-18
5724,1466,Nova Estates,Family,3,1,4,1,4,2021-11-03
5725,1466,Nova Estates,Professional,3,1,3,3,3,2025-08-26
5726,1466,Nova Estates,Couple,1,2,4,3,1,2018-03-10
5727,1466,Nova Estates,Family,1,4,4,3,1,2023-05-23
5728,1467,Cedar & Co,Single,2,3,3,4,3,2024-09-10
5729,1467,Cedar & Co,Single,4,2,3,2,4,2019-05-22
5730,1467,Cedar & Co,Couple,4,3,3,4,3,2022-10-01
5731,1467,Cedar & Co,Professional,2,3,3,4,2,2022-11-08
5732,1468,GreenBrick,Single,5,5,5,4,4,2024-04-22
5733,1468,GreenBrick,Couple,3,5,2,4,4,2022-09-21
5734,1469,Stonegate,Family,3,4,3,5,4,2018-05-08
5735,1469,Stonegate,Professional,3,3,2,3,3,2024-02-14
5736,1469,Stonegate,Professional,4,3,3,5,4,2021-09-27
5737,1469,Stonegate,Couple,2,5,2,4,2,2024-08-17
5738,1469,Stonegate,Family,3,3,4,4,4,2021-02-03
5739,1469,Stonegate,Family,4,4,4,3,4,2018-11-18
5740,1469,Stonegate,Couple,2,3,4,5,3,2024-06-05
5741,1469,Stonegate,Professional,3,3,5,4,3,2021-11-09
5742,1470,Oakfield Ltd,Family,4,2,3,5,3,2024-09-12
5743,1470,Oakfield Ltd,Couple,4,3,4,5,4,2020-04-03
5744,1470,Oakfield Ltd,Student,5,4,4,4,4,2023-01-21
5745,1470,Oakfield Ltd,Couple,5,4,3,4,4,2025-01-25
5746,1470,Oakfield Ltd,Student,5,3,5,3,5,2025-12-12
5747,1470,Oakfield Ltd,Professional,5,3,1,4,5,2021-02-22
5748,1470,Oakfield Ltd,Couple,5,5,4,2,5,2020-12-14
5749,1470,Oakfield Ltd,Family,4,4,3,3,4,2021-02-13
5750,1471,UrbanCore,Professional,3,5,5,1,3,2025-12-03
5751,1471,UrbanCore,Single,2,4,3,3,2,2021-06-08
5752,1471,UrbanCore,Couple,1,5,3,2,1,2022-02-23
5753,1474,GreenBrick,Single,1,3,3,3,1,2023-10-16
5754,1474,GreenBrick,Family,2,3,3,4,2,2018-10-16
5755,1474,GreenBrick,Student,2,2,2,3,1,2018-04-09
5756,1474,GreenBrick,Couple,2,3,3,4,3,2021-10-20
5757,1474,GreenBrick,Couple,3,1,5,3,3,2024-08-02
5758,1474,GreenBrick,Couple,3,1,2,3,4,2021-06-08
5759,1475,GreenBrick,Retiree,2,3,3,3,1,2021-03-20
5760,1475,GreenBrick,Family,2,4,5,3,2,2025-04-13
5761,1475,GreenBrick,Family,5,4,4,3,5,2020-08-03
5762,1475,GreenBrick,Family,3,2,3,3,3,2025-02-24
5763,1475,GreenBrick,Couple,3,1,4,4,3,2022-09-19
5764,1475,GreenBrick,Student,3,3,4,4,2,2019-09-14
5765,1476,BlueRiver Dev,Family,5,4,4,3,5,2019-05-19
5766,1477,Oakfield Ltd,Single,2,3,3,4,2,2020-01-21
5767,1477,Oakfield Ltd,Family,2,1,4,4,3,2018-03-05
5768,1477,Oakfield Ltd,Couple,2,1,4,3,1,2021-11-29
5769,1478,Pioneer Homes,Family,2,2,4,3,2,2018-11-17
5770,1478,Pioneer Homes,Student,3,3,3,4,4,2025-12-10
5771,1478,Pioneer Homes,Couple,2,1,4,4,1,2020-09-05
5772,1478,Pioneer Homes,Student,2,2,3,3,2,2021-12-21
5773,1478,Pioneer Homes,Professional,3,1,3,3,3,2021-05-22
5774,1478,Pioneer Homes,Family,3,2,5,3,3,2022-10-08
5775,1478,Pioneer Homes,Professional,1,2,1,2,1,2019-04-01
5776,1478,Pioneer Homes,Couple,2,2,4,3,2,2025-02-13
5777,1479,Oakfield Ltd,Single,2,3,5,3,1,2018-05-30
5778,1479,Oakfield Ltd,Single,3,5,5,4,2,2017-12-30
5779,1480,Sunrise Group,Student,5,5,3,3,5,2019-11-24
5780,1480,Sunrise Group,Family,3,3,4,5,2,2019-04-05
5781,1480,Sunrise Group,Student,3,4,4,4,2,2023-11-14
5782,1481,Oakfield Ltd,Professional,4,1,5,3,4,2022-01-28
5783,1481,Oakfield Ltd,Family,4,1,3,3,3,2018-02-07
5784,1481,Oakfield Ltd,Single,5,3,4,4,4,2021-06-14
5785,1481,Oakfield Ltd,Single,3,1,3,2,3,2018-09-20
5786,1481,Oakfield Ltd,Couple,4,2,2,3,3,2022-12-06
5787,1482,Nova Estates,Single,3,4,5,5,3,2022-12-25
5788,1482,Nova Estates,Family,3,4,4,2,3,2020-11-23
5789,1482,Nova Estates,Family,3,3,3,4,4,2020-12-18
5790,1482,Nova Estates,Single,5,3,4,4,5,2024-02-02
5791,1482,Nova Estates,Single,4,3,4,5,3,2018-11-15
5792,1482,Nova Estates,Professional,5,2,5,4,5,2024-10-20
5793,1482,Nova Estates,Family,4,4,5,5,5,2018-04-19
5794,1482,Nova Estates,Couple,5,2,3,5,5,2021-12-29
5795,1484,Nova Estates,Single,4,3,3,4,4,2019-09-24
5796,1485,GreenBrick,Family,4,2,4,4,5,2018-11-16
5797,1485,GreenBrick,Student,4,3,5,4,4,2019-04-30
5798,1485,GreenBrick,Family,4,3,5,4,3,2023-07-11
5799,1485,GreenBrick,Couple,5,4,4,3,5,2022-09-06
5800,1485,GreenBrick,Retiree,4,3,3,3,4,2020-12-22
5801,1485,GreenBrick,Professional,4,1,4,5,4,2020-12-31
5802,1485,GreenBrick,Family,3,2,4,4,3,2019-05-31
5803,1487,GreenBrick,Retiree,5,3,5,3,5,2018-05-15
5804,1487,GreenBrick,Student,3,5,4,5,3,2023-07-12
5805,1487,GreenBrick,Professional,4,4,2,5,4,2021-05-18
5806,1487,GreenBrick,Family,2,3,3,4,1,2018-08-23
5807,1487,GreenBrick,Family,4,5,5,2,2,2023-03-06
5808,1488,BlueRiver Dev,Family,4,2,5,4,4,2022-04-04
5809,1488,BlueRiver Dev,Student,3,2,3,4,4,2020-01-10
5810,1488,BlueRiver Dev,Family,5,2,3,3,5,2024-09-27
5811,1488,BlueRiver Dev,Family,2,5,5,3,2,2018-08-18
5812,1488,BlueRiver Dev,Student,3,4,5,2,2,2021-04-07
5813,1488,BlueRiver Dev,Family,3,4,3,5,3,2025-05-30
5814,1488,BlueRiver Dev,Family,3,3,4,5,4,2019-11-16
5815,1488,BlueRiver Dev,Couple,3,1,5,3,3,2020-08-06
5816,1489,GreenBrick,Single,5,5,3,4,5,2024-08-15
5817,1489,GreenBrick,Family,5,3,5,4,5,2022-09-16
5818,1489,GreenBrick,Retiree,3,3,4,4,3,2025-04-16
5819,1489,GreenBrick,Single,4,3,3,4,4,2018-08-05
5820,1489,GreenBrick,Professional,5,4,3,4,5,2021-10-22
5821,1489,GreenBrick,Couple,4,2,2,3,3,2021-12-31
5822,1489,GreenBrick,Couple,4,2,3,5,4,2021-09-29
5823,1490,Sunrise Group,Couple,4,1,2,2,5,2022-07-07
5824,1491,Skyline Holdings,Family,5,1,3,4,4,2020-05-31
5825,1491,Skyline Holdings,Couple,3,2,3,5,4,2025-10-19
5826,1492,GreenBrick,Couple,5,1,2,2,5,2024-09-27
5827,1492,GreenBrick,Single,5,2,5,2,5,2024-06-28
5828,1493,Skyline Holdings,Professional,2,2,4,2,2,2023-07-26
5829,1493,Skyline Holdings,Student,2,4,3,3,2,2022-03-02
5830,1493,Skyline Holdings,Couple,2,4,2,4,1,2025-03-18
5831,1493,Skyline Holdings,Professional,1,2,2,3,1,2023-10-17
5832,1493,Skyline Holdings,Single,1,4,3,2,1,2018-08-02
5833,1493,Skyline Holdings,Student,3,2,3,3,3,2023-10-31
5834,1494,Nova Estates,Student,4,1,3,2,5,2023-04-08
5835,1494,Nova Estates,Single,4,2,3,4,4,2019-06-10
5836,1494,Nova Estates,Family,3,2,4,4,3,2019-05-31
5837,1494,Nova Estates,Professional,4,1,3,4,3,2023-10-19
5838,1494,Nova Estates,Family,5,2,3,5,5,2024-01-19
5839,1494,Nova Estates,Student,4,1,5,3,3,2021-04-04
5840,1494,Nova Estates,Student,5,1,4,2,5,2018-12-08
5841,1494,Nova Estates,Family,2,2,2,4,3,2024-05-15
5842,1495,Horizon Builders,Couple,3,2,4,5,4,2022-10-07
5843,1496,BlueRiver Dev,Single,3,3,5,3,5,2024-08-19
5844,1496,BlueRiver Dev,Professional,4,2,1,2,4,2022-09-30
5845,1496,BlueRiver Dev,Couple,3,3,3,5,4,2024-06-06
5846,1496,BlueRiver Dev,Family,4,2,4,3,4,2025-04-10
5847,1496,BlueRiver Dev,Single,4,3,3,2,3,2018-08-03
5848,1496,BlueRiver Dev,Single,3,2,3,4,3,2023-05-12
5849,1496,BlueRiver Dev,Family,3,4,4,2,4,2020-05-15
5850,1497,Horizon Builders,Single,3,4,4,3,3,2022-03-14
5851,1497,Horizon Builders,Single,2,4,4,5,3,2021-09-10
5852,1497,Horizon Builders,Student,1,5,3,3,2,2018-11-25
5853,1497,Horizon Builders,Family,3,5,5,3,2,2021-08-06
5854,1497,Horizon Builders,Retiree,3,4,4,3,3,2025-07-13
5855,1497,Horizon Builders,Single,3,3,3,4,4,2025-06-17
5856,1497,Horizon Builders,Family,3,4,4,3,3,2024-10-05
5857,1498,Sunrise Group,Student,4,1,2,4,3,2024-10-25
5858,1498,Sunrise Group,Single,5,2,3,5,5,2023-12-17
5859,1499,GreenBrick,Family,1,2,2,2,1,2018-03-11
5860,1500,Stonegate,Retiree,3,5,3,4,3,2018-10-24
5861,1500,Stonegate,Student,2,4,4,2,3,2024-04-01
5862,1500,Stonegate,Single,2,3,2,5,2,2021-02-01
5863,1500,Stonegate,Family,2,4,4,3,1,2019-07-09
5864,1501,UrbanCore,Student,4,3,3,4,3,2021-12-20
5865,1501,UrbanCore,Single,5,2,3,4,5,2025-08-07
5866,1501,UrbanCore,Single,5,3,5,5,5,2018-11-01
5867,1501,UrbanCore,Couple,5,3,3,3,4,2020-05-05
5868,1501,UrbanCore,Single,4,2,2,4,4,2018-02-07
5869,1504,GreenBrick,Professional,4,3,4,4,4,2025-12-09
5870,1504,GreenBrick,Single,5,2,5,2,5,2022-06-27
5871,1504,GreenBrick,Couple,4,3,4,4,4,2019-10-11
5872,1504,GreenBrick,Retiree,5,5,1,3,4,2018-09-15
5873,1504,GreenBrick,Retiree,4,5,3,3,4,2021-06-29
5874,1504,GreenBrick,Professional,4,2,3,4,4,2019-10-17
5875,1505,GreenBrick,Family,4,2,4,4,4,2018-10-10
5876,1506,GreenBrick,Professional,4,3,3,5,3,2020-06-11
5877,1506,GreenBrick,Single,4,2,3,4,3,2024-02-16
5878,1506,GreenBrick,Student,3,3,3,2,3,2020-04-08
5879,1507,UrbanCore,Student,5,3,4,4,5,2023-11-10
5880,1508,UrbanCore,Student,2,2,2,2,3,2025-10-30
5881,1508,UrbanCore,Single,3,2,3,3,3,2018-07-24
5882,1508,UrbanCore,Professional,2,2,4,3,2,2022-10-11
5883,1508,UrbanCore,Student,3,2,5,5,3,2023-01-30
5884,1508,UrbanCore,Couple,2,1,4,3,2,2020-07-10
5885,1508,UrbanCore,Single,2,2,4,3,1,2024-10-21
5886,1508,UrbanCore,Retiree,3,1,4,3,3,2020-09-18
5887,1509,Horizon Builders,Family,2,5,3,4,2,2020-05-20
5888,1509,Horizon Builders,Single,2,3,3,4,3,2023-09-19
5889,1509,Horizon Builders,Couple,2,3,5,5,3,2021-03-11
5890,1510,Pioneer Homes,Professional,3,3,2,5,2,2018-05-12
5891,1510,Pioneer Homes,Couple,2,1,5,2,3,2019-01-25
5892,1510,Pioneer Homes,Professional,2,2,5,3,1,2022-12-13
5893,1510,Pioneer Homes,Couple,3,2,3,4,4,2021-04-29
5894,1510,Pioneer Homes,Family,3,2,1,3,3,2021-10-07
5895,1510,Pioneer Homes,Professional,4,2,5,3,4,2024-02-29
5896,1510,Pioneer Homes,Professional,4,1,3,5,4,2021-08-26
5897,1511,Oakfield Ltd,Couple,5,3,4,5,5,2021-06-15
5898,1511,Oakfield Ltd,Family,4,3,4,5,4,2025-05-10
5899,1512,BlueRiver Dev,Professional,3,3,2,2,4,2019-03-28
5900,1512,BlueRiver Dev,Single,3,2,4,4,4,2023-12-31
5901,1512,BlueRiver Dev,Family,2,2,4,3,3,2024-01-14
5902,1512,BlueRiver Dev,Single,2,1,4,4,1,2024-08-15
5903,1512,BlueRiver Dev,Couple,2,3,3,3,2,2021-09-03
5904,1512,BlueRiver Dev,Retiree,2,2,4,4,3,2021-07-08
5905,1513,Luna Developments,Single,5,4,3,3,5,2018-10-31
5906,1514,Nova Estates,Retiree,3,2,1,5,2,2025-03-29
5907,1515,Nova Estates,Couple,5,3,2,5,5,2024-11-26
5908,1515,Nova Estates,Couple,5,3,3,5,4,2018-05-11
5909,1515,Nova Estates,Family,5,4,3,2,5,2025-11-21
5910,1516,Nova Estates,Family,5,3,4,4,5,2021-08-28
5911,1516,Nova Estates,Retiree,5,2,4,4,5,2018-12-20
5912,1516,Nova Estates,Single,4,2,5,4,4,2019-10-17
5913,1516,Nova Estates,Single,4,2,4,3,4,2023-09-29
5914,1516,Nova Estates,Family,4,3,4,3,5,2020-09-22
5915,1516,Nova Estates,Family,5,2,5,4,5,2019-04-02
5916,1516,Nova Estates,Family,5,2,3,4,5,2025-10-05
5917,1517,Horizon Builders,Couple,3,3,5,4,2,2024-11-27
5918,1517,Horizon Builders,Professional,3,4,5,4,1,2022-03-25
5919,1517,Horizon Builders,Single,3,1,4,2,3,2022-12-07
5920,1517,Horizon Builders,Single,4,4,3,4,5,2023-08-26
5921,1517,Horizon Builders,Couple,5,1,4,4,5,2021-07-08
5922,1517,Horizon Builders,Couple,5,1,4,2,5,2018-12-20
5923,1517,Horizon Builders,Professional,3,1,2,3,4,2020-05-02
5924,1517,Horizon Builders,Student,5,4,4,2,4,2018-07-06
5925,1518,Stonegate,Student,3,5,5,3,3,2019-12-11
5926,1518,Stonegate,Student,4,2,5,1,3,2021-04-27
5927,1518,Stonegate,Family,3,1,3,3,3,2023-12-30
5928,1518,Stonegate,Single,4,3,3,5,4,2018-06-13
5929,1518,Stonegate,Single,3,4,2,3,4,2019-05-19
5930,1518,Stonegate,Couple,5,1,4,3,4,2018-12-17
5931,1519,Skyline Holdings,Couple,5,4,1,5,5,2023-07-05
5932,1519,Skyline Holdings,Couple,5,3,4,3,5,2020-03-28
5933,1519,Skyline Holdings,Single,4,3,3,4,3,2020-07-09
5934,1520,EverHome,Student,3,1,5,5,2,2018-08-22
5935,1520,EverHome,Single,1,3,2,4,1,2023-12-29
5936,1521,Nova Estates,Professional,5,4,4,5,5,2024-05-18
5937,1521,Nova Estates,Family,3,5,4,4,2,2020-05-20
5938,1521,Nova Estates,Single,3,3,3,5,4,2018-02-12
5939,1521,Nova Estates,Single,4,3,5,3,4,2024-04-02
5940,1522,Luna Developments,Family,2,3,3,4,2,2020-02-11
5941,1522,Luna Developments,Professional,2,5,3,3,2,2021-06-20
5942,1523,GreenBrick,Family,3,1,4,3,4,2022-02-14
5943,1523,GreenBrick,Couple,3,4,4,5,3,2022-05-01
5944,1523,GreenBrick,Retiree,3,3,3,3,2,2023-11-16
5945,1523,GreenBrick,Family,1,2,3,4,1,2020-01-17
5946,1523,GreenBrick,Couple,2,2,3,3,2,2025-05-31
5947,1523,GreenBrick,Professional,3,3,4,4,4,2023-10-06
5948,1523,GreenBrick,Retiree,2,3,3,2,1,2024-02-20
5949,1524,Nova Estates,Professional,5,4,3,4,5,2024-11-23
5950,1524,Nova Estates,Retiree,5,3,4,3,4,2021-02-23
5951,1524,Nova Estates,Family,4,4,3,3,4,2024-01-30
5952,1524,Nova Estates,Professional,4,3,5,1,4,2019-09-07
5953,1525,Sunrise Group,Student,4,2,4,4,4,2019-10-19
5954,1525,Sunrise Group,Professional,4,3,4,3,3,2023-05-25
5955,1525,Sunrise Group,Family,5,3,3,2,4,2020-04-01
5956,1526,Skyline Holdings,Family,3,1,4,2,4,2018-10-31
5957,1527,Skyline Holdings,Couple,4,4,4,3,5,2021-12-17
5958,1528,Skyline Holdings,Family,5,2,1,4,5,2020-08-26
5959,1528,Skyline Holdings,Single,5,1,4,2,5,2020-09-24
5960,1528,Skyline Holdings,Couple,4,2,4,3,4,2019-10-05
5961,1528,Skyline Holdings,Single,4,2,5,3,4,2018-02-07
5962,1528,Skyline Holdings,Professional,4,3,4,4,3,2018-11-15
5963,1528,Skyline Holdings,Professional,5,2,4,4,4,2021-12-16
5964,1528,Skyline Holdings,Single,5,2,3,4,4,2018-07-03
5965,1528,Skyline Holdings,Retiree,5,3,5,3,5,2018-09-14
5966,1529,Oakfield Ltd,Single,2,2,2,2,2,2024-11-06
5967,1529,Oakfield Ltd,Family,3,1,4,5,3,2025-09-27
5968,1529,Oakfield Ltd,Couple,2,3,4,5,2,2019-06-27
5969,1529,Oakfield Ltd,Single,3,3,5,5,4,2025-11-07
5970,1529,Oakfield Ltd,Retiree,4,4,5,1,4,2024-06-17
5971,1529,Oakfield Ltd,Single,4,2,3,3,3,2025-04-24
5972,1529,Oakfield Ltd,Retiree,4,3,2,2,5,2025-03-26
5973,1531,Skyline Holdings,Professional,4,1,5,1,5,2021-07-19
5974,1532,Horizon Builders,Couple,4,2,5,3,4,2018-03-13
5975,1532,Horizon Builders,Family,3,1,4,3,4,2023-09-04
5976,1532,Horizon Builders,Single,4,3,3,5,3,2023-10-23
5977,1532,Horizon Builders,Professional,4,2,3,3,4,2024-03-12
5978,1532,Horizon Builders,Couple,3,2,3,4,4,2018-08-16
5979,1532,Horizon Builders,Couple,3,1,5,4,3,2018-06-12
5980,1532,Horizon Builders,Professional,4,3,4,3,5,2018-04-16
5981,1532,Horizon Builders,Professional,3,3,3,5,4,2022-11-27
5982,1533,BlueRiver Dev,Family,3,4,5,5,3,2018-07-11
5983,1533,BlueRiver Dev,Student,3,4,3,4,3,2018-02-24
5984,1533,BlueRiver Dev,Professional,3,3,4,5,3,2019-02-21
5985,1533,BlueRiver Dev,Couple,4,5,4,3,4,2023-01-31
5986,1534,Skyline Holdings,Family,4,4,5,4,4,2023-12-28
5987,1534,Skyline Holdings,Single,4,4,4,4,4,2020-02-07
5988,1534,Skyline Holdings,Retiree,3,5,4,5,3,2021-08-16
5989,1534,Skyline Holdings,Single,5,4,5,4,4,2021-12-20
5990,1534,Skyline Holdings,Couple,5,5,5,3,5,2019-08-31
5991,1535,GreenBrick,Single,3,2,4,3,3,2021-02-23
5992,1535,GreenBrick,Couple,2,5,3,4,2,2019-11-10
5993,1535,GreenBrick,Single,3,4,4,5,1,2023-12-13
5994,1535,GreenBrick,Single,2,3,2,4,2,2023-11-30
5995,1535,GreenBrick,Couple,2,4,4,4,2,2024-09-15
5996,1535,GreenBrick,Couple,2,4,3,4,1,2024-03-20
5997,1536,Nova Estates,Couple,4,3,4,3,5,2020-01-10
5998,1536,Nova Estates,Retiree,4,5,4,4,4,2022-05-23
5999,1536,Nova Estates,Student,4,5,3,4,4,2022-02-19
6000,1536,Nova Estates,Student,3,2,4,3,3,2020-09-26
6001,1537,Nova Estates,Couple,3,2,4,5,3,2019-04-01
6002,1537,Nova Estates,Single,4,2,3,5,4,2020-10-21
6003,1537,Nova Estates,Retiree,4,3,4,3,3,2025-10-12
6004,1538,BlueRiver Dev,Couple,5,2,4,5,4,2020-08-11
6005,1538,BlueRiver Dev,Couple,5,3,4,3,4,2020-04-12
6006,1538,BlueRiver Dev,Couple,4,2,3,4,4,2021-09-30
6007,1538,BlueRiver Dev,Family,5,2,4,4,5,2022-12-21
6008,1539,Nova Estates,Student,4,3,4,3,5,2021-04-04
6009,1539,Nova Estates,Family,3,3,4,3,3,2021-11-25
6010,1539,Nova Estates,Single,3,2,4,4,3,2025-11-10
6011,1539,Nova Estates,Family,4,3,3,3,4,2025-09-30
6012,1539,Nova Estates,Family,3,4,5,5,3,2021-05-26
6013,1539,Nova Estates,Single,4,2,4,5,5,2025-08-07
6014,1539,Nova Estates,Family,3,4,4,3,3,2022-07-22
6015,1539,Nova Estates,Couple,3,3,2,4,4,2018-06-16
6016,1540,UrbanCore,Family,3,4,1,5,3,2023-12-05
6017,1540,UrbanCore,Single,3,2,2,3,3,2020-01-27
6018,1540,UrbanCore,Couple,3,2,5,4,3,2023-10-03
6019,1541,BlueRiver Dev,Professional,5,5,5,3,5,2019-06-22
6020,1541,BlueRiver Dev,Professional,5,2,3,5,4,2025-08-16
6021,1541,BlueRiver Dev,Single,4,3,3,5,4,2025-02-01
6022,1541,BlueRiver Dev,Family,4,4,3,2,3,2023-09-20
6023,1541,BlueRiver Dev,Professional,4,5,2,4,3,2023-11-11
6024,1541,BlueRiver Dev,Single,4,3,3,2,3,2019-07-26
6025,1541,BlueRiver Dev,Single,3,5,3,2,3,2023-02-10
6026,1541,BlueRiver Dev,Retiree,3,3,3,3,2,2025-11-11
6027,1542,Nova Estates,Single,5,1,3,3,4,2019-11-05
6028,1542,Nova Estates,Retiree,3,2,3,3,3,2021-10-25
6029,1542,Nova Estates,Professional,4,2,4,2,4,2025-04-27
6030,1542,Nova Estates,Family,4,1,4,3,4,2018-04-28
6031,1542,Nova Estates,Student,4,1,3,5,4,2023-10-18
6032,1542,Nova Estates,Couple,4,1,3,4,3,2025-02-07
6033,1542,Nova Estates,Couple,4,1,3,5,4,2018-07-16
6034,1542,Nova Estates,Single,5,1,3,5,5,2025-07-19
6035,1543,UrbanCore,Single,4,1,5,2,5,2018-02-16
6036,1544,Skyline Holdings,Couple,4,2,4,4,4,2023-01-11
6037,1544,Skyline Holdings,Retiree,3,2,1,4,4,2019-12-07
6038,1544,Skyline Holdings,Retiree,4,3,4,3,4,2019-03-13
6039,1544,Skyline Holdings,Single,5,4,5,3,5,2024-10-31
6040,1545,Cedar & Co,Professional,3,2,5,4,3,2023-02-23
6041,1545,Cedar & Co,Family,3,1,4,4,3,2018-07-21
6042,1545,Cedar & Co,Family,3,2,4,1,3,2021-08-23
6043,1546,Sunrise Group,Student,5,3,5,4,5,2020-10-17
6044,1546,Sunrise Group,Couple,3,2,3,4,2,2024-07-09
6045,1546,Sunrise Group,Retiree,4,2,4,3,4,2018-01-14
6046,1546,Sunrise Group,Family,4,4,2,5,3,2021-05-19
6047,1547,Oakfield Ltd,Family,2,4,5,3,1,2023-07-29
6048,1547,Oakfield Ltd,Student,3,5,1,4,3,2021-07-31
6049,1547,Oakfield Ltd,Retiree,2,2,4,2,2,2019-09-13
6050,1547,Oakfield Ltd,Retiree,3,5,3,3,3,2025-08-18
6051,1547,Oakfield Ltd,Couple,2,4,5,4,2,2018-02-12
6052,1547,Oakfield Ltd,Couple,2,4,4,3,2,2023-01-11
6053,1547,Oakfield Ltd,Professional,1,5,3,4,1,2020-02-08
6054,1548,UrbanCore,Student,5,3,5,4,5,2024-11-02
6055,1548,UrbanCore,Professional,5,4,3,4,5,2021-03-25
6056,1550,Horizon Builders,Student,5,1,1,2,5,2023-05-23
6057,1550,Horizon Builders,Professional,5,1,5,2,5,2018-05-24
6058,1550,Horizon Builders,Family,5,1,4,2,5,2021-04-16
6059,1550,Horizon Builders,Family,3,3,4,1,4,2023-05-14
6060,1551,Luna Developments,Student,4,1,4,4,5,2020-05-26
6061,1551,Luna Developments,Student,3,4,3,5,2,2021-08-08
6062,1551,Luna Developments,Couple,2,1,3,4,2,2021-12-15
6063,1551,Luna Developments,Single,2,2,5,4,1,2023-08-24
6064,1551,Luna Developments,Family,3,1,4,3,3,2024-10-17
6065,1551,Luna Developments,Retiree,4,1,4,3,3,2018-02-11
6066,1551,Luna Developments,Single,3,2,4,4,4,2022-06-20
6067,1551,Luna Developments,Couple,3,1,2,2,2,2025-07-07
6068,1552,Horizon Builders,Retiree,4,2,4,4,3,2022-12-11
6069,1552,Horizon Builders,Single,4,4,5,5,3,2021-10-27
6070,1552,Horizon Builders,Professional,4,2,3,5,3,2018-10-14
6071,1552,Horizon Builders,Retiree,4,2,3,3,4,2021-11-13
6072,1553,Oakfield Ltd,Family,3,1,3,3,4,2024-12-09
6073,1553,Oakfield Ltd,Family,3,2,5,2,3,2025-05-29
6074,1554,Stonegate,Couple,2,3,4,2,1,2020-11-20
6075,1554,Stonegate,Retiree,2,3,2,3,3,2025-03-27
6076,1554,Stonegate,Couple,3,2,4,3,3,2018-10-18
6077,1554,Stonegate,Couple,2,2,2,3,1,2025-07-23
6078,1554,Stonegate,Family,2,2,3,2,2,2022-08-21
6079,1554,Stonegate,Family,4,2,4,5,4,2021-03-11
6080,1556,Skyline Holdings,Single,3,2,2,5,4,2018-08-04
6081,1556,Skyline Holdings,Couple,4,3,3,4,5,2025-11-15
6082,1556,Skyline Holdings,Single,4,3,3,2,4,2025-09-26
6083,1556,Skyline Holdings,Couple,3,4,4,5,2,2020-05-06
6084,1556,Skyline Holdings,Couple,4,4,5,4,3,2025-05-21
6085,1556,Skyline Holdings,Couple,5,3,4,4,5,2020-10-05
6086,1557,Horizon Builders,Couple,3,3,4,5,2,2021-02-15
6087,1557,Horizon Builders,Family,3,3,3,3,3,2022-06-28
6088,1557,Horizon Builders,Student,3,3,2,3,3,2018-03-31
6089,1560,EverHome,Couple,3,2,3,3,2,2022-05-20
6090,1561,GreenBrick,Single,4,3,3,3,5,2020-06-23
6091,1562,Skyline Holdings,Student,3,1,2,1,3,2025-11-18
6092,1562,Skyline Holdings,Couple,4,1,3,2,4,2022-10-26
6093,1562,Skyline Holdings,Family,4,2,4,3,4,2019-11-04
6094,1563,Oakfield Ltd,Family,4,1,3,4,3,2024-03-09
6095,1565,MetroConstruct,Single,4,3,4,4,4,2019-02-28
6096,1565,MetroConstruct,Professional,3,2,3,3,2,2023-03-29
6097,1565,MetroConstruct,Professional,3,4,4,4,3,2019-07-17
6098,1565,MetroConstruct,Single,4,5,1,3,5,2023-09-27
6099,1565,MetroConstruct,Single,3,2,3,3,3,2025-01-24
6100,1565,MetroConstruct,Professional,3,2,5,2,2,2020-02-14
6101,1565,MetroConstruct,Couple,2,2,5,5,2,2021-01-21
6102,1566,Sunrise Group,Retiree,4,3,3,4,5,2023-07-12
6103,1566,Sunrise Group,Professional,3,2,3,3,3,2019-03-11
6104,1566,Sunrise Group,Retiree,2,4,3,4,3,2018-12-23
6105,1566,Sunrise Group,Single,1,2,4,4,1,2020-06-18
6106,1566,Sunrise Group,Single,3,2,4,5,2,2024-11-18
6107,1566,Sunrise Group,Couple,2,3,5,4,2,2021-07-03
6108,1567,BlueRiver Dev,Couple,3,4,4,4,3,2019-05-12
6109,1568,Nova Estates,Family,5,3,3,3,5,2022-01-19
6110,1568,Nova Estates,Couple,4,2,4,3,4,2021-06-15
6111,1568,Nova Estates,Professional,5,2,4,4,5,2018-09-15
6112,1568,Nova Estates,Retiree,5,3,3,4,5,2023-02-02
6113,1569,Horizon Builders,Professional,5,2,4,2,5,2021-06-27
6114,1569,Horizon Builders,Student,4,2,5,2,4,2025-02-13
6115,1569,Horizon Builders,Couple,5,1,3,3,5,2020-03-24
6116,1569,Horizon Builders,Retiree,5,3,4,3,4,2023-04-25
6117,1569,Horizon Builders,Couple,5,3,2,5,5,2022-03-24
6118,1570,Sunrise Group,Professional,4,2,4,4,5,2021-11-28
6119,1570,Sunrise Group,Single,3,3,3,4,3,2024-04-14
6120,1570,Sunrise Group,Family,5,3,3,3,5,2025-03-26
6121,1570,Sunrise Group,Retiree,3,4,2,2,2,2019-10-04
6122,1570,Sunrise Group,Family,3,4,4,3,4,2018-08-29
6123,1570,Sunrise Group,Professional,3,3,5,3,3,2025-11-28
6124,1570,Sunrise Group,Professional,4,2,3,3,3,2018-02-25
6125,1570,Sunrise Group,Family,3,4,4,3,3,2020-10-10
6126,1571,UrbanCore,Single,2,2,4,3,1,2018-01-25
6127,1571,UrbanCore,Couple,3,1,5,3,3,2019-01-22
6128,1571,UrbanCore,Couple,1,4,5,2,1,2018-07-11
6129,1571,UrbanCore,Professional,3,2,5,4,3,2023-01-23
6130,1571,UrbanCore,Couple,2,2,4,5,2,2020-10-24
6131,1571,UrbanCore,Couple,3,2,5,4,3,2022-08-05
6132,1571,UrbanCore,Professional,2,2,3,3,1,2022-03-30
6133,1572,Nova Estates,Retiree,3,2,5,3,3,2025-11-18
6134,1572,Nova Estates,Retiree,4,5,4,4,5,2021-05-10
6135,1573,Pioneer Homes,Family,3,3,2,2,3,2019-03-19
6136,1573,Pioneer Homes,Couple,2,3,3,4,3,2021-12-10
6137,1573,Pioneer Homes,Single,3,2,3,5,4,2025-01-17
6138,1573,Pioneer Homes,Family,3,2,4,5,3,2018-10-25
6139,1574,Stonegate,Student,4,4,4,1,4,2025-05-09
6140,1574,Stonegate,Professional,5,4,3,5,5,2022-07-07
6141,1574,Stonegate,Professional,3,4,3,2,3,2021-06-05
6142,1574,Stonegate,Family,5,2,4,4,5,2022-03-30
6143,1574,Stonegate,Couple,4,2,3,2,5,2021-04-13
6144,1574,Stonegate,Couple,3,5,5,3,3,2025-02-15
6145,1574,Stonegate,Couple,5,3,5,3,5,2023-02-10
6146,1575,Skyline Holdings,Professional,5,2,5,5,4,2021-01-18
6147,1575,Skyline Holdings,Student,4,2,3,2,4,2025-08-11
6148,1575,Skyline Holdings,Family,4,1,2,2,4,2023-04-09
6149,1575,Skyline Holdings,Single,4,2,3,3,4,2018-12-23
6150,1575,Skyline Holdings,Retiree,4,1,2,4,4,2022-01-23
6151,1575,Skyline Holdings,Retiree,5,1,4,3,5,2021-10-14
6152,1576,Nova Estates,Retiree,5,1,4,3,5,2019-12-19
6153,1576,Nova Estates,Family,4,2,3,5,5,2022-04-22
6154,1576,Nova Estates,Retiree,5,1,3,4,5,2023-06-04
6155,1576,Nova Estates,Family,5,4,2,3,5,2023-04-21
6156,1576,Nova Estates,Single,3,2,3,4,3,2018-06-04
6157,1577,Nova Estates,Couple,5,3,3,4,5,2021-02-27
6158,1578,Horizon Builders,Family,3,3,4,3,3,2021-11-15
6159,1579,Horizon Builders,Couple,4,3,3,2,3,2019-09-08
6160,1579,Horizon Builders,Professional,4,2,3,3,4,2019-10-24
6161,1579,Horizon Builders,Couple,4,3,5,2,4,2023-09-20
6162,1579,Horizon Builders,Retiree,5,4,2,4,5,2022-01-05
6163,1579,Horizon Builders,Single,4,3,5,2,3,2017-12-23
6164,1579,Horizon Builders,Retiree,4,4,2,3,4,2024-04-19
6165,1579,Horizon Builders,Single,4,4,4,5,5,2024-09-05
6166,1580,UrbanCore,Single,3,3,4,4,4,2024-09-23
6167,1580,UrbanCore,Family,2,3,3,4,3,2018-04-04
6168,1580,UrbanCore,Professional,1,5,4,2,1,2020-06-06
6169,1580,UrbanCore,Couple,3,3,3,2,3,2022-11-21
6170,1580,UrbanCore,Family,4,3,2,4,5,2022-10-05
6171,1580,UrbanCore,Single,2,4,4,4,2,2021-09-28
6172,1580,UrbanCore,Family,2,5,5,4,3,2023-04-21
6173,1580,UrbanCore,Family,2,3,3,3,3,2018-06-18
6174,1581,Skyline Holdings,Couple,2,5,5,4,2,2021-02-25
6175,1581,Skyline Holdings,Couple,3,1,5,3,3,2025-01-29
6176,1582,GreenBrick,Family,4,5,3,3,4,2022-09-09
6177,1582,GreenBrick,Couple,4,3,4,3,4,2020-01-20
6178,1583,Horizon Builders,Student,4,3,4,1,4,2023-10-14
6179,1583,Horizon Builders,Single,3,3,4,4,3,2020-09-12
6180,1583,Horizon Builders,Single,3,2,5,3,3,2020-05-12
6181,1583,Horizon Builders,Family,4,3,5,4,4,2024-04-13
6182,1583,Horizon Builders,Single,3,1,3,4,3,2020-08-22
6183,1583,Horizon Builders,Family,3,2,5,5,2,2021-07-24
6184,1584,Sunrise Group,Professional,3,2,3,3,3,2023-01-25
6185,1584,Sunrise Group,Single,2,2,2,4,2,2021-12-21
6186,1584,Sunrise Group,Single,3,2,3,2,3,2025-09-20
6187,1584,Sunrise Group,Couple,2,1,3,3,2,2018-07-24
6188,1584,Sunrise Group,Family,2,1,2,4,2,2020-12-15
6189,1584,Sunrise Group,Couple,2,4,3,2,2,2025-08-20
6190,1584,Sunrise Group,Professional,1,4,4,4,1,2024-12-29
6191,1584,Sunrise Group,Couple,2,2,4,3,2,2025-10-24
6192,1585,Atlas Properties,Single,4,3,2,3,5,2023-02-19
6193,1585,Atlas Properties,Student,5,4,3,5,5,2023-07-02
6194,1585,Atlas Properties,Couple,5,4,3,3,5,2025-08-27
6195,1585,Atlas Properties,Family,5,4,3,4,4,2025-11-30
6196,1586,Nova Estates,Student,4,5,4,3,4,2021-04-19
6197,1586,Nova Estates,Family,4,4,5,5,4,2018-10-13
6198,1586,Nova Estates,Family,3,3,4,4,2,2023-11-26
6199,1587,BlueRiver Dev,Family,5,5,5,2,5,2025-07-23
6200,1587,BlueRiver Dev,Student,5,3,3,4,5,2022-11-02
6201,1587,BlueRiver Dev,Couple,5,1,5,5,4,2020-03-08
6202,1589,Sunrise Group,Family,5,1,3,3,4,2024-10-31
6203,1589,Sunrise Group,Student,5,2,2,4,5,2025-05-27
6204,1589,Sunrise Group,Couple,5,1,4,2,5,2018-04-08
6205,1589,Sunrise Group,Couple,5,2,5,3,5,2025-01-24
6206,1589,Sunrise Group,Retiree,4,1,4,3,3,2020-01-20
6207,1590,BlueRiver Dev,Single,3,3,5,3,3,2019-05-04
6208,1590,BlueRiver Dev,Student,3,3,3,1,2,2021-09-29
6209,1590,BlueRiver Dev,Student,3,3,2,5,3,2025-01-01
6210,1591,BlueRiver Dev,Family,2,4,2,3,2,2021-02-26
6211,1591,BlueRiver Dev,Retiree,4,5,3,2,5,2024-10-22
6212,1591,BlueRiver Dev,Single,3,5,4,4,2,2024-12-17
6213,1591,BlueRiver Dev,Professional,3,5,4,3,3,2019-04-22
6214,1591,BlueRiver Dev,Student,3,4,5,3,2,2023-03-18
6215,1593,Nova Estates,Couple,3,3,4,5,3,2022-07-07
6216,1593,Nova Estates,Couple,2,4,3,5,2,2021-10-16
6217,1593,Nova Estates,Retiree,3,3,4,2,3,2018-08-07
6218,1594,Nova Estates,Family,5,1,3,2,4,2018-02-02
6219,1594,Nova Estates,Student,5,2,3,3,5,2024-11-08
6220,1594,Nova Estates,Professional,4,2,3,4,3,2025-07-14
6221,1594,Nova Estates,Single,5,4,2,3,5,2018-12-15
6222,1594,Nova Estates,Retiree,5,2,2,3,5,2021-07-19
6223,1594,Nova Estates,Couple,3,3,5,3,4,2021-03-20
6224,1594,Nova Estates,Single,4,3,4,4,4,2022-09-29
6225,1595,Pioneer Homes,Couple,4,1,5,3,4,2022-02-09
6226,1595,Pioneer Homes,Couple,2,3,3,1,2,2021-06-09
6227,1595,Pioneer Homes,Family,3,4,4,5,4,2018-04-21
6228,1595,Pioneer Homes,Family,2,4,5,3,2,2025-06-29
6229,1595,Pioneer Homes,Single,4,3,4,2,4,2018-06-03
6230,1595,Pioneer Homes,Professional,3,2,4,3,4,2020-10-28
6231,1595,Pioneer Homes,Family,3,2,2,5,3,2018-10-26
6232,1596,UrbanCore,Family,4,3,2,4,5,2025-09-18
6233,1596,UrbanCore,Single,3,4,3,3,2,2021-01-19
6234,1596,UrbanCore,Single,5,2,4,3,4,2021-06-28
6235,1597,Skyline Holdings,Couple,5,2,3,3,5,2024-05-10
6236,1597,Skyline Holdings,Single,5,4,3,4,5,2018-10-01
6237,1597,Skyline Holdings,Student,5,4,3,5,5,2019-07-25
6238,1597,Skyline Holdings,Family,4,5,5,2,5,2025-02-16
6239,1598,Nova Estates,Professional,4,2,3,2,4,2023-12-30
6240,1598,Nova Estates,Student,4,2,5,2,4,2019-10-12
6241,1598,Nova Estates,Single,5,3,3,3,4,2020-03-07
6242,1598,Nova Estates,Professional,4,1,4,2,3,2021-01-14
6243,1598,Nova Estates,Student,3,1,4,3,2,2023-04-25
6244,1598,Nova Estates,Family,4,2,5,3,3,2024-07-06
6245,1599,Nova Estates,Professional,4,3,5,3,4,2018-01-08
6246,1599,Nova Estates,Family,4,1,3,3,4,2021-02-23
6247,1599,Nova Estates,Family,5,2,3,4,5,2024-06-02
6248,1599,Nova Estates,Professional,4,1,5,2,4,2023-05-18
6249,1599,Nova Estates,Couple,4,1,4,3,4,2025-08-30
6250,1600,Stonegate,Family,3,2,3,5,2,2024-02-09
6251,1600,Stonegate,Couple,4,3,3,5,3,2019-09-16
6252,1600,Stonegate,Couple,2,2,4,3,2,2018-04-08
6253,1600,Stonegate,Family,3,1,2,5,3,2018-12-27
6254,1600,Stonegate,Single,3,3,2,4,3,2021-08-30
6255,1600,Stonegate,Family,3,3,3,3,3,2024-03-13
6256,1600,Stonegate,Single,4,1,3,4,3,2020-11-10
6257,1601,Nova Estates,Retiree,2,5,5,2,2,2024-08-05
6258,1601,Nova Estates,Retiree,4,3,4,3,2,2019-08-27
6259,1601,Nova Estates,Professional,2,2,2,1,2,2025-10-30
6260,1602,GreenBrick,Retiree,4,4,1,3,5,2022-05-28
6261,1602,GreenBrick,Family,5,2,5,5,4,2023-01-20
6262,1602,GreenBrick,Single,5,3,4,5,5,2018-03-19
6263,1602,GreenBrick,Retiree,5,1,2,3,5,2024-07-12
6264,1602,GreenBrick,Professional,5,2,2,3,5,2023-04-26
6265,1602,GreenBrick,Family,5,3,3,2,5,2019-09-28
6266,1602,GreenBrick,Retiree,5,4,5,5,5,2021-12-23
6267,1603,Skyline Holdings,Single,5,1,3,5,5,2022-11-12
6268,1603,Skyline Holdings,Family,5,1,5,5,5,2024-12-10
6269,1603,Skyline Holdings,Single,5,2,5,3,5,2018-07-23
6270,1603,Skyline Holdings,Family,5,1,3,2,5,2022-07-22
6271,1604,GreenBrick,Family,2,1,4,3,1,2018-02-08
6272,1604,GreenBrick,Couple,3,2,4,3,3,2025-08-31
6273,1605,Nova Estates,Student,4,2,3,4,5,2019-07-20
6274,1605,Nova Estates,Couple,4,2,5,4,5,2019-12-25
6275,1605,Nova Estates,Couple,4,2,2,4,4,2019-01-04
6276,1605,Nova Estates,Retiree,5,2,3,5,5,2018-04-15
6277,1605,Nova Estates,Professional,4,3,5,4,4,2021-05-30
6278,1605,Nova Estates,Couple,4,1,4,4,3,2025-10-30
6279,1606,UrbanCore,Professional,2,3,3,2,2,2021-03-02
6280,1606,UrbanCore,Single,2,2,3,2,2,2024-03-14
6281,1606,UrbanCore,Family,3,1,3,5,3,2020-06-21
6282,1606,UrbanCore,Family,4,4,4,3,5,2024-08-09
6283,1606,UrbanCore,Professional,2,1,4,4,2,2019-02-26
6284,1606,UrbanCore,Single,2,2,3,3,1,2022-05-04
6285,1606,UrbanCore,Family,2,2,4,3,2,2024-05-01
6286,1606,UrbanCore,Professional,3,3,3,5,3,2021-04-30
6287,1607,Nova Estates,Family,5,3,5,5,4,2020-10-30
6288,1607,Nova Estates,Family,4,3,3,4,3,2023-02-01
6289,1607,Nova Estates,Single,4,4,4,4,4,2022-04-06
6290,1607,Nova Estates,Retiree,5,4,3,3,5,2020-04-30
6291,1608,Oakfield Ltd,Family,2,3,3,3,1,2019-12-02
6292,1608,Oakfield Ltd,Single,2,4,2,4,1,2022-10-05
6293,1608,Oakfield Ltd,Couple,3,5,4,3,3,2024-06-20
6294,1608,Oakfield Ltd,Student,2,1,5,3,2,2018-01-16
6295,1608,Oakfield Ltd,Family,3,4,2,2,2,2022-12-27
6296,1608,Oakfield Ltd,Couple,1,5,4,4,1,2024-07-17
6297,1608,Oakfield Ltd,Single,3,3,2,4,3,2024-05-22
6298,1608,Oakfield Ltd,Student,2,3,4,2,2,2024-01-23
6299,1609,Skyline Holdings,Couple,5,5,3,4,5,2022-07-25
6300,1609,Skyline Holdings,Couple,3,4,4,4,3,2022-06-06
6301,1609,Skyline Holdings,Couple,3,3,5,4,3,2024-07-06
6302,1609,Skyline Holdings,Couple,5,2,5,3,5,2022-12-12
6303,1610,UrbanCore,Single,4,5,4,4,4,2019-03-18
6304,1610,UrbanCore,Couple,3,5,5,4,3,2018-09-29
6305,1610,UrbanCore,Professional,2,2,2,3,1,2018-08-16
6306,1610,UrbanCore,Couple,2,5,4,4,2,2020-01-24
6307,1610,UrbanCore,Professional,2,3,3,3,2,2018-06-12
6308,1611,Stonegate,Family,1,3,4,4,2,2024-04-11
6309,1611,Stonegate,Family,3,4,4,4,3,2025-01-13
6310,1611,Stonegate,Family,2,4,5,5,3,2019-03-23
6311,1611,Stonegate,Professional,3,4,3,4,3,2023-10-15
6312,1611,Stonegate,Retiree,2,4,4,3,1,2023-08-21
6313,1612,Horizon Builders,Student,4,4,3,3,4,2024-11-19
6314,1612,Horizon Builders,Professional,5,4,3,3,5,2020-01-07
6315,1612,Horizon Builders,Student,5,3,3,4,5,2023-04-21
6316,1612,Horizon Builders,Single,5,2,3,3,5,2024-12-11
6317,1613,UrbanCore,Couple,4,2,3,3,4,2022-09-22
6318,1613,UrbanCore,Couple,5,4,3,4,5,2020-03-28
6319,1613,UrbanCore,Single,4,4,4,3,3,2019-11-21
6320,1613,UrbanCore,Professional,3,4,5,3,2,2020-08-07
6321,1613,UrbanCore,Single,5,3,2,3,5,2024-12-18
6322,1614,GreenBrick,Professional,4,3,4,3,5,2023-05-14
6323,1614,GreenBrick,Single,4,4,5,4,4,2019-01-29
6324,1614,GreenBrick,Family,4,3,4,5,4,2023-11-02
6325,1614,GreenBrick,Professional,5,3,2,2,5,2019-04-10
6326,1614,GreenBrick,Professional,4,3,2,5,4,2019-06-18
6327,1615,GreenBrick,Retiree,3,2,2,5,4,2024-06-05
6328,1616,BlueRiver Dev,Retiree,4,4,4,4,5,2023-01-06
6329,1616,BlueRiver Dev,Student,3,4,3,3,2,2025-11-13
6330,1616,BlueRiver Dev,Couple,3,2,3,5,3,2024-04-19
6331,1616,BlueRiver Dev,Student,4,2,3,2,5,2022-06-04
6332,1616,BlueRiver Dev,Professional,3,4,3,3,3,2019-11-09
6333,1616,BlueRiver Dev,Family,4,3,3,3,3,2023-08-29
6334,1616,BlueRiver Dev,Family,2,1,3,2,1,2017-12-23
6335,1617,Atlas Properties,Professional,2,3,2,3,2,2021-01-17
6336,1617,Atlas Properties,Single,3,4,4,4,3,2024-09-28
6337,1617,Atlas Properties,Family,2,4,4,3,1,2021-09-29
6338,1617,Atlas Properties,Professional,2,4,4,5,2,2022-08-13
6339,1617,Atlas Properties,Single,3,5,5,4,4,2019-08-15
6340,1617,Atlas Properties,Family,1,4,2,4,1,2021-06-28
6341,1618,BlueRiver Dev,Retiree,4,3,4,5,4,2021-04-15
6342,1618,BlueRiver Dev,Student,3,4,2,5,3,2020-09-10
6343,1618,BlueRiver Dev,Family,3,3,5,4,4,2019-11-01
6344,1618,BlueRiver Dev,Family,2,1,5,3,2,2018-06-01
6345,1618,BlueRiver Dev,Student,3,3,4,3,4,2022-11-16
6346,1618,BlueRiver Dev,Single,3,4,3,4,3,2019-04-18
6347,1618,BlueRiver Dev,Family,4,2,3,2,4,2023-12-22
6348,1618,BlueRiver Dev,Professional,4,3,4,3,3,2018-07-29
6349,1620,Pioneer Homes,Family,3,1,3,4,3,2019-05-19
6350,1620,Pioneer Homes,Family,4,2,2,4,4,2025-04-19
6351,1620,Pioneer Homes,Retiree,4,3,5,2,4,2023-07-05
6352,1621,Sunrise Group,Family,3,1,4,4,4,2020-01-22
6353,1621,Sunrise Group,Couple,4,5,3,3,5,2021-07-07
6354,1621,Sunrise Group,Retiree,2,5,3,3,1,2023-12-24
6355,1621,Sunrise Group,Student,3,3,5,4,4,2023-05-23
6356,1622,Nova Estates,Student,2,2,2,4,2,2019-03-12
6357,1622,Nova Estates,Couple,1,1,4,4,2,2020-03-24
6358,1622,Nova Estates,Family,3,4,4,1,3,2024-02-22
6359,1622,Nova Estates,Single,3,1,4,3,4,2025-03-17
6360,1622,Nova Estates,Student,3,1,3,4,3,2020-03-23
6361,1622,Nova Estates,Family,4,4,5,3,4,2018-06-18
6362,1623,UrbanCore,Couple,2,2,4,3,2,2019-10-15
6363,1623,UrbanCore,Family,3,2,4,4,3,2023-03-23
6364,1623,UrbanCore,Retiree,3,2,5,3,4,2025-10-24
6365,1623,UrbanCore,Single,2,3,4,3,2,2024-12-23
6366,1623,UrbanCore,Professional,3,3,5,5,4,2024-02-05
6367,1623,UrbanCore,Professional,3,3,2,2,3,2019-06-23
6368,1623,UrbanCore,Professional,4,3,4,3,4,2019-10-20
6369,1623,UrbanCore,Couple,3,4,5,5,3,2023-06-15
6370,1624,Luna Developments,Family,5,3,4,3,4,2023-02-20
6371,1624,Luna Developments,Professional,4,3,3,5,4,2020-12-05
6372,1624,Luna Developments,Student,4,2,4,3,4,2022-07-03
6373,1624,Luna Developments,Family,4,3,5,4,4,2021-08-04
6374,1624,Luna Developments,Student,4,3,4,5,4,2021-08-25
6375,1624,Luna Developments,Single,4,2,3,4,3,2025-06-26
6376,1625,Nova Estates,Couple,3,3,3,3,3,2025-05-31
6377,1625,Nova Estates,Couple,5,3,3,5,5,2025-10-28
6378,1625,Nova Estates,Single,4,4,4,4,5,2018-05-19
6379,1625,Nova Estates,Student,3,3,2,2,4,2021-06-11
6380,1625,Nova Estates,Couple,3,2,4,2,3,2020-11-04
6381,1625,Nova Estates,Couple,3,1,3,3,3,2024-08-05
6382,1625,Nova Estates,Couple,4,1,3,3,4,2019-02-20
6383,1625,Nova Estates,Family,4,2,3,5,3,2024-07-25
6384,1626,BlueRiver Dev,Family,4,2,3,4,3,2021-01-29
6385,1627,Skyline Holdings,Couple,5,3,3,3,5,2018-01-04
6386,1627,Skyline Holdings,Professional,5,1,4,4,5,2019-10-03
6387,1627,Skyline Holdings,Retiree,3,1,4,4,4,2019-08-12
6388,1627,Skyline Holdings,Single,4,1,3,5,4,2021-04-11
6389,1627,Skyline Holdings,Family,5,1,4,3,5,2023-03-03
6390,1627,Skyline Holdings,Couple,4,3,4,4,4,2024-01-06
6391,1627,Skyline Holdings,Single,3,1,5,4,3,2020-10-13
6392,1628,UrbanCore,Family,2,4,2,3,3,2018-04-17
6393,1629,Nova Estates,Couple,2,4,4,4,2,2025-08-15
6394,1629,Nova Estates,Single,2,2,2,4,3,2024-12-21
6395,1629,Nova Estates,Professional,2,3,2,4,1,2019-11-10
6396,1629,Nova Estates,Family,2,3,2,3,3,2019-07-04
6397,1629,Nova Estates,Single,3,5,5,5,4,2018-12-20
6398,1629,Nova Estates,Student,2,3,3,5,3,2018-05-21
6399,1630,Sunrise Group,Family,3,4,3,3,3,2025-09-15
6400,1630,Sunrise Group,Couple,3,4,3,4,3,2021-05-11
6401,1631,Pioneer Homes,Professional,4,2,4,4,4,2020-05-11
6402,1631,Pioneer Homes,Student,4,3,2,4,4,2024-11-10
6403,1631,Pioneer Homes,Student,4,3,1,2,4,2025-05-31
6404,1631,Pioneer Homes,Professional,5,2,5,4,5,2025-03-09
6405,1631,Pioneer Homes,Single,5,2,4,3,5,2021-05-13
6406,1631,Pioneer Homes,Family,3,2,4,3,1,2018-05-24
6407,1631,Pioneer Homes,Couple,3,3,5,2,3,2020-12-21
6408,1631,Pioneer Homes,Couple,3,4,5,3,2,2025-02-13
6409,1632,GreenBrick,Professional,5,3,3,5,4,2020-12-02
6410,1632,GreenBrick,Professional,5,3,3,4,5,2020-01-15
6411,1632,GreenBrick,Professional,4,4,3,4,4,2024-12-01
6412,1633,BlueRiver Dev,Single,4,2,4,3,3,2020-08-26
6413,1633,BlueRiver Dev,Single,3,1,4,4,3,2025-09-26
6414,1633,BlueRiver Dev,Single,4,1,4,4,4,2019-07-01
6415,1633,BlueRiver Dev,Professional,3,2,3,3,2,2020-08-31
6416,1633,BlueRiver Dev,Family,3,2,2,4,3,2024-05-01
6417,1634,Oakfield Ltd,Family,4,1,4,3,4,2018-03-29
6418,1634,Oakfield Ltd,Family,5,3,4,5,5,2018-02-03
6419,1635,EverHome,Family,4,3,4,4,5,2023-06-13
6420,1635,EverHome,Student,5,4,4,5,5,2024-12-19
6421,1635,EverHome,Professional,5,2,4,3,5,2020-05-12
6422,1635,EverHome,Student,5,2,3,4,5,2023-07-28
6423,1635,EverHome,Professional,3,3,3,4,3,2021-02-06
6424,1635,EverHome,Family,3,1,3,2,3,2019-10-12
6425,1636,Skyline Holdings,Professional,4,1,3,3,4,2025-09-11
6426,1636,Skyline Holdings,Single,4,1,3,4,3,2022-06-07
6427,1636,Skyline Holdings,Professional,5,1,5,4,5,2025-02-13
6428,1636,Skyline Holdings,Couple,5,2,3,4,5,2021-05-18
6429,1636,Skyline Holdings,Family,4,4,4,4,4,2019-01-24
6430,1637,GreenBrick,Couple,3,2,4,3,2,2020-08-19
6431,1637,GreenBrick,Family,4,4,4,2,4,2024-01-12
6432,1637,GreenBrick,Retiree,2,4,5,4,2,2020-06-15
6433,1638,Nova Estates,Single,3,3,5,4,4,2023-12-04
6434,1638,Nova Estates,Professional,4,3,2,3,5,2019-07-25
6435,1638,Nova Estates,Couple,3,3,4,3,4,2023-08-11
6436,1638,Nova Estates,Professional,4,3,3,5,4,2019-10-02
6437,1638,Nova Estates,Retiree,4,2,4,4,4,2018-02-19
6438,1638,Nova Estates,Retiree,3,3,2,3,3,2025-10-09
6439,1638,Nova Estates,Professional,4,5,4,2,4,2024-07-16
6440,1638,Nova Estates,Professional,4,5,2,4,4,2018-01-19
6441,1639,Atlas Properties,Family,5,4,2,4,5,2019-12-09
6442,1639,Atlas Properties,Retiree,4,5,4,3,4,2024-12-12
6443,1639,Atlas Properties,Couple,5,4,3,5,5,2020-04-25
6444,1640,EverHome,Professional,3,3,4,4,2,2018-04-13
6445,1640,EverHome,Professional,2,5,4,3,1,2022-10-23
6446,1640,EverHome,Professional,3,5,4,1,4,2018-08-30
6447,1640,EverHome,Couple,2,2,3,4,3,2024-06-20
6448,1641,UrbanCore,Retiree,2,4,2,3,2,2025-02-23
6449,1641,UrbanCore,Family,4,4,3,4,4,2018-08-10
6450,1643,UrbanCore,Couple,5,2,3,2,5,2023-01-03
6451,1643,UrbanCore,Couple,4,4,4,4,4,2019-01-19
6452,1643,UrbanCore,Single,5,2,3,4,5,2018-01-06
6453,1643,UrbanCore,Family,3,3,5,2,3,2018-07-24
6454,1643,UrbanCore,Family,4,3,4,3,4,2025-09-14
6455,1644,Horizon Builders,Single,3,5,2,5,3,2018-05-26
6456,1644,Horizon Builders,Professional,4,4,3,2,4,2022-07-17
6457,1645,Nova Estates,Family,3,2,4,4,3,2019-04-26
6458,1646,Pioneer Homes,Student,4,1,4,3,4,2022-07-13
6459,1647,Nova Estates,Family,4,3,3,4,4,2019-08-10
6460,1647,Nova Estates,Family,4,3,4,2,4,2025-06-02
6461,1647,Nova Estates,Family,4,2,4,3,4,2024-01-16
6462,1647,Nova Estates,Couple,4,4,5,4,5,2021-03-23
6463,1648,MetroConstruct,Couple,5,3,3,3,4,2024-08-16
6464,1648,MetroConstruct,Family,5,3,4,3,4,2020-04-22
6465,1648,MetroConstruct,Professional,4,3,5,3,4,2024-03-24
6466,1648,MetroConstruct,Couple,2,3,5,3,2,2025-03-20
6467,1648,MetroConstruct,Single,5,3,5,4,4,2021-09-23
6468,1648,MetroConstruct,Professional,5,2,2,5,4,2023-12-18
6469,1648,MetroConstruct,Single,4,2,3,3,4,2022-09-04
6470,1648,MetroConstruct,Family,4,1,2,3,4,2022-01-21
6471,1649,Oakfield Ltd,Family,5,2,3,4,5,2023-07-17
6472,1649,Oakfield Ltd,Professional,4,2,4,2,4,2018-09-14
6473,1649,Oakfield Ltd,Retiree,4,2,3,3,3,2022-10-10
6474,1649,Oakfield Ltd,Family,4,1,4,3,4,2024-12-16
6475,1649,Oakfield Ltd,Professional,4,2,5,5,3,2024-01-17
6476,1649,Oakfield Ltd,Couple,4,2,2,3,4,2021-07-07
6477,1649,Oakfield Ltd,Single,3,3,3,3,3,2025-01-25
6478,1651,Nova Estates,Family,3,3,3,3,4,2021-12-12
6479,1651,Nova Estates,Single,4,3,2,2,4,2020-09-01
6480,1651,Nova Estates,Retiree,2,1,3,3,1,2022-04-20
6481,1651,Nova Estates,Retiree,3,2,5,3,4,2025-05-07
6482,1651,Nova Estates,Family,2,1,2,2,1,2020-03-03
6483,1651,Nova Estates,Professional,2,3,4,3,2,2019-11-12
6484,1651,Nova Estates,Family,1,1,2,2,1,2025-05-05
6485,1651,Nova Estates,Couple,3,4,4,3,4,2020-04-08
6486,1652,Skyline Holdings,Couple,2,3,4,3,2,2020-05-14
6487,1652,Skyline Holdings,Family,3,4,3,4,2,2021-02-04
6488,1652,Skyline Holdings,Family,3,2,5,3,3,2025-02-12
6489,1652,Skyline Holdings,Couple,3,1,3,4,3,2020-12-19
6490,1653,Skyline Holdings,Single,4,2,3,4,3,2024-08-06
6491,1653,Skyline Holdings,Family,5,4,2,4,5,2022-08-18
6492,1654,GreenBrick,Professional,5,2,4,3,5,2023-01-14
6493,1655,Nova Estates,Family,4,3,4,3,3,2025-08-07
6494,1655,Nova Estates,Single,5,4,2,5,5,2019-04-17
6495,1655,Nova Estates,Family,4,4,5,2,4,2020-06-04
6496,1655,Nova Estates,Single,5,2,4,4,5,2018-07-08
6497,1655,Nova Estates,Couple,2,2,3,5,2,2018-11-09
6498,1656,Luna Developments,Family,2,4,4,3,2,2024-05-12
6499,1656,Luna Developments,Professional,2,5,4,4,2,2021-02-19
6500,1656,Luna Developments,Retiree,2,4,2,3,2,2020-02-21
6501,1657,UrbanCore,Family,3,3,5,5,2,2024-10-13
6502,1657,UrbanCore,Single,2,2,3,2,3,2019-10-13
6503,1657,UrbanCore,Student,3,4,3,3,1,2024-12-24
6504,1658,Skyline Holdings,Professional,3,4,3,5,2,2022-10-24
6505,1658,Skyline Holdings,Professional,4,3,2,5,4,2025-06-23
6506,1658,Skyline Holdings,Single,3,5,5,3,3,2023-08-20
6507,1659,GreenBrick,Couple,3,5,3,5,3,2024-10-08
6508,1659,GreenBrick,Family,1,3,4,4,1,2022-04-30
6509,1659,GreenBrick,Student,4,3,4,2,4,2025-03-20
6510,1659,GreenBrick,Professional,3,4,5,3,4,2024-06-03
6511,1659,GreenBrick,Student,3,3,4,3,3,2025-01-16
6512,1659,GreenBrick,Retiree,3,3,3,3,4,2023-11-14
6513,1659,GreenBrick,Professional,3,3,4,4,3,2019-08-12
6514,1659,GreenBrick,Couple,2,3,4,3,2,2024-07-14
6515,1660,Sunrise Group,Single,4,2,4,3,4,2019-01-04
6516,1660,Sunrise Group,Professional,3,2,3,5,2,2021-07-20
6517,1661,Horizon Builders,Family,5,3,4,3,5,2023-07-24
6518,1661,Horizon Builders,Family,4,5,4,4,4,2018-09-12
6519,1661,Horizon Builders,Single,4,3,3,3,3,2020-01-25
6520,1661,Horizon Builders,Retiree,5,4,3,4,5,2023-03-16
6521,1661,Horizon Builders,Couple,4,2,4,4,4,2024-01-20
6522,1661,Horizon Builders,Professional,4,3,3,4,4,2019-06-06
6523,1662,UrbanCore,Family,4,1,2,3,4,2023-05-03
6524,1662,UrbanCore,Couple,3,2,3,3,3,2023-03-16
6525,1662,UrbanCore,Retiree,4,2,3,4,4,2023-10-29
6526,1662,UrbanCore,Single,3,1,3,4,2,2023-07-04
6527,1662,UrbanCore,Couple,3,1,4,4,4,2025-03-13
6528,1662,UrbanCore,Student,4,3,4,4,5,2020-04-23
6529,1663,EverHome,Family,2,1,5,3,3,2023-02-03
6530,1663,EverHome,Single,3,3,4,4,2,2024-11-18
6531,1663,EverHome,Couple,2,2,4,5,2,2023-08-08
6532,1663,EverHome,Professional,3,1,4,2,2,2018-11-22
6533,1663,EverHome,Retiree,3,2,5,5,3,2020-02-09
6534,1663,EverHome,Single,3,3,4,3,2,2023-03-31
6535,1664,Sunrise Group,Couple,3,1,4,4,4,2019-12-22
6536,1664,Sunrise Group,Family,4,3,4,3,3,2020-03-11
6537,1664,Sunrise Group,Retiree,5,3,4,5,5,2025-07-20
6538,1664,Sunrise Group,Retiree,5,2,5,5,4,2024-09-07
6539,1664,Sunrise Group,Family,5,2,4,4,5,2018-04-15
6540,1665,Atlas Properties,Family,5,5,4,4,5,2022-09-12
6541,1665,Atlas Properties,Single,5,3,5,2,5,2019-08-27
6542,1665,Atlas Properties,Professional,5,3,3,4,5,2024-01-27
6543,1665,Atlas Properties,Couple,5,5,5,5,5,2020-04-28
6544,1665,Atlas Properties,Student,5,3,5,3,5,2023-11-14
6545,1665,Atlas Properties,Single,4,4,5,4,4,2024-04-30
6546,1665,Atlas Properties,Retiree,3,3,4,5,4,2024-06-17
6547,1666,MetroConstruct,Single,3,4,4,4,3,2023-12-11
6548,1666,MetroConstruct,Family,5,3,5,4,5,2017-12-23
6549,1666,MetroConstruct,Student,3,3,3,3,3,2020-10-30
6550,1666,MetroConstruct,Single,3,3,3,2,3,2023-06-08
6551,1666,MetroConstruct,Single,3,2,3,3,3,2019-01-23
6552,1666,MetroConstruct,Student,4,2,3,4,4,2025-10-01
6553,1666,MetroConstruct,Retiree,3,4,2,4,3,2018-05-23
6554,1667,Skyline Holdings,Family,3,1,3,2,3,2025-03-09
6555,1667,Skyline Holdings,Family,3,3,3,3,3,2019-07-07
6556,1667,Skyline Holdings,Single,2,1,4,2,2,2021-04-14
6557,1667,Skyline Holdings,Family,3,2,3,3,3,2024-10-13
6558,1667,Skyline Holdings,Student,3,1,4,3,3,2019-12-21
6559,1667,Skyline Holdings,Single,3,1,3,2,3,2018-02-12
6560,1667,Skyline Holdings,Professional,4,1,5,4,3,2020-06-21
6561,1668,Luna Developments,Professional,5,3,3,3,5,2019-10-30
6562,1669,Nova Estates,Single,2,2,2,4,2,2019-04-28
6563,1669,Nova Estates,Single,2,2,5,3,1,2018-03-23
6564,1669,Nova Estates,Retiree,1,2,4,5,1,2019-05-31
6565,1669,Nova Estates,Retiree,2,2,4,5,1,2023-12-17
6566,1669,Nova Estates,Single,1,1,4,4,1,2022-02-08
6567,1670,Oakfield Ltd,Student,3,3,4,3,2,2018-05-26
6568,1670,Oakfield Ltd,Couple,3,3,2,3,3,2019-12-30
6569,1670,Oakfield Ltd,Single,4,3,5,3,5,2019-04-07
6570,1670,Oakfield Ltd,Student,1,4,4,4,1,2023-12-19
6571,1670,Oakfield Ltd,Couple,2,1,3,4,2,2021-10-17
6572,1670,Oakfield Ltd,Retiree,2,4,4,4,2,2023-07-03
6573,1671,GreenBrick,Couple,4,3,4,4,4,2025-10-08
6574,1671,GreenBrick,Professional,5,2,4,4,5,2023-11-21
6575,1671,GreenBrick,Single,5,2,3,2,5,2019-06-10
6576,1672,Stonegate,Couple,4,2,4,4,5,2022-09-03
6577,1672,Stonegate,Couple,5,2,3,4,5,2020-12-10
6578,1672,Stonegate,Single,4,2,2,5,3,2018-08-09
6579,1672,Stonegate,Family,5,2,2,3,5,2020-06-23
6580,1672,Stonegate,Retiree,4,1,4,3,3,2022-08-11
6581,1672,Stonegate,Family,4,1,3,2,4,2021-03-01
6582,1673,Stonegate,Family,5,2,3,4,5,2019-10-18
6583,1673,Stonegate,Family,5,2,4,4,5,2020-01-19
6584,1673,Stonegate,Student,5,2,4,2,5,2025-04-10
6585,1673,Stonegate,Couple,4,2,3,1,5,2019-08-18
6586,1675,Oakfield Ltd,Family,3,5,3,3,1,2020-04-13
6587,1675,Oakfield Ltd,Professional,4,4,5,4,4,2021-12-04
6588,1677,Nova Estates,Single,4,2,3,4,4,2021-09-08
6589,1677,Nova Estates,Family,3,2,4,3,3,2023-12-16
6590,1678,GreenBrick,Professional,3,1,3,2,3,2017-12-17
6591,1679,Nova Estates,Family,5,2,4,5,5,2025-03-11
6592,1679,Nova Estates,Student,4,2,2,4,5,2020-12-09
6593,1679,Nova Estates,Professional,4,3,5,5,4,2024-09-12
6594,1679,Nova Estates,Couple,5,3,3,3,5,2020-10-03
6595,1679,Nova Estates,Retiree,2,2,2,5,2,2021-03-26
6596,1679,Nova Estates,Family,5,2,5,5,5,2024-10-24
6597,1679,Nova Estates,Family,3,3,4,2,4,2023-08-20
6598,1680,BlueRiver Dev,Retiree,5,5,3,4,5,2020-05-16
6599,1680,BlueRiver Dev,Single,4,1,3,2,3,2017-12-31
6600,1680,BlueRiver Dev,Family,4,4,3,2,5,2018-10-27
6601,1680,BlueRiver Dev,Professional,4,4,1,4,4,2020-01-21
6602,1681,GreenBrick,Family,5,1,3,5,5,2025-08-06
6603,1681,GreenBrick,Professional,4,2,3,2,3,2020-06-11
6604,1682,Cedar & Co,Professional,2,3,5,3,2,2018-08-10
6605,1682,Cedar & Co,Retiree,3,4,5,2,2,2023-10-14
6606,1682,Cedar & Co,Family,3,5,4,3,3,2020-10-24
6607,1683,Horizon Builders,Couple,5,2,1,4,5,2020-10-28
6608,1683,Horizon Builders,Family,4,3,3,5,5,2024-12-17
6609,1684,MetroConstruct,Single,4,5,1,2,5,2022-09-22
6610,1684,MetroConstruct,Couple,5,3,4,4,5,2019-10-24
6611,1684,MetroConstruct,Professional,3,4,5,3,2,2018-01-31
6612,1685,Nova Estates,Family,3,3,2,3,3,2018-07-28
6613,1685,Nova Estates,Couple,2,4,5,4,3,2020-02-18
6614,1685,Nova Estates,Family,3,4,2,4,3,2018-11-17
6615,1685,Nova Estates,Single,2,2,4,4,2,2025-03-09
6616,1685,Nova Estates,Couple,3,2,2,4,2,2019-03-07
6617,1685,Nova Estates,Student,3,3,5,4,3,2023-04-24
6618,1686,Stonegate,Retiree,5,1,4,2,5,2021-10-13
6619,1686,Stonegate,Couple,4,2,3,3,3,2024-06-21
6620,1687,EverHome,Single,5,1,5,5,5,2019-12-19
6621,1687,EverHome,Family,4,5,4,5,4,2022-11-07
6622,1687,EverHome,Single,5,5,4,5,5,2024-08-23
6623,1688,Sunrise Group,Retiree,2,4,4,3,3,2020-06-27
6624,1688,Sunrise Group,Student,3,1,3,3,4,2019-03-17
6625,1689,Horizon Builders,Professional,3,3,3,4,3,2025-08-06
6626,1689,Horizon Builders,Student,3,4,4,5,3,2022-08-06
6627,1689,Horizon Builders,Family,3,4,4,3,3,2022-05-23
6628,1689,Horizon Builders,Family,2,4,4,4,2,2019-03-25
6629,1689,Horizon Builders,Family,3,4,4,5,2,2018-01-15
6630,1691,Nova Estates,Family,4,3,4,5,5,2018-01-21
6631,1691,Nova Estates,Student,4,3,4,5,4,2023-02-15
6632,1691,Nova Estates,Family,4,4,4,2,4,2021-07-04
6633,1691,Nova Estates,Student,4,3,4,5,4,2025-06-05
6634,1691,Nova Estates,Couple,5,3,3,3,5,2025-02-09
6635,1691,Nova Estates,Single,2,3,2,4,1,2024-12-23
6636,1691,Nova Estates,Retiree,4,2,3,4,5,2020-01-02
6637,1693,GreenBrick,Couple,4,3,4,5,5,2018-07-31
6638,1693,GreenBrick,Student,3,4,4,4,2,2025-04-02
6639,1693,GreenBrick,Retiree,4,2,2,4,4,2019-07-16
6640,1693,GreenBrick,Family,3,3,4,4,3,2019-09-20
6641,1694,Nova Estates,Family,5,4,3,3,5,2024-01-14
6642,1694,Nova Estates,Family,5,3,3,3,5,2022-10-15
6643,1694,Nova Estates,Couple,3,3,3,3,3,2025-03-01
6644,1696,Nova Estates,Retiree,3,4,3,4,3,2021-10-01
6645,1696,Nova Estates,Family,3,4,3,4,4,2020-06-22
6646,1696,Nova Estates,Student,3,3,4,4,3,2024-08-18
6647,1696,Nova Estates,Single,3,3,3,3,4,2024-08-16
6648,1697,Nova Estates,Professional,3,2,4,5,4,2024-10-21
6649,1697,Nova Estates,Family,4,4,3,4,4,2024-06-25
6650,1697,Nova Estates,Single,3,4,5,4,3,2021-12-26
6651,1697,Nova Estates,Family,4,3,2,3,5,2021-01-26
6652,1697,Nova Estates,Single,4,2,4,3,3,2022-12-19
6653,1697,Nova Estates,Retiree,3,3,4,2,3,2022-04-08
6654,1697,Nova Estates,Single,3,4,3,4,2,2024-11-29
6655,1698,Nova Estates,Retiree,5,4,5,3,5,2021-12-29
6656,1698,Nova Estates,Single,4,4,4,3,5,2021-02-17
6657,1698,Nova Estates,Family,4,2,4,4,4,2019-12-19
6658,1698,Nova Estates,Couple,4,3,2,4,4,2019-04-20
6659,1699,Cedar & Co,Family,5,3,5,3,5,2024-08-27
6660,1699,Cedar & Co,Family,5,3,3,4,5,2019-12-24
6661,1699,Cedar & Co,Couple,5,2,3,4,5,2022-05-21
6662,1699,Cedar & Co,Family,5,2,3,4,5,2025-08-01
6663,1701,Cedar & Co,Professional,3,3,4,1,3,2024-09-01
6664,1701,Cedar & Co,Professional,3,3,3,4,3,2022-12-11
6665,1701,Cedar & Co,Couple,4,5,4,3,3,2018-12-06
6666,1701,Cedar & Co,Couple,3,4,4,3,3,2020-06-28
6667,1701,Cedar & Co,Professional,5,4,4,5,4,2022-06-21
6668,1702,Sunrise Group,Student,3,3,3,3,3,2019-12-21
6669,1703,Skyline Holdings,Student,4,2,2,3,5,2020-05-15
6670,1703,Skyline Holdings,Professional,4,3,3,2,4,2022-08-18
6671,1703,Skyline Holdings,Professional,4,1,4,3,5,2025-08-22
6672,1703,Skyline Holdings,Family,4,1,2,4,5,2020-03-17
6673,1703,Skyline Holdings,Professional,4,3,5,4,3,2021-09-25
6674,1704,Sunrise Group,Professional,3,2,4,4,3,2020-03-25
6675,1704,Sunrise Group,Student,4,1,3,4,4,2023-03-10
6676,1705,Sunrise Group,Retiree,4,5,1,3,3,2019-12-21
6677,1705,Sunrise Group,Retiree,5,4,3,2,5,2018-06-09
6678,1705,Sunrise Group,Professional,5,3,3,3,4,2023-03-20
6679,1705,Sunrise Group,Couple,4,2,3,3,4,2019-01-19
6680,1705,Sunrise Group,Single,4,5,4,4,3,2019-05-26
6681,1705,Sunrise Group,Family,5,4,5,4,5,2020-01-25
6682,1706,Nova Estates,Retiree,5,3,3,3,5,2020-06-23
6683,1706,Nova Estates,Couple,4,3,4,3,4,2025-04-05
6684,1707,Horizon Builders,Family,3,3,4,3,3,2019-10-03
6685,1707,Horizon Builders,Student,5,3,5,2,5,2024-06-10
6686,1708,Skyline Holdings,Professional,3,4,2,3,3,2022-11-14
6687,1708,Skyline Holdings,Single,3,3,5,3,3,2019-11-03
6688,1708,Skyline Holdings,Family,3,5,3,3,3,2018-10-20
6689,1709,Horizon Builders,Single,1,3,5,4,1,2025-09-03
6690,1709,Horizon Builders,Couple,2,1,5,4,2,2019-12-23
6691,1709,Horizon Builders,Couple,4,2,4,2,4,2019-11-27
6692,1709,Horizon Builders,Single,3,2,5,2,2,2025-09-15
6693,1710,Horizon Builders,Student,4,2,4,2,4,2022-12-15
6694,1710,Horizon Builders,Student,4,2,2,5,4,2023-01-07
6695,1711,Nova Estates,Student,3,3,3,4,4,2024-04-20
6696,1711,Nova Estates,Professional,3,4,4,5,3,2022-03-27
6697,1711,Nova Estates,Single,2,4,2,4,2,2022-06-29
6698,1712,Nova Estates,Family,4,3,4,3,4,2023-08-19
6699,1712,Nova Estates,Family,4,5,2,3,4,2024-09-15
6700,1712,Nova Estates,Retiree,5,3,4,4,5,2022-03-22
6701,1713,Oakfield Ltd,Professional,5,4,4,4,5,2019-11-15
6702,1713,Oakfield Ltd,Family,4,4,5,5,5,2025-08-26
6703,1713,Oakfield Ltd,Couple,4,4,3,5,4,2024-10-02
6704,1713,Oakfield Ltd,Couple,5,3,1,5,4,2019-07-07
6705,1713,Oakfield Ltd,Student,4,5,3,4,4,2022-06-26
6706,1715,Nova Estates,Couple,2,2,3,4,2,2018-11-17
6707,1715,Nova Estates,Student,2,2,5,4,2,2021-11-29
6708,1715,Nova Estates,Couple,3,2,3,4,2,2021-12-10
6709,1715,Nova Estates,Couple,1,2,4,2,1,2023-05-20
6710,1715,Nova Estates,Retiree,2,1,5,4,2,2024-05-30
6711,1715,Nova Estates,Single,1,2,3,3,1,2023-01-23
6712,1716,Atlas Properties,Student,4,3,4,4,4,2020-12-18
6713,1716,Atlas Properties,Family,3,2,3,3,3,2018-12-06
6714,1716,Atlas Properties,Couple,3,3,2,4,3,2019-06-23
6715,1716,Atlas Properties,Professional,3,2,3,5,4,2023-07-16
6716,1717,Nova Estates,Retiree,5,5,4,3,5,2020-01-12
6717,1717,Nova Estates,Retiree,5,4,4,3,5,2021-10-15
6718,1717,Nova Estates,Retiree,5,5,3,4,5,2022-02-15
6719,1718,BlueRiver Dev,Student,2,3,4,3,1,2023-04-30
6720,1718,BlueRiver Dev,Couple,4,3,3,5,4,2021-07-08
6721,1719,Atlas Properties,Single,5,4,4,4,4,2018-02-11
6722,1719,Atlas Properties,Student,4,3,4,3,4,2024-10-19
6723,1719,Atlas Properties,Family,4,4,4,5,4,2025-12-02
6724,1719,Atlas Properties,Couple,5,3,5,4,4,2019-09-08
6725,1719,Atlas Properties,Family,3,5,4,4,3,2022-08-04
6726,1719,Atlas Properties,Couple,4,2,3,4,4,2024-10-20
6727,1719,Atlas Properties,Professional,4,3,3,4,3,2021-07-25
6728,1720,Skyline Holdings,Student,4,1,2,3,5,2023-11-08
6729,1720,Skyline Holdings,Retiree,3,2,5,3,2,2020-03-11
6730,1720,Skyline Holdings,Couple,4,4,2,3,4,2021-10-13
6731,1720,Skyline Holdings,Couple,3,5,4,4,3,2018-11-18
6732,1720,Skyline Holdings,Couple,3,3,3,3,3,2023-02-16
6733,1720,Skyline Holdings,Retiree,3,5,5,5,3,2019-08-29
6734,1720,Skyline Holdings,Student,4,3,3,4,4,2025-03-12
6735,1720,Skyline Holdings,Professional,4,2,3,4,4,2018-06-19
6736,1721,Nova Estates,Retiree,3,3,4,3,3,2021-09-08
6737,1723,Skyline Holdings,Student,5,3,2,4,5,2018-12-04
6738,1723,Skyline Holdings,Retiree,5,3,5,2,5,2023-07-17
6739,1724,Nova Estates,Professional,5,3,5,4,5,2021-05-19
6740,1724,Nova Estates,Professional,4,3,4,2,4,2020-05-20
6741,1724,Nova Estates,Family,4,2,2,5,4,2023-02-25
6742,1724,Nova Estates,Family,4,3,4,3,4,2023-01-26
6743,1724,Nova Estates,Retiree,3,2,4,2,2,2025-01-21
6744,1726,Nova Estates,Retiree,4,4,4,3,3,2021-01-20
6745,1726,Nova Estates,Single,4,4,4,4,4,2024-10-24
6746,1726,Nova Estates,Single,4,5,5,3,4,2020-03-10
6747,1726,Nova Estates,Couple,4,3,5,3,4,2022-04-11
6748,1726,Nova Estates,Retiree,4,5,4,4,4,2019-05-12
6749,1726,Nova Estates,Couple,4,1,4,3,4,2018-02-26
6750,1727,Sunrise Group,Single,5,2,4,2,4,2019-04-20
6751,1727,Sunrise Group,Single,5,3,4,4,5,2023-04-02
6752,1727,Sunrise Group,Single,4,3,4,2,4,2020-11-03
6753,1727,Sunrise Group,Student,4,2,4,5,4,2025-11-03
6754,1727,Sunrise Group,Professional,4,3,3,3,5,2020-03-06
6755,1728,Atlas Properties,Family,3,3,2,3,3,2020-07-24
6756,1728,Atlas Properties,Couple,3,5,4,3,3,2018-06-16
6757,1728,Atlas Properties,Student,2,4,4,2,3,2020-02-03
6758,1729,Oakfield Ltd,Professional,2,3,4,3,3,2017-12-19
6759,1729,Oakfield Ltd,Couple,2,3,3,2,2,2023-07-23
6760,1730,Horizon Builders,Professional,5,2,4,3,5,2018-08-27
6761,1730,Horizon Builders,Student,5,3,2,4,5,2018-07-03
6762,1730,Horizon Builders,Family,2,2,2,3,2,2025-09-26
6763,1730,Horizon Builders,Family,3,1,3,3,4,2025-05-23
6764,1730,Horizon Builders,Family,4,1,5,3,4,2023-01-03
6765,1731,Skyline Holdings,Single,4,5,3,3,3,2019-12-10
6766,1731,Skyline Holdings,Retiree,5,3,4,4,5,2021-01-16
6767,1731,Skyline Holdings,Family,5,5,2,2,4,2022-12-24
6768,1731,Skyline Holdings,Couple,4,5,5,4,4,2024-12-23
6769,1731,Skyline Holdings,Professional,5,1,3,3,5,2018-06-12
6770,1732,Horizon Builders,Single,3,2,2,3,2,2025-03-18
6771,1732,Horizon Builders,Professional,3,3,4,4,4,2019-01-06
6772,1732,Horizon Builders,Single,2,1,5,5,2,2025-05-05
6773,1732,Horizon Builders,Single,3,3,4,4,3,2023-08-30
6774,1732,Horizon Builders,Retiree,3,3,2,2,3,2019-04-18
6775,1732,Horizon Builders,Retiree,3,4,4,4,3,2019-09-05
6776,1732,Horizon Builders,Family,4,2,5,2,4,2022-03-10
6777,1733,UrbanCore,Retiree,3,3,2,4,4,2018-05-06
6778,1733,UrbanCore,Single,4,3,3,3,4,2025-09-26
6779,1734,Sunrise Group,Student,2,2,3,4,2,2021-04-12
6780,1734,Sunrise Group,Retiree,3,3,3,3,3,2018-06-21
6781,1735,Nova Estates,Family,3,2,2,2,2,2022-05-18
6782,1735,Nova Estates,Single,5,2,2,4,4,2018-05-11
6783,1735,Nova Estates,Couple,4,3,4,4,4,2021-03-17
6784,1735,Nova Estates,Couple,5,4,3,4,5,2021-09-26
6785,1736,Stonegate,Family,4,4,3,3,4,2021-12-02
6786,1736,Stonegate,Professional,5,3,3,3,5,2022-01-29
6787,1738,Nova Estates,Single,3,2,4,3,4,2022-03-27
6788,1738,Nova Estates,Professional,3,3,5,4,2,2019-12-25
6789,1738,Nova Estates,Family,3,4,2,4,2,2020-08-14
6790,1739,GreenBrick,Single,4,3,3,5,3,2023-06-23
6791,1740,GreenBrick,Professional,2,4,3,3,1,2020-05-18
6792,1740,GreenBrick,Family,2,5,3,2,2,2021-11-29
6793,1740,GreenBrick,Professional,3,5,3,4,3,2024-08-18
6794,1740,GreenBrick,Couple,2,2,5,2,2,2018-04-19
6795,1741,MetroConstruct,Single,3,3,5,3,3,2023-02-10
6796,1741,MetroConstruct,Family,4,2,3,3,4,2022-10-13
6797,1741,MetroConstruct,Retiree,5,5,3,2,4,2022-01-30
6798,1741,MetroConstruct,Couple,4,2,4,4,4,2019-09-29
6799,1741,MetroConstruct,Retiree,4,3,5,1,4,2025-10-13
6800,1741,MetroConstruct,Couple,3,2,5,4,3,2020-06-03
6801,1742,Pioneer Homes,Couple,3,2,3,4,3,2020-11-22
6802,1742,Pioneer Homes,Family,2,1,4,3,2,2024-07-21
6803,1742,Pioneer Homes,Student,4,2,5,4,4,2023-11-22
6804,1742,Pioneer Homes,Family,4,2,2,3,5,2022-05-26
6805,1743,Pioneer Homes,Family,4,5,4,4,4,2024-01-20
6806,1743,Pioneer Homes,Couple,3,3,4,5,3,2018-09-19
6807,1743,Pioneer Homes,Professional,3,2,3,4,3,2018-04-22
6808,1743,Pioneer Homes,Student,2,4,5,3,2,2018-03-05
6809,1743,Pioneer Homes,Student,3,3,2,1,2,2019-12-15
6810,1743,Pioneer Homes,Single,3,3,3,2,3,2019-01-12
6811,1743,Pioneer Homes,Single,2,3,5,5,1,2023-10-22
6812,1743,Pioneer Homes,Couple,4,4,1,3,5,2018-10-13
6813,1744,Nova Estates,Couple,3,1,4,4,4,2021-03-25
6814,1744,Nova Estates,Couple,5,1,3,4,4,2022-02-21
6815,1744,Nova Estates,Couple,4,2,2,3,3,2020-04-27
6816,1744,Nova Estates,Couple,5,2,4,3,5,2021-03-22
6817,1744,Nova Estates,Family,4,1,3,4,5,2018-06-15
6818,1745,GreenBrick,Student,2,3,2,5,2,2018-06-03
6819,1745,GreenBrick,Professional,2,5,5,2,2,2025-01-29
6820,1745,GreenBrick,Student,4,4,4,3,4,2024-08-05
6821,1745,GreenBrick,Professional,3,3,4,5,3,2018-01-07
6822,1745,GreenBrick,Retiree,2,3,2,3,1,2022-12-19
6823,1747,Nova Estates,Professional,5,2,3,3,5,2024-05-12
6824,1747,Nova Estates,Professional,4,4,3,3,4,2022-04-19
6825,1747,Nova Estates,Couple,2,1,3,3,2,2022-02-20
6826,1747,Nova Estates,Family,5,3,4,4,5,2021-09-30
6827,1748,Skyline Holdings,Student,2,4,5,4,2,2020-04-16
6828,1748,Skyline Holdings,Retiree,3,2,4,4,3,2020-05-03
6829,1748,Skyline Holdings,Professional,2,4,4,3,3,2023-06-22
6830,1748,Skyline Holdings,Family,3,2,5,5,3,2018-07-09
6831,1748,Skyline Holdings,Retiree,4,2,4,4,5,2023-07-28
6832,1748,Skyline Holdings,Single,4,5,4,4,4,2021-07-25
6833,1748,Skyline Holdings,Professional,3,2,4,3,3,2025-04-27
6834,1749,Pioneer Homes,Student,4,2,3,3,4,2022-09-05
6835,1749,Pioneer Homes,Single,4,2,5,4,3,2020-03-10
6836,1750,Nova Estates,Couple,3,5,2,5,3,2018-02-19
6837,1750,Nova Estates,Couple,3,3,3,3,3,2020-05-10
6838,1750,Nova Estates,Couple,3,5,3,4,2,2020-10-03
6839,1751,UrbanCore,Student,3,3,2,3,4,2025-08-12
6840,1751,UrbanCore,Single,3,5,4,3,3,2020-09-06
6841,1752,Skyline Holdings,Couple,4,3,3,3,4,2018-10-07
6842,1752,Skyline Holdings,Family,4,4,1,3,4,2021-06-13
6843,1752,Skyline Holdings,Single,5,2,5,3,5,2022-05-01
6844,1752,Skyline Holdings,Student,5,4,5,4,5,2020-11-08
6845,1752,Skyline Holdings,Single,4,3,4,2,4,2019-06-13
6846,1752,Skyline Holdings,Couple,5,3,4,3,5,2018-10-04
6847,1752,Skyline Holdings,Family,5,4,2,5,5,2022-10-22
6848,1752,Skyline Holdings,Family,4,3,5,2,5,2025-05-13
6849,1753,Nova Estates,Retiree,5,1,2,2,5,2018-01-25
6850,1753,Nova Estates,Single,5,1,2,3,5,2023-09-07
6851,1753,Nova Estates,Couple,5,2,4,3,5,2023-03-22
6852,1753,Nova Estates,Couple,4,1,2,4,4,2018-03-18
6853,1753,Nova Estates,Retiree,5,2,3,5,5,2025-05-23
6854,1753,Nova Estates,Couple,5,2,4,2,5,2023-08-30
6855,1753,Nova Estates,Single,4,2,4,3,4,2023-04-29
6856,1754,Skyline Holdings,Couple,4,5,3,3,4,2020-03-08
6857,1754,Skyline Holdings,Single,5,5,2,4,4,2022-11-26
6858,1754,Skyline Holdings,Professional,5,5,3,1,5,2022-11-22
6859,1754,Skyline Holdings,Retiree,3,3,3,5,3,2018-02-14
6860,1754,Skyline Holdings,Professional,5,4,4,1,5,2023-06-16
6861,1754,Skyline Holdings,Professional,4,4,2,3,4,2025-06-18
6862,1755,Cedar & Co,Family,5,1,5,4,5,2018-10-28
6863,1755,Cedar & Co,Single,4,1,4,3,4,2018-06-12
6864,1755,Cedar & Co,Retiree,4,2,5,2,5,2023-11-17
6865,1755,Cedar & Co,Retiree,4,2,4,4,3,2020-08-14
6866,1755,Cedar & Co,Professional,4,3,5,4,3,2024-01-15
6867,1755,Cedar & Co,Single,4,1,3,4,4,2020-12-21
6868,1755,Cedar & Co,Couple,5,2,3,3,5,2022-10-11
6869,1755,Cedar & Co,Family,4,1,5,3,5,2019-10-26
6870,1756,Oakfield Ltd,Family,4,2,4,3,4,2024-11-27
6871,1756,Oakfield Ltd,Single,4,3,4,4,5,2019-10-20
6872,1756,Oakfield Ltd,Professional,3,3,4,3,3,2022-04-19
6873,1756,Oakfield Ltd,Retiree,4,3,5,4,5,2020-04-29
6874,1757,Luna Developments,Single,3,3,3,4,3,2024-10-18
6875,1757,Luna Developments,Retiree,4,3,4,4,4,2018-01-06
6876,1757,Luna Developments,Family,4,3,3,5,4,2021-11-01
6877,1757,Luna Developments,Family,3,2,2,5,3,2020-11-25
6878,1757,Luna Developments,Family,4,1,4,4,3,2021-01-07
6879,1758,Sunrise Group,Student,3,3,4,4,2,2019-10-28
6880,1759,Nova Estates,Single,3,1,5,4,3,2024-07-25
6881,1759,Nova Estates,Single,4,1,5,3,5,2021-04-22
6882,1759,Nova Estates,Family,3,1,5,5,4,2019-11-14
6883,1759,Nova Estates,Couple,3,1,2,5,3,2020-06-21
6884,1759,Nova Estates,Professional,4,1,2,4,3,2025-01-14
6885,1760,UrbanCore,Student,3,2,4,3,3,2025-11-06
6886,1760,UrbanCore,Couple,3,1,4,5,2,2020-01-10
6887,1760,UrbanCore,Single,1,1,4,3,1,2018-12-02
6888,1760,UrbanCore,Professional,2,2,2,2,2,2020-03-12
6889,1760,UrbanCore,Family,1,3,3,5,1,2020-01-16
6890,1760,UrbanCore,Student,3,2,4,4,3,2020-02-04
6891,1761,Sunrise Group,Retiree,4,3,3,5,4,2020-06-19
6892,1762,MetroConstruct,Student,2,2,4,3,2,2020-12-11
6893,1762,MetroConstruct,Couple,3,1,4,3,3,2019-09-20
6894,1762,MetroConstruct,Couple,4,3,3,4,2,2024-03-16
6895,1762,MetroConstruct,Couple,3,3,4,3,2,2024-06-30
6896,1762,MetroConstruct,Single,2,3,3,3,3,2024-06-08
6897,1762,MetroConstruct,Couple,3,1,1,2,4,2018-06-19
6898,1762,MetroConstruct,Family,3,2,3,3,3,2018-07-27
6899,1763,Nova Estates,Retiree,4,2,2,3,5,2019-12-18
6900,1763,Nova Estates,Student,5,3,4,3,5,2019-08-21
6901,1763,Nova Estates,Family,3,2,5,3,3,2020-01-10
6902,1763,Nova Estates,Couple,5,2,3,4,5,2021-05-01
6903,1763,Nova Estates,Couple,4,1,3,3,4,2019-07-19
6904,1763,Nova Estates,Couple,5,3,3,5,5,2018-05-21
6905,1763,Nova Estates,Single,4,2,1,3,4,2018-07-06
6906,1763,Nova Estates,Family,5,3,3,3,5,2025-03-17
6907,1764,Sunrise Group,Couple,3,4,2,2,4,2018-03-02
6908,1765,Nova Estates,Family,4,5,4,4,4,2023-08-01
6909,1765,Nova Estates,Professional,5,4,1,3,5,2025-04-10
6910,1765,Nova Estates,Student,5,4,3,3,4,2018-01-18
6911,1765,Nova Estates,Single,5,4,2,3,5,2018-03-28
6912,1765,Nova Estates,Family,5,4,4,4,5,2018-04-10
6913,1765,Nova Estates,Single,5,4,3,4,5,2022-06-24
6914,1766,GreenBrick,Couple,3,4,4,3,3,2024-05-11
6915,1766,GreenBrick,Single,2,3,5,5,2,2022-03-18
6916,1766,GreenBrick,Student,3,2,2,3,4,2022-08-31
6917,1766,GreenBrick,Couple,3,1,3,3,4,2019-03-14
6918,1766,GreenBrick,Single,2,2,4,4,3,2019-11-18
6919,1766,GreenBrick,Professional,4,1,3,5,4,2019-02-01
6920,1767,Pioneer Homes,Family,5,2,3,5,5,2022-01-30
6921,1768,Sunrise Group,Couple,4,3,2,3,3,2024-11-13
6922,1768,Sunrise Group,Professional,5,3,2,4,5,2021-09-04
6923,1768,Sunrise Group,Family,5,1,3,5,5,2020-09-02
6924,1768,Sunrise Group,Single,4,3,3,3,5,2022-10-26
6925,1768,Sunrise Group,Student,4,3,2,5,4,2020-01-20
6926,1768,Sunrise Group,Retiree,5,2,4,4,5,2021-03-21
6927,1768,Sunrise Group,Student,3,3,2,3,3,2021-10-29
6928,1768,Sunrise Group,Single,4,4,4,2,4,2021-04-29
6929,1769,GreenBrick,Couple,5,5,5,3,5,2020-12-18
6930,1769,GreenBrick,Professional,5,5,4,5,5,2023-10-18
6931,1769,GreenBrick,Retiree,4,3,2,3,4,2024-07-17
6932,1769,GreenBrick,Family,4,2,2,3,5,2021-10-01
6933,1769,GreenBrick,Student,5,5,5,3,5,2019-06-28
6934,1769,GreenBrick,Student,5,4,2,2,5,2024-10-18
6935,1769,GreenBrick,Retiree,5,4,3,4,5,2018-03-31
6936,1769,GreenBrick,Family,4,3,2,3,4,2023-09-29
6937,1771,Sunrise Group,Couple,2,3,4,3,2,2025-08-23
6938,1771,Sunrise Group,Family,3,3,3,4,3,2023-07-26
6939,1771,Sunrise Group,Retiree,3,2,3,4,4,2022-08-01
6940,1771,Sunrise Group,Professional,2,4,4,5,2,2020-05-13
6941,1772,Oakfield Ltd,Family,3,4,3,3,2,2019-05-04
6942,1772,Oakfield Ltd,Couple,3,3,2,3,4,2025-05-27
6943,1772,Oakfield Ltd,Family,3,2,4,4,4,2021-05-26
6944,1772,Oakfield Ltd,Couple,4,3,3,5,4,2020-04-06
6945,1772,Oakfield Ltd,Family,3,3,4,4,1,2019-09-17
6946,1772,Oakfield Ltd,Retiree,4,3,4,3,4,2020-01-26
6947,1772,Oakfield Ltd,Student,5,4,4,1,4,2017-12-24
6948,1772,Oakfield Ltd,Professional,3,3,4,2,4,2024-03-14
6949,1773,Stonegate,Single,1,2,3,4,1,2018-04-02
6950,1773,Stonegate,Single,2,2,2,2,1,2018-07-31
6951,1773,Stonegate,Couple,2,1,2,3,2,2022-09-27
6952,1773,Stonegate,Student,2,3,2,3,2,2025-04-25
6953,1773,Stonegate,Professional,3,4,5,4,3,2022-12-22
6954,1773,Stonegate,Couple,1,1,4,4,1,2022-02-07
6955,1773,Stonegate,Retiree,4,3,5,4,3,2022-05-18
6956,1773,Stonegate,Single,3,3,4,1,2,2024-08-28
6957,1774,Luna Developments,Professional,4,5,4,4,4,2018-09-07
6958,1774,Luna Developments,Couple,5,2,3,3,4,2018-06-18
6959,1774,Luna Developments,Single,4,5,1,3,4,2018-10-20
6960,1774,Luna Developments,Family,5,2,2,5,4,2019-07-19
6961,1774,Luna Developments,Retiree,3,5,2,3,4,2023-01-20
6962,1775,Oakfield Ltd,Family,4,3,5,4,3,2018-07-07
6963,1775,Oakfield Ltd,Couple,3,3,5,3,3,2022-05-19
6964,1775,Oakfield Ltd,Student,2,3,3,5,2,2018-05-31
6965,1776,Skyline Holdings,Single,3,3,3,4,3,2021-07-21
6966,1776,Skyline Holdings,Professional,3,2,5,4,3,2023-09-21
6967,1776,Skyline Holdings,Professional,4,4,3,4,4,2024-11-09
6968,1776,Skyline Holdings,Retiree,4,3,3,3,5,2022-12-21
6969,1776,Skyline Holdings,Single,4,2,3,2,4,2021-10-02
6970,1776,Skyline Holdings,Professional,4,1,3,2,4,2022-04-12
6971,1776,Skyline Holdings,Couple,4,3,5,2,4,2022-06-02
6972,1777,BlueRiver Dev,Professional,4,5,3,3,4,2018-08-24
6973,1777,BlueRiver Dev,Professional,5,5,4,3,3,2022-04-17
6974,1777,BlueRiver Dev,Retiree,4,2,4,3,4,2024-12-15
6975,1778,Sunrise Group,Couple,2,3,4,3,2,2022-02-23
6976,1778,Sunrise Group,Family,2,5,5,5,3,2018-08-09
6977,1778,Sunrise Group,Professional,3,4,3,3,2,2018-08-24
6978,1778,Sunrise Group,Retiree,1,3,4,3,1,2020-09-12
6979,1778,Sunrise Group,Family,2,3,5,3,2,2021-08-12
6980,1778,Sunrise Group,Single,3,4,4,5,2,2021-01-05
6981,1779,Skyline Holdings,Retiree,3,2,4,1,3,2024-11-08
6982,1779,Skyline Holdings,Single,3,3,3,3,3,2025-07-10
6983,1779,Skyline Holdings,Professional,3,2,4,5,3,2024-07-30
6984,1779,Skyline Holdings,Couple,3,3,4,4,3,2020-12-01
6985,1780,MetroConstruct,Professional,4,4,3,2,4,2023-12-18
6986,1781,Nova Estates,Single,3,2,5,2,3,2018-12-13
6987,1781,Nova Estates,Couple,3,2,4,4,3,2019-03-20
6988,1782,EverHome,Retiree,4,3,4,3,4,2019-10-06
6989,1782,EverHome,Family,4,2,3,2,4,2022-05-16
6990,1782,EverHome,Couple,5,2,4,4,5,2019-07-28
6991,1782,EverHome,Couple,5,2,3,4,5,2022-07-01
6992,1782,EverHome,Couple,4,1,3,3,4,2024-11-30
6993,1782,EverHome,Student,5,3,4,5,5,2018-04-03
6994,1782,EverHome,Retiree,5,2,2,1,5,2023-07-28
6995,1783,Sunrise Group,Family,4,5,4,2,4,2023-07-09
6996,1783,Sunrise Group,Professional,5,5,2,3,5,2023-01-05
6997,1783,Sunrise Group,Family,3,3,4,3,3,2025-07-09
6998,1783,Sunrise Group,Student,4,4,4,4,4,2025-12-14
6999,1783,Sunrise Group,Family,4,3,4,2,4,2024-12-01
7000,1783,Sunrise Group,Couple,4,3,5,4,4,2021-06-24
7001,1783,Sunrise Group,Couple,5,3,2,4,4,2020-07-24
7002,1784,Horizon Builders,Retiree,2,4,4,4,3,2024-01-01
7003,1784,Horizon Builders,Single,2,3,4,5,2,2022-02-07
7004,1784,Horizon Builders,Couple,2,5,3,5,2,2018-06-12
7005,1784,Horizon Builders,Single,2,4,3,5,1,2023-03-27
7006,1785,Horizon Builders,Professional,3,3,2,4,3,2021-10-10
7007,1785,Horizon Builders,Single,3,3,3,3,3,2018-03-27
7008,1786,Stonegate,Student,3,4,3,4,3,2020-10-23
7009,1786,Stonegate,Family,3,3,5,5,3,2020-05-21
7010,1786,Stonegate,Student,4,4,4,3,2,2023-01-19
7011,1786,Stonegate,Student,3,3,3,3,3,2019-09-03
7012,1786,Stonegate,Couple,2,2,4,4,3,2018-03-17
7013,1787,Horizon Builders,Retiree,3,4,3,2,4,2022-07-17
7014,1787,Horizon Builders,Single,2,3,4,4,2,2022-07-29
7015,1787,Horizon Builders,Family,3,3,4,3,3,2023-11-24
7016,1787,Horizon Builders,Student,2,4,3,3,2,2020-08-31
7017,1787,Horizon Builders,Family,2,3,5,3,2,2023-07-22
7018,1787,Horizon Builders,Single,2,4,4,1,2,2020-06-07
7019,1789,Nova Estates,Professional,3,3,2,4,3,2021-10-03
7020,1789,Nova Estates,Single,4,2,5,4,3,2025-10-21
7021,1789,Nova Estates,Professional,4,3,4,5,5,2019-01-11
7022,1789,Nova Estates,Family,4,1,2,4,4,2020-07-08
7023,1789,Nova Estates,Professional,4,4,2,5,5,2019-04-05
7024,1789,Nova Estates,Family,5,3,2,2,4,2024-02-14
7025,1789,Nova Estates,Couple,4,2,4,5,4,2018-07-12
7026,1790,UrbanCore,Student,4,3,4,4,4,2021-08-28
7027,1790,UrbanCore,Family,3,1,3,3,3,2020-01-11
7028,1790,UrbanCore,Student,3,1,1,4,3,2019-08-15
7029,1790,UrbanCore,Single,2,3,3,4,2,2021-06-13
7030,1790,UrbanCore,Professional,3,1,3,3,2,2020-11-03
7031,1791,Nova Estates,Single,3,4,3,4,3,2019-03-03
7032,1791,Nova Estates,Professional,5,3,3,4,4,2022-10-24
7033,1791,Nova Estates,Couple,4,5,3,3,4,2023-09-22
7034,1791,Nova Estates,Professional,4,3,3,3,4,2025-08-23
7035,1791,Nova Estates,Single,4,5,4,3,4,2025-11-12
7036,1791,Nova Estates,Single,3,4,3,4,3,2022-09-26
7037,1792,Pioneer Homes,Professional,3,2,3,2,3,2019-10-26
7038,1792,Pioneer Homes,Retiree,5,4,3,5,5,2025-06-30
7039,1793,UrbanCore,Professional,4,3,3,3,3,2020-07-27
7040,1794,BlueRiver Dev,Family,5,2,5,4,5,2021-09-28
7041,1794,BlueRiver Dev,Couple,5,4,3,4,5,2020-08-10
7042,1794,BlueRiver Dev,Student,4,3,5,2,4,2025-02-18
7043,1794,BlueRiver Dev,Couple,5,2,4,4,5,2022-08-01
7044,1794,BlueRiver Dev,Retiree,5,3,3,4,5,2021-01-28
7045,1794,BlueRiver Dev,Professional,4,4,4,3,4,2024-04-06
7046,1795,Nova Estates,Family,5,4,4,5,5,2023-12-06
7047,1795,Nova Estates,Couple,3,3,4,3,2,2018-05-08
7048,1795,Nova Estates,Family,4,3,3,4,4,2018-03-14
7049,1797,BlueRiver Dev,Single,5,4,3,2,4,2021-06-29
7050,1797,BlueRiver Dev,Single,5,3,4,4,5,2020-04-18
7051,1797,BlueRiver Dev,Couple,4,4,3,3,5,2023-05-13
7052,1797,BlueRiver Dev,Single,4,3,4,1,3,2018-07-26
7053,1797,BlueRiver Dev,Student,4,4,2,4,4,2020-11-08
7054,1797,BlueRiver Dev,Couple,5,4,5,5,5,2023-10-09
7055,1797,BlueRiver Dev,Couple,4,3,4,3,3,2022-04-02
7056,1797,BlueRiver Dev,Family,4,3,3,3,5,2024-01-16
7057,1799,Nova Estates,Single,4,2,5,4,4,2021-03-28
7058,1799,Nova Estates,Professional,3,2,3,4,2,2025-11-26
7059,1799,Nova Estates,Single,3,4,3,3,3,2024-06-16
7060,1799,Nova Estates,Student,4,5,2,5,4,2018-10-28
7061,1799,Nova Estates,Retiree,4,4,4,3,3,2024-05-06
7062,1799,Nova Estates,Couple,4,2,4,4,4,2023-04-15
7063,1800,Nova Estates,Couple,4,4,4,5,4,2024-02-26
7064,1800,Nova Estates,Family,1,2,3,5,2,2024-04-08
7065,1800,Nova Estates,Couple,4,3,5,3,3,2019-04-09
7066,1802,Pioneer Homes,Single,4,2,2,3,3,2018-11-28
7067,1802,Pioneer Homes,Single,3,2,3,4,3,2018-03-03
7068,1802,Pioneer Homes,Single,3,3,4,3,2,2022-03-07
7069,1803,GreenBrick,Family,3,4,3,3,4,2023-02-15
7070,1803,GreenBrick,Family,2,4,4,3,2,2022-04-05
7071,1803,GreenBrick,Student,3,3,3,2,3,2022-12-12
7072,1803,GreenBrick,Professional,4,4,3,3,3,2022-09-28
7073,1803,GreenBrick,Family,4,3,4,3,5,2024-10-02
7074,1803,GreenBrick,Student,4,2,4,3,3,2018-05-04
7075,1803,GreenBrick,Professional,3,3,3,4,4,2025-06-04
7076,1804,Skyline Holdings,Couple,5,4,5,2,5,2024-02-08
7077,1804,Skyline Holdings,Single,5,3,2,4,5,2024-01-08
7078,1804,Skyline Holdings,Family,4,3,4,2,4,2022-02-13
7079,1804,Skyline Holdings,Family,5,2,3,4,4,2023-04-20
7080,1806,Oakfield Ltd,Retiree,3,5,4,5,3,2018-08-20
7081,1806,Oakfield Ltd,Couple,4,2,2,5,4,2020-06-26
7082,1806,Oakfield Ltd,Family,4,3,4,1,5,2019-01-07
7083,1808,Nova Estates,Professional,4,3,4,3,5,2021-09-23
7084,1808,Nova Estates,Family,4,2,4,4,5,2020-01-31
7085,1808,Nova Estates,Family,4,3,3,4,4,2022-01-06
7086,1808,Nova Estates,Professional,3,2,4,5,3,2025-10-18
7087,1808,Nova Estates,Professional,3,3,3,3,3,2018-09-14
7088,1808,Nova Estates,Family,2,3,5,4,3,2023-07-02
7089,1810,Nova Estates,Student,3,2,3,4,3,2024-09-12
7090,1810,Nova Estates,Professional,3,3,2,3,2,2021-10-01
7091,1810,Nova Estates,Couple,3,4,5,3,4,2020-07-21
7092,1810,Nova Estates,Retiree,5,2,3,4,5,2024-09-28
7093,1810,Nova Estates,Couple,3,2,4,3,2,2019-03-11
7094,1810,Nova Estates,Family,3,4,4,4,3,2019-01-13
7095,1811,BlueRiver Dev,Professional,2,3,4,5,2,2025-04-01
7096,1811,BlueRiver Dev,Couple,2,4,5,5,3,2024-06-05
7097,1811,BlueRiver Dev,Retiree,2,4,3,3,3,2022-06-25
7098,1811,BlueRiver Dev,Couple,4,3,3,5,4,2024-05-13
7099,1812,Pioneer Homes,Single,5,1,4,3,5,2024-01-19
7100,1812,Pioneer Homes,Family,4,2,3,4,4,2021-06-26
7101,1812,Pioneer Homes,Family,4,2,2,4,4,2021-10-04
7102,1812,Pioneer Homes,Family,5,2,4,3,5,2019-01-15
7103,1812,Pioneer Homes,Couple,5,2,3,3,5,2022-11-06
7104,1812,Pioneer Homes,Student,3,2,3,3,4,2018-05-01
7105,1812,Pioneer Homes,Professional,5,1,3,3,5,2022-08-06
7106,1813,Skyline Holdings,Family,3,3,4,3,3,2018-12-16
7107,1813,Skyline Holdings,Retiree,2,3,5,3,3,2021-07-26
7108,1813,Skyline Holdings,Single,3,3,4,3,4,2019-02-24
7109,1813,Skyline Holdings,Retiree,2,4,3,5,2,2019-12-19
7110,1813,Skyline Holdings,Retiree,3,4,1,4,3,2020-12-26
7111,1813,Skyline Holdings,Family,3,5,3,4,4,2020-02-13
7112,1813,Skyline Holdings,Professional,3,5,3,3,2,2018-08-19
7113,1814,Nova Estates,Couple,4,3,2,4,4,2020-07-26
7114,1814,Nova Estates,Single,5,3,4,5,5,2020-08-31
7115,1814,Nova Estates,Couple,5,4,3,4,5,2025-09-25
7116,1814,Nova Estates,Family,4,2,2,4,4,2022-12-02
7117,1815,Nova Estates,Family,3,2,2,5,2,2024-06-08
7118,1815,Nova Estates,Couple,2,3,5,4,2,2023-04-14
7119,1815,Nova Estates,Student,4,4,5,3,4,2025-03-02
7120,1816,Cedar & Co,Family,4,3,2,4,3,2020-11-04
7121,1816,Cedar & Co,Family,5,4,3,3,5,2018-04-21
7122,1816,Cedar & Co,Single,4,1,4,3,5,2021-10-01
7123,1816,Cedar & Co,Family,5,1,4,4,5,2024-11-10
7124,1816,Cedar & Co,Single,4,2,4,2,4,2023-10-03
7125,1816,Cedar & Co,Retiree,4,2,4,5,4,2023-08-29
7126,1816,Cedar & Co,Professional,3,1,4,5,3,2018-09-19
7127,1816,Cedar & Co,Couple,4,1,3,4,4,2024-12-01
7128,1817,Skyline Holdings,Single,4,4,4,3,4,2018-09-20
7129,1817,Skyline Holdings,Student,4,2,4,4,2,2018-04-27
7130,1817,Skyline Holdings,Family,5,4,4,4,5,2020-03-23
7131,1817,Skyline Holdings,Family,4,5,3,3,3,2021-12-22
7132,1817,Skyline Holdings,Couple,4,3,4,3,4,2023-11-03
7133,1817,Skyline Holdings,Student,4,4,4,2,4,2018-05-04
7134,1819,Horizon Builders,Professional,4,3,1,2,4,2022-05-14
7135,1819,Horizon Builders,Family,5,4,4,4,5,2018-01-10
7136,1819,Horizon Builders,Family,3,2,3,2,2,2018-08-09
7137,1820,GreenBrick,Family,4,2,4,3,4,2023-04-12
7138,1820,GreenBrick,Single,4,1,3,4,4,2022-05-20
7139,1820,GreenBrick,Couple,4,2,3,3,5,2024-01-05
7140,1820,GreenBrick,Single,3,1,2,3,4,2022-02-26
7141,1821,Skyline Holdings,Family,2,3,3,3,1,2020-12-26
7142,1821,Skyline Holdings,Single,2,2,2,3,1,2022-12-23
7143,1821,Skyline Holdings,Couple,4,4,4,3,4,2021-03-02
7144,1821,Skyline Holdings,Retiree,4,5,2,2,4,2018-01-18
7145,1821,Skyline Holdings,Student,2,4,3,5,3,2020-02-07
7146,1821,Skyline Holdings,Retiree,3,4,3,5,3,2024-10-06
7147,1821,Skyline Holdings,Family,3,4,3,3,3,2023-12-11
7148,1822,Nova Estates,Professional,4,3,3,3,5,2022-06-16
7149,1822,Nova Estates,Professional,5,3,3,4,4,2020-02-16
7150,1822,Nova Estates,Student,4,5,3,4,4,2022-06-03
7151,1822,Nova Estates,Couple,3,2,4,2,2,2025-08-20
7152,1822,Nova Estates,Couple,4,4,3,3,4,2018-01-08
7153,1822,Nova Estates,Professional,4,5,4,3,4,2019-10-23
7154,1822,Nova Estates,Couple,5,2,3,4,4,2020-12-21
7155,1823,Horizon Builders,Professional,4,4,2,5,4,2019-10-13
7156,1823,Horizon Builders,Professional,2,3,4,4,3,2022-11-19
7157,1823,Horizon Builders,Couple,3,3,3,2,3,2025-08-06
7158,1824,Oakfield Ltd,Family,4,2,3,3,4,2021-08-30
7159,1824,Oakfield Ltd,Retiree,3,3,4,4,4,2018-05-01
7160,1824,Oakfield Ltd,Family,4,2,3,2,4,2024-06-13
7161,1824,Oakfield Ltd,Single,4,3,4,3,4,2022-04-17
7162,1824,Oakfield Ltd,Couple,4,3,4,4,5,2019-01-15
7163,1825,Horizon Builders,Family,4,4,4,3,4,2024-01-27
7164,1825,Horizon Builders,Couple,5,4,4,2,5,2022-10-08
7165,1825,Horizon Builders,Student,4,4,4,2,4,2018-03-02
7166,1825,Horizon Builders,Family,4,4,4,4,4,2019-02-04
7167,1826,UrbanCore,Single,2,3,3,4,2,2022-01-14
7168,1826,UrbanCore,Family,2,5,5,4,3,2025-08-26
7169,1826,UrbanCore,Professional,4,5,3,4,5,2019-10-22
7170,1826,UrbanCore,Couple,2,4,3,2,2,2024-01-16
7171,1826,UrbanCore,Single,2,4,1,5,2,2023-12-11
7172,1826,UrbanCore,Single,4,4,3,3,3,2021-02-02
7173,1826,UrbanCore,Couple,3,3,4,2,3,2021-03-16
7174,1826,UrbanCore,Family,3,3,2,3,3,2020-06-06
7175,1828,Cedar & Co,Retiree,3,1,4,3,3,2020-10-14
7176,1828,Cedar & Co,Family,1,4,3,4,1,2021-07-07
7177,1828,Cedar & Co,Couple,3,4,3,3,3,2022-05-14
7178,1828,Cedar & Co,Professional,1,2,4,5,1,2022-07-30
7179,1828,Cedar & Co,Couple,3,3,4,4,2,2024-11-17
7180,1828,Cedar & Co,Professional,2,1,4,2,2,2025-05-01
7181,1829,Oakfield Ltd,Couple,3,2,3,5,3,2021-01-08
7182,1829,Oakfield Ltd,Couple,5,3,2,5,5,2019-12-28
7183,1830,Skyline Holdings,Family,4,1,2,3,4,2023-12-26
7184,1830,Skyline Holdings,Student,4,4,5,4,3,2025-08-04
7185,1830,Skyline Holdings,Family,3,2,3,3,3,2025-01-11
7186,1830,Skyline Holdings,Couple,5,2,4,4,4,2024-12-16
7187,1830,Skyline Holdings,Couple,3,1,3,3,2,2021-04-27
7188,1831,Cedar & Co,Family,3,4,3,2,3,2025-10-28
7189,1831,Cedar & Co,Single,3,4,3,4,2,2024-12-21
7190,1831,Cedar & Co,Couple,2,3,3,4,3,2020-01-30
7191,1831,Cedar & Co,Family,3,2,3,4,3,2019-10-17
7192,1831,Cedar & Co,Couple,2,3,3,4,2,2021-09-04
7193,1831,Cedar & Co,Family,4,3,4,2,4,2019-05-28
7194,1831,Cedar & Co,Family,1,4,3,4,1,2019-11-06
7195,1831,Cedar & Co,Student,3,3,1,4,3,2024-09-10
7196,1832,Horizon Builders,Retiree,3,3,4,5,2,2021-01-07
7197,1834,Pioneer Homes,Couple,2,1,5,3,3,2019-02-03
7198,1834,Pioneer Homes,Professional,2,2,2,2,1,2023-04-27
7199,1834,Pioneer Homes,Single,2,3,2,2,3,2020-08-29
7200,1834,Pioneer Homes,Professional,3,2,2,4,3,2023-07-02
7201,1834,Pioneer Homes,Single,2,3,3,3,1,2021-11-16
7202,1834,Pioneer Homes,Family,3,3,2,4,3,2019-03-14
7203,1835,Oakfield Ltd,Single,2,2,2,4,1,2022-05-10
7204,1835,Oakfield Ltd,Single,2,4,3,3,2,2019-07-29
7205,1839,EverHome,Couple,3,5,2,2,2,2024-10-24
7206,1839,EverHome,Retiree,5,4,4,3,5,2021-07-13
7207,1839,EverHome,Family,4,2,3,5,4,2020-02-14
7208,1840,Skyline Holdings,Couple,4,3,3,2,5,2018-02-07
7209,1840,Skyline Holdings,Couple,4,3,4,4,4,2021-01-17
7210,1840,Skyline Holdings,Professional,4,4,5,3,3,2025-08-22
7211,1840,Skyline Holdings,Retiree,5,5,3,5,5,2018-09-26
7212,1840,Skyline Holdings,Family,4,5,5,3,3,2021-03-13
7213,1840,Skyline Holdings,Student,5,3,4,3,5,2019-08-05
7214,1841,GreenBrick,Single,2,2,3,4,2,2018-08-03
7215,1841,GreenBrick,Professional,2,1,4,2,2,2021-12-16
7216,1841,GreenBrick,Family,2,1,3,3,1,2021-11-22
7217,1841,GreenBrick,Professional,1,2,2,2,1,2022-10-05
7218,1841,GreenBrick,Family,2,2,5,3,2,2019-01-28
7219,1842,Sunrise Group,Student,1,1,2,4,1,2020-06-05
7220,1842,Sunrise Group,Family,3,2,3,3,3,2020-08-03
7221,1842,Sunrise Group,Couple,1,2,4,4,1,2024-02-10
7222,1842,Sunrise Group,Professional,2,1,5,2,2,2025-11-28
7223,1842,Sunrise Group,Professional,3,1,5,3,3,2021-11-22
7224,1842,Sunrise Group,Couple,2,3,3,3,2,2022-12-23
7225,1843,Sunrise Group,Couple,3,3,2,3,3,2023-03-05
7226,1843,Sunrise Group,Family,2,3,5,3,2,2020-10-01
7227,1843,Sunrise Group,Couple,2,1,2,1,2,2023-04-13
7228,1843,Sunrise Group,Family,4,3,5,3,4,2020-07-05
7229,1843,Sunrise Group,Family,2,4,3,2,2,2022-09-04
7230,1844,Horizon Builders,Couple,3,3,3,2,3,2018-04-08
7231,1844,Horizon Builders,Single,4,5,3,3,4,2023-03-25
7232,1844,Horizon Builders,Retiree,4,2,4,5,4,2020-05-29
7233,1845,Luna Developments,Family,5,4,5,4,5,2020-12-20
7234,1845,Luna Developments,Single,3,3,5,4,3,2019-03-30
7235,1845,Luna Developments,Retiree,3,3,3,4,3,2018-02-15
7236,1846,Skyline Holdings,Couple,2,3,5,4,2,2019-03-02
7237,1846,Skyline Holdings,Family,3,4,2,4,2,2025-06-28
7238,1846,Skyline Holdings,Student,3,5,3,5,3,2024-12-31
7239,1846,Skyline Holdings,Family,3,3,4,3,3,2018-02-25
7240,1846,Skyline Holdings,Single,2,5,3,4,3,2019-03-24
7241,1846,Skyline Holdings,Single,2,3,2,5,2,2020-04-29
7242,1846,Skyline Holdings,Student,2,4,5,5,1,2024-08-15
7243,1847,Nova Estates,Couple,4,5,3,4,5,2023-06-11
7244,1847,Nova Estates,Single,4,3,4,2,3,2024-03-04
7245,1847,Nova Estates,Family,3,3,3,4,3,2025-07-21
7246,1847,Nova Estates,Retiree,4,3,3,4,4,2025-12-04
7247,1847,Nova Estates,Couple,4,2,3,4,4,2020-10-09
7248,1847,Nova Estates,Single,4,2,5,2,4,2018-12-02
7249,1847,Nova Estates,Couple,4,3,5,3,4,2021-05-11
7250,1847,Nova Estates,Couple,4,4,3,3,4,2019-06-04
7251,1849,Stonegate,Student,4,3,4,2,4,2022-10-09
7252,1850,Horizon Builders,Single,3,3,3,5,3,2019-12-03
7253,1850,Horizon Builders,Family,2,3,5,5,3,2023-09-30
7254,1850,Horizon Builders,Couple,3,5,1,4,4,2018-11-13
7255,1850,Horizon Builders,Student,3,1,3,2,3,2024-05-03
7256,1850,Horizon Builders,Family,4,2,4,4,5,2019-03-11
7257,1851,Skyline Holdings,Family,2,3,4,2,3,2024-06-14
7258,1851,Skyline Holdings,Couple,3,5,5,4,4,2022-12-18
7259,1851,Skyline Holdings,Family,3,2,4,4,3,2025-10-07
7260,1851,Skyline Holdings,Professional,2,3,3,3,2,2020-05-03
7261,1851,Skyline Holdings,Professional,4,3,3,2,4,2022-12-05
7262,1852,Oakfield Ltd,Family,4,2,3,3,4,2018-11-12
7263,1852,Oakfield Ltd,Family,4,1,3,3,4,2018-07-07
7264,1853,Stonegate,Couple,4,3,2,2,3,2023-05-22
7265,1853,Stonegate,Professional,2,2,5,3,2,2018-12-06
7266,1853,Stonegate,Family,4,3,4,3,4,2021-12-17
7267,1853,Stonegate,Family,2,3,3,3,1,2022-09-25
7268,1853,Stonegate,Professional,3,4,4,5,3,2021-11-25
7269,1854,MetroConstruct,Family,5,5,4,4,5,2024-12-12
7270,1854,MetroConstruct,Professional,2,2,5,4,2,2023-11-03
7271,1854,MetroConstruct,Single,4,2,3,4,4,2020-03-03
7272,1854,MetroConstruct,Family,2,4,4,4,3,2022-08-31
7273,1854,MetroConstruct,Student,3,4,4,4,4,2023-11-19
7274,1854,MetroConstruct,Family,3,3,1,5,3,2024-08-17
7275,1854,MetroConstruct,Family,3,4,4,3,3,2018-02-06
7276,1854,MetroConstruct,Professional,3,5,2,3,3,2023-11-15
7277,1855,EverHome,Family,3,3,4,3,3,2018-11-10
7278,1855,EverHome,Family,4,3,3,4,4,2018-05-31
7279,1855,EverHome,Couple,5,3,5,3,5,2022-08-11
7280,1855,EverHome,Family,3,3,4,4,4,2018-05-31
7281,1855,EverHome,Retiree,5,5,4,2,4,2021-07-08
7282,1855,EverHome,Family,3,3,3,3,2,2019-11-15
7283,1856,Skyline Holdings,Family,2,5,3,4,2,2021-06-30
7284,1856,Skyline Holdings,Professional,2,5,2,4,2,2024-04-19
7285,1857,Pioneer Homes,Professional,3,2,3,4,4,2025-06-23
7286,1857,Pioneer Homes,Professional,3,2,4,5,2,2022-11-16
7287,1858,Sunrise Group,Couple,1,4,3,2,1,2023-09-30
7288,1858,Sunrise Group,Student,4,3,4,3,4,2020-04-27
7289,1858,Sunrise Group,Couple,1,3,3,5,2,2020-05-13
7290,1858,Sunrise Group,Single,3,4,4,4,3,2023-05-20
7291,1858,Sunrise Group,Couple,3,3,2,2,3,2018-01-08
7292,1859,MetroConstruct,Single,4,3,3,3,3,2018-05-05
7293,1859,MetroConstruct,Family,4,2,4,3,4,2024-09-09
7294,1859,MetroConstruct,Student,4,2,2,1,4,2019-06-28
7295,1860,Pioneer Homes,Couple,4,4,5,4,3,2018-01-15
7296,1860,Pioneer Homes,Family,4,5,3,3,4,2022-06-04
7297,1860,Pioneer Homes,Couple,5,3,2,5,5,2023-04-19
7298,1861,Oakfield Ltd,Single,4,2,4,4,5,2018-02-04
7299,1861,Oakfield Ltd,Single,3,2,4,4,2,2025-07-15
7300,1861,Oakfield Ltd,Single,3,4,5,2,3,2019-07-28
7301,1861,Oakfield Ltd,Family,3,1,2,3,2,2018-10-22
7302,1861,Oakfield Ltd,Single,4,3,3,4,5,2025-05-03
7303,1862,Horizon Builders,Family,5,3,5,2,5,2023-07-19
7304,1862,Horizon Builders,Family,5,2,4,3,5,2023-07-30
7305,1862,Horizon Builders,Retiree,4,2,3,4,4,2020-11-17
7306,1862,Horizon Builders,Family,5,1,2,2,5,2019-01-03
7307,1862,Horizon Builders,Retiree,5,2,4,4,5,2025-05-26
7308,1862,Horizon Builders,Couple,5,1,4,3,4,2021-05-15
7309,1862,Horizon Builders,Family,4,1,5,4,4,2019-07-11
7310,1862,Horizon Builders,Single,4,3,4,4,4,2023-01-06
7311,1863,Nova Estates,Professional,4,3,4,3,4,2024-07-20
7312,1863,Nova Estates,Professional,5,3,4,5,5,2025-09-10
7313,1864,UrbanCore,Couple,3,2,4,4,2,2025-05-03
7314,1864,UrbanCore,Family,4,4,5,3,5,2023-09-11
7315,1864,UrbanCore,Retiree,5,1,3,5,4,2024-11-02
7316,1865,Atlas Properties,Single,3,3,4,4,3,2019-02-03
7317,1865,Atlas Properties,Family,3,3,5,4,4,2023-09-25
7318,1865,Atlas Properties,Professional,3,3,4,1,3,2023-06-26
7319,1865,Atlas Properties,Couple,2,1,5,3,1,2024-01-08
7320,1865,Atlas Properties,Professional,3,3,4,3,3,2021-01-15
7321,1866,Luna Developments,Retiree,4,2,3,4,4,2025-07-21
7322,1866,Luna Developments,Family,4,1,4,4,5,2024-11-29
7323,1866,Luna Developments,Couple,3,2,3,5,2,2018-01-18
7324,1866,Luna Developments,Single,3,2,3,2,3,2018-09-12
7325,1866,Luna Developments,Professional,3,3,5,4,3,2019-12-30
7326,1867,Nova Estates,Single,4,3,5,4,4,2018-02-04
7327,1867,Nova Estates,Family,4,4,4,3,4,2020-02-19
7328,1867,Nova Estates,Couple,4,3,3,4,4,2020-02-02
7329,1867,Nova Estates,Couple,3,4,3,4,4,2019-07-30
7330,1867,Nova Estates,Retiree,5,4,4,2,4,2018-06-19
7331,1867,Nova Estates,Family,3,2,4,3,3,2024-01-23
7332,1867,Nova Estates,Single,4,3,4,4,4,2024-11-24
7333,1868,Nova Estates,Couple,4,2,3,4,4,2018-02-04
7334,1868,Nova Estates,Couple,5,2,3,3,5,2022-12-21
7335,1868,Nova Estates,Professional,3,3,3,5,3,2019-04-07
7336,1868,Nova Estates,Professional,3,4,4,3,3,2021-11-08
7337,1868,Nova Estates,Student,4,2,4,3,4,2020-06-21
7338,1868,Nova Estates,Student,4,3,2,3,5,2022-05-11
7339,1868,Nova Estates,Couple,5,2,3,5,5,2018-09-27
7340,1868,Nova Estates,Family,4,3,4,4,4,2021-08-16
7341,1869,Nova Estates,Professional,4,3,4,3,4,2025-01-22
7342,1869,Nova Estates,Professional,3,5,4,2,2,2021-06-30
7343,1869,Nova Estates,Family,3,1,3,3,3,2020-06-23
7344,1871,Oakfield Ltd,Retiree,4,3,4,4,4,2023-05-11
7345,1872,Skyline Holdings,Family,4,4,3,3,4,2025-03-26
7346,1872,Skyline Holdings,Professional,4,5,4,2,4,2018-04-20
7347,1872,Skyline Holdings,Couple,5,2,3,2,5,2018-07-20
7348,1872,Skyline Holdings,Professional,3,5,5,3,2,2025-10-25
7349,1872,Skyline Holdings,Single,5,4,3,3,5,2023-08-22
7350,1872,Skyline Holdings,Student,4,3,2,4,4,2024-11-23
7351,1872,Skyline Holdings,Professional,4,5,5,2,4,2021-10-26
7352,1872,Skyline Holdings,Student,3,3,3,4,3,2023-12-26
7353,1873,Sunrise Group,Family,3,3,2,3,3,2018-01-12
7354,1873,Sunrise Group,Couple,3,4,5,4,3,2025-11-01
7355,1873,Sunrise Group,Single,2,3,4,3,1,2019-09-05
7356,1873,Sunrise Group,Single,3,3,4,4,3,2024-09-18
7357,1873,Sunrise Group,Student,4,4,3,4,4,2019-07-03
7358,1874,MetroConstruct,Single,3,3,4,5,3,2023-10-14
7359,1874,MetroConstruct,Couple,3,3,3,4,3,2020-05-30
7360,1874,MetroConstruct,Couple,4,2,4,3,5,2020-08-25
7361,1874,MetroConstruct,Single,1,2,3,2,1,2018-02-23
7362,1875,Pioneer Homes,Couple,4,3,4,3,4,2020-08-09
7363,1875,Pioneer Homes,Family,3,1,3,4,2,2024-02-29
7364,1875,Pioneer Homes,Family,4,1,4,3,4,2023-08-20
7365,1875,Pioneer Homes,Professional,3,3,4,4,3,2020-06-01
7366,1875,Pioneer Homes,Single,4,1,3,4,4,2018-12-22
7367,1875,Pioneer Homes,Single,4,1,3,3,4,2023-04-29
7368,1875,Pioneer Homes,Professional,2,1,4,3,2,2025-03-29
7369,1876,UrbanCore,Family,5,3,3,4,5,2024-11-11
7370,1876,UrbanCore,Family,4,4,4,3,4,2022-06-10
7371,1877,Horizon Builders,Couple,3,4,3,3,3,2019-05-23
7372,1877,Horizon Builders,Family,3,2,4,3,3,2025-10-24
7373,1878,Sunrise Group,Family,3,1,3,3,3,2022-10-21
7374,1878,Sunrise Group,Family,3,2,3,4,2,2024-04-10
7375,1878,Sunrise Group,Retiree,4,2,3,2,4,2019-08-20
7376,1880,UrbanCore,Student,4,1,3,3,3,2025-01-01
7377,1880,UrbanCore,Retiree,3,2,3,4,4,2021-12-25
7378,1880,UrbanCore,Single,1,3,5,2,1,2024-12-06
7379,1880,UrbanCore,Student,2,2,4,4,2,2021-05-28
7380,1880,UrbanCore,Couple,2,3,3,5,1,2018-01-10
7381,1880,UrbanCore,Family,2,3,3,3,1,2025-11-11
7382,1880,UrbanCore,Retiree,2,3,4,4,2,2019-09-16
7383,1881,BlueRiver Dev,Professional,5,3,4,3,5,2023-09-19
7384,1881,BlueRiver Dev,Single,3,3,5,2,3,2022-01-04
7385,1881,BlueRiver Dev,Family,3,3,3,3,2,2019-12-18
7386,1881,BlueRiver Dev,Single,3,3,4,3,4,2021-01-06
7387,1881,BlueRiver Dev,Family,4,3,3,5,4,2019-11-15
7388,1881,BlueRiver Dev,Couple,2,3,3,4,2,2025-05-27
7389,1882,Stonegate,Family,5,2,2,3,5,2024-12-19
7390,1882,Stonegate,Family,4,4,2,4,3,2022-09-17
7391,1882,Stonegate,Student,5,4,4,5,5,2019-07-09
7392,1883,Horizon Builders,Couple,4,5,3,4,5,2025-01-30
7393,1883,Horizon Builders,Professional,2,4,5,4,3,2021-11-04
7394,1883,Horizon Builders,Professional,3,3,4,3,4,2020-10-31
7395,1883,Horizon Builders,Professional,3,4,4,5,3,2024-12-10
7396,1883,Horizon Builders,Family,4,3,4,2,4,2023-05-18
7397,1883,Horizon Builders,Student,3,2,4,4,2,2023-01-02
7398,1884,Pioneer Homes,Couple,2,3,2,5,2,2020-12-15
7399,1884,Pioneer Homes,Student,1,5,4,2,1,2021-07-09
7400,1884,Pioneer Homes,Single,3,5,5,2,3,2022-07-10
7401,1884,Pioneer Homes,Couple,3,4,5,3,3,2018-03-06
7402,1884,Pioneer Homes,Professional,3,5,4,5,3,2018-02-22
7403,1884,Pioneer Homes,Single,2,5,5,2,1,2018-06-06
7404,1884,Pioneer Homes,Family,2,2,3,2,2,2025-09-19
7405,1885,Nova Estates,Professional,4,5,4,5,5,2019-12-04
7406,1885,Nova Estates,Professional,4,3,2,5,3,2020-03-30
7407,1886,Sunrise Group,Single,3,4,3,4,3,2020-12-04
7408,1886,Sunrise Group,Couple,2,4,4,3,3,2018-09-02
7409,1887,Nova Estates,Couple,3,4,5,4,3,2021-04-14
7410,1887,Nova Estates,Single,3,2,2,3,3,2019-01-15
7411,1887,Nova Estates,Professional,3,4,3,4,3,2024-06-21
7412,1888,Skyline Holdings,Retiree,5,4,3,4,5,2022-01-26
7413,1888,Skyline Holdings,Single,3,1,4,3,2,2023-05-15
7414,1888,Skyline Holdings,Family,4,5,2,2,3,2021-02-26
7415,1888,Skyline Holdings,Student,4,3,4,4,4,2024-07-09
7416,1888,Skyline Holdings,Retiree,5,2,4,5,5,2024-07-14
7417,1890,Atlas Properties,Student,3,3,3,4,4,2019-03-02
7418,1890,Atlas Properties,Single,3,3,2,5,2,2023-07-20
7419,1890,Atlas Properties,Single,3,3,4,5,4,2025-02-03
7420,1890,Atlas Properties,Retiree,3,4,4,4,3,2018-12-13
7421,1890,Atlas Properties,Family,2,2,3,2,2,2022-05-04
7422,1891,Nova Estates,Family,5,1,3,3,5,2021-07-05
7423,1891,Nova Estates,Family,5,1,3,2,5,2022-02-25
7424,1891,Nova Estates,Couple,5,4,4,5,5,2019-04-30
7425,1891,Nova Estates,Couple,4,5,4,4,3,2020-04-23
7426,1892,GreenBrick,Single,3,5,3,5,3,2018-09-10
7427,1892,GreenBrick,Student,3,4,4,3,4,2019-07-25
7428,1892,GreenBrick,Family,5,3,4,3,4,2021-12-14
7429,1892,GreenBrick,Retiree,4,2,4,4,4,2024-11-26
7430,1893,Oakfield Ltd,Professional,4,2,4,2,4,2019-04-11
7431,1894,Skyline Holdings,Retiree,3,3,4,4,3,2019-09-13
7432,1894,Skyline Holdings,Couple,3,3,3,4,2,2022-12-05
7433,1894,Skyline Holdings,Family,3,4,3,3,3,2021-05-17
7434,1894,Skyline Holdings,Family,3,4,4,4,3,2018-03-17
7435,1894,Skyline Holdings,Family,3,3,3,4,2,2023-10-19
7436,1894,Skyline Holdings,Family,1,4,2,4,2,2023-06-16
7437,1895,UrbanCore,Couple,2,4,3,3,2,2023-01-30
7438,1895,UrbanCore,Family,4,3,3,3,5,2025-09-03
7439,1896,Pioneer Homes,Couple,3,2,5,4,3,2025-10-17
7440,1896,Pioneer Homes,Couple,5,2,5,3,5,2021-11-19
7441,1896,Pioneer Homes,Professional,3,1,3,4,2,2018-02-15
7442,1896,Pioneer Homes,Professional,3,2,5,4,4,2023-03-26
7443,1896,Pioneer Homes,Family,3,1,2,1,3,2021-09-30
7444,1896,Pioneer Homes,Couple,2,1,3,3,1,2025-11-10
7445,1897,Horizon Builders,Professional,5,2,3,5,5,2019-03-07
7446,1897,Horizon Builders,Student,4,4,2,3,3,2019-06-30
7447,1897,Horizon Builders,Family,5,2,4,5,5,2024-10-13
7448,1897,Horizon Builders,Single,5,4,5,3,5,2023-07-31
7449,1897,Horizon Builders,Couple,4,2,2,2,4,2025-02-27
7450,1898,Nova Estates,Couple,5,5,2,2,5,2022-01-14
7451,1898,Nova Estates,Retiree,5,4,4,3,5,2025-09-17
7452,1898,Nova Estates,Family,2,3,5,4,3,2019-12-01
7453,1898,Nova Estates,Professional,5,3,3,3,5,2022-06-09
7454,1898,Nova Estates,Family,5,4,3,4,5,2023-10-22
7455,1898,Nova Estates,Couple,4,4,5,3,4,2022-01-10
7456,1898,Nova Estates,Professional,4,3,5,4,4,2022-09-26
7457,1899,GreenBrick,Retiree,4,3,2,4,4,2022-06-03
7458,1899,GreenBrick,Professional,5,4,4,3,5,2018-04-03
7459,1899,GreenBrick,Professional,2,2,1,3,2,2020-12-18
7460,1899,GreenBrick,Single,4,2,5,3,4,2018-08-02
7461,1899,GreenBrick,Professional,5,3,3,2,5,2021-05-18
7462,1899,GreenBrick,Couple,3,2,4,4,3,2025-06-08
7463,1899,GreenBrick,Student,4,3,3,4,3,2025-09-10
7464,1900,Oakfield Ltd,Retiree,1,3,2,3,2,2020-04-10
7465,1900,Oakfield Ltd,Professional,2,3,3,2,3,2024-11-06
7466,1900,Oakfield Ltd,Family,4,4,3,4,4,2025-01-14
7467,1900,Oakfield Ltd,Single,1,4,3,5,1,2018-02-09
7468,1900,Oakfield Ltd,Professional,2,2,5,4,1,2023-10-18
7469,1900,Oakfield Ltd,Couple,1,2,4,3,2,2018-05-25
7470,1900,Oakfield Ltd,Retiree,3,3,4,1,3,2020-03-27
7471,1901,UrbanCore,Professional,5,3,4,5,4,2019-09-11
7472,1901,UrbanCore,Couple,4,2,2,3,5,2018-09-11
7473,1901,UrbanCore,Professional,3,4,4,3,3,2024-06-15
7474,1901,UrbanCore,Couple,4,2,4,4,5,2022-07-26
7475,1903,Pioneer Homes,Couple,4,3,4,5,5,2020-06-05
7476,1903,Pioneer Homes,Professional,4,5,5,3,4,2023-05-13
7477,1903,Pioneer Homes,Family,5,3,3,3,5,2024-02-03
7478,1903,Pioneer Homes,Retiree,5,2,5,4,5,2021-07-03
7479,1903,Pioneer Homes,Single,4,2,5,5,5,2018-12-22
7480,1903,Pioneer Homes,Family,4,4,2,3,5,2024-04-12
7481,1903,Pioneer Homes,Family,5,3,5,1,5,2021-01-24
7482,1903,Pioneer Homes,Family,4,3,4,4,3,2024-02-04
7483,1904,Nova Estates,Couple,4,5,3,5,5,2020-07-31
7484,1904,Nova Estates,Single,4,5,4,4,4,2021-08-23
7485,1904,Nova Estates,Retiree,3,4,1,3,4,2020-04-08
7486,1904,Nova Estates,Professional,4,4,3,1,4,2024-01-13
7487,1904,Nova Estates,Retiree,2,5,3,5,2,2024-10-16
7488,1904,Nova Estates,Family,5,1,4,3,5,2020-10-11
7489,1904,Nova Estates,Couple,5,2,5,2,5,2022-07-23
7490,1905,Pioneer Homes,Couple,3,2,4,4,4,2021-07-09
7491,1905,Pioneer Homes,Couple,3,1,4,3,4,2021-09-29
7492,1905,Pioneer Homes,Family,3,1,4,3,3,2019-10-14
7493,1905,Pioneer Homes,Couple,4,1,5,4,5,2019-11-03
7494,1905,Pioneer Homes,Professional,3,1,2,3,3,2022-02-06
7495,1905,Pioneer Homes,Single,3,2,3,4,2,2024-05-14
7496,1905,Pioneer Homes,Professional,2,2,4,5,2,2024-08-18
7497,1906,Skyline Holdings,Professional,4,5,4,4,5,2025-10-12
7498,1906,Skyline Holdings,Retiree,4,2,3,4,4,2024-07-25
7499,1906,Skyline Holdings,Family,4,2,5,4,4,2021-08-15
7500,1907,Luna Developments,Couple,3,1,2,5,3,2020-03-11
7501,1907,Luna Developments,Couple,3,2,4,3,3,2020-01-27
7502,1908,GreenBrick,Couple,2,4,3,4,2,2024-12-14
7503,1909,GreenBrick,Family,5,4,1,2,5,2022-05-13
7504,1909,GreenBrick,Family,4,4,4,4,4,2020-12-23
7505,1909,GreenBrick,Professional,4,3,3,3,4,2021-01-01
7506,1909,GreenBrick,Family,4,3,4,4,4,2021-10-19
7507,1909,GreenBrick,Professional,4,4,5,4,4,2025-10-08
7508,1909,GreenBrick,Retiree,5,5,3,2,5,2021-08-14
7509,1909,GreenBrick,Couple,5,1,5,5,5,2019-01-08
7510,1909,GreenBrick,Professional,5,3,3,3,5,2023-03-10
7511,1910,Nova Estates,Couple,2,3,5,3,2,2022-02-22
7512,1911,Skyline Holdings,Single,4,2,1,5,4,2018-02-12
7513,1912,Stonegate,Single,2,5,3,3,2,2019-07-11
7514,1912,Stonegate,Family,1,3,2,3,2,2025-04-30
7515,1912,Stonegate,Couple,2,3,3,2,2,2023-04-20
7516,1912,Stonegate,Retiree,3,3,5,4,3,2019-02-23
7517,1912,Stonegate,Professional,2,4,3,4,3,2024-09-24
7518,1912,Stonegate,Family,4,3,3,3,3,2022-12-22
7519,1912,Stonegate,Retiree,3,2,2,5,2,2020-03-04
7520,1913,Atlas Properties,Professional,4,2,3,4,4,2025-04-28
7521,1913,Atlas Properties,Retiree,5,3,2,3,5,2022-07-08
7522,1913,Atlas Properties,Professional,3,3,4,4,4,2023-04-13
7523,1913,Atlas Properties,Family,3,4,4,2,4,2021-02-05
7524,1914,GreenBrick,Single,3,2,3,4,2,2023-08-01
7525,1914,GreenBrick,Professional,1,3,4,3,1,2023-03-01
7526,1914,GreenBrick,Single,3,3,2,4,3,2019-08-23
7527,1914,GreenBrick,Family,3,4,2,4,3,2022-05-19
7528,1914,GreenBrick,Couple,3,3,3,5,3,2021-09-17
7529,1914,GreenBrick,Couple,1,4,5,3,2,2020-12-25
7530,1915,Sunrise Group,Couple,4,4,4,3,4,2018-08-11
7531,1915,Sunrise Group,Single,5,3,3,2,4,2025-07-07
7532,1915,Sunrise Group,Family,3,2,4,4,3,2023-09-10
7533,1915,Sunrise Group,Family,4,4,5,3,5,2019-10-10
7534,1915,Sunrise Group,Couple,5,2,2,2,5,2022-02-19
7535,1915,Sunrise Group,Couple,4,3,2,2,4,2024-06-13
7536,1915,Sunrise Group,Family,4,2,2,4,4,2022-03-02
7537,1916,Pioneer Homes,Couple,4,1,4,3,4,2022-11-03
7538,1917,Stonegate,Single,3,2,3,4,3,2019-08-20
7539,1917,Stonegate,Student,1,1,5,3,1,2020-11-23
7540,1917,Stonegate,Student,2,2,2,4,2,2025-04-27
7541,1917,Stonegate,Student,2,4,4,4,2,2023-12-16
7542,1917,Stonegate,Retiree,2,4,3,4,3,2024-01-21
7543,1917,Stonegate,Family,1,1,3,2,1,2024-07-01
7544,1918,Horizon Builders,Single,4,2,5,4,4,2021-12-05
7545,1918,Horizon Builders,Couple,5,3,3,5,5,2021-08-14
7546,1918,Horizon Builders,Professional,4,3,4,2,4,2018-06-07
7547,1918,Horizon Builders,Family,3,4,3,4,3,2019-04-14
7548,1918,Horizon Builders,Professional,5,4,2,3,5,2024-04-22
7549,1918,Horizon Builders,Family,4,2,3,3,4,2023-10-14
7550,1918,Horizon Builders,Professional,4,3,3,3,4,2020-06-02
7551,1919,GreenBrick,Family,4,4,4,3,3,2024-03-19
7552,1919,GreenBrick,Family,4,4,2,3,5,2019-11-18
7553,1919,GreenBrick,Family,4,2,4,4,4,2025-07-22
7554,1919,GreenBrick,Student,3,2,3,4,3,2022-06-15
7555,1920,GreenBrick,Professional,4,3,4,3,5,2019-01-07
7556,1920,GreenBrick,Couple,4,4,2,1,4,2025-02-05
7557,1920,GreenBrick,Student,5,1,5,4,4,2018-10-08
7558,1920,GreenBrick,Single,5,4,4,3,5,2018-08-13
7559,1920,GreenBrick,Single,5,3,3,1,5,2024-07-30
7560,1920,GreenBrick,Family,4,2,4,1,4,2023-06-07
7561,1920,GreenBrick,Retiree,5,3,5,5,4,2018-12-23
7562,1921,BlueRiver Dev,Family,4,2,2,3,4,2021-11-17
7563,1921,BlueRiver Dev,Couple,5,3,5,5,5,2019-02-23
7564,1921,BlueRiver Dev,Retiree,4,2,2,3,4,2022-07-02
7565,1921,BlueRiver Dev,Retiree,3,4,3,3,3,2022-04-23
7566,1923,Horizon Builders,Retiree,3,4,4,4,3,2025-07-25
7567,1923,Horizon Builders,Student,4,3,2,4,3,2019-02-05
7568,1923,Horizon Builders,Professional,3,4,3,5,3,2019-12-28
7569,1923,Horizon Builders,Retiree,3,4,4,3,3,2024-09-17
7570,1923,Horizon Builders,Student,4,4,5,4,3,2021-02-11
7571,1923,Horizon Builders,Family,3,3,4,4,4,2025-02-27
7572,1923,Horizon Builders,Family,3,3,4,3,4,2018-12-20
7573,1923,Horizon Builders,Family,4,5,3,5,4,2025-04-30
7574,1924,GreenBrick,Retiree,2,3,4,4,2,2025-09-10
7575,1925,Oakfield Ltd,Retiree,3,2,3,3,3,2022-11-01
7576,1925,Oakfield Ltd,Single,3,2,5,2,2,2019-08-24
7577,1925,Oakfield Ltd,Couple,3,3,3,4,4,2020-08-12
7578,1925,Oakfield Ltd,Couple,2,2,2,3,2,2018-05-26
7579,1925,Oakfield Ltd,Couple,3,1,3,4,3,2023-06-04
7580,1925,Oakfield Ltd,Professional,3,3,2,5,3,2019-07-29
7581,1926,Nova Estates,Student,4,2,4,3,4,2025-07-10
7582,1926,Nova Estates,Single,2,2,4,4,2,2024-07-01
7583,1926,Nova Estates,Retiree,2,1,4,4,2,2020-08-08
7584,1926,Nova Estates,Student,3,3,3,2,4,2024-08-10
7585,1926,Nova Estates,Student,3,2,5,1,3,2021-12-16
7586,1926,Nova Estates,Single,1,1,3,3,1,2023-07-19
7587,1926,Nova Estates,Professional,2,3,3,5,2,2024-04-27
7588,1926,Nova Estates,Retiree,2,4,4,3,2,2020-08-21
7589,1927,UrbanCore,Student,2,5,5,4,1,2023-11-19
7590,1927,UrbanCore,Couple,3,3,5,4,2,2022-09-09
7591,1927,UrbanCore,Single,2,5,4,2,2,2020-10-24
7592,1927,UrbanCore,Family,2,4,3,4,1,2025-01-21
7593,1927,UrbanCore,Professional,2,4,5,4,3,2021-06-17
7594,1927,UrbanCore,Couple,4,3,5,4,5,2022-05-01
7595,1927,UrbanCore,Family,2,3,4,4,1,2021-11-27
7596,1928,Sunrise Group,Couple,3,2,4,2,4,2019-05-07
7597,1928,Sunrise Group,Professional,2,3,5,2,1,2019-10-05
7598,1929,Horizon Builders,Family,4,4,3,4,4,2025-05-14
7599,1929,Horizon Builders,Retiree,4,3,3,5,4,2018-04-05
7600,1929,Horizon Builders,Family,3,2,5,5,3,2022-05-12
7601,1930,Nova Estates,Couple,3,4,5,3,2,2022-06-26
7602,1930,Nova Estates,Professional,2,3,4,5,2,2019-07-27
7603,1930,Nova Estates,Couple,1,4,3,4,1,2020-04-21
7604,1930,Nova Estates,Couple,3,2,3,2,3,2023-04-30
7605,1930,Nova Estates,Couple,3,5,4,4,2,2022-05-21
7606,1930,Nova Estates,Couple,2,4,2,4,2,2019-05-22
7607,1930,Nova Estates,Family,2,5,5,4,2,2018-10-11
7608,1930,Nova Estates,Retiree,1,2,3,5,1,2019-09-20
7609,1931,UrbanCore,Family,5,4,5,4,4,2025-02-09
7610,1931,UrbanCore,Professional,5,4,4,3,5,2020-03-01
7611,1931,UrbanCore,Professional,5,3,4,3,5,2019-04-17
7612,1931,UrbanCore,Couple,5,1,5,4,4,2021-01-31
7613,1931,UrbanCore,Single,4,4,5,2,5,2019-06-01
7614,1931,UrbanCore,Couple,5,3,4,4,5,2022-03-25
7615,1931,UrbanCore,Single,4,3,4,3,5,2021-12-01
7616,1932,UrbanCore,Professional,4,5,3,3,4,2023-08-16
7617,1932,UrbanCore,Family,4,5,4,3,4,2023-01-06
7618,1932,UrbanCore,Student,5,4,3,5,5,2023-11-20
7619,1932,UrbanCore,Professional,4,4,2,4,3,2022-09-30
7620,1932,UrbanCore,Family,3,4,4,4,3,2024-01-19
7621,1932,UrbanCore,Family,4,3,5,4,5,2019-07-26
7622,1932,UrbanCore,Couple,4,4,4,3,4,2025-04-12
7623,1932,UrbanCore,Professional,2,4,3,3,2,2025-12-05
7624,1933,UrbanCore,Family,4,4,5,5,5,2020-05-19
7625,1933,UrbanCore,Professional,4,4,3,5,4,2021-12-30
7626,1933,UrbanCore,Family,3,2,3,5,3,2025-08-14
7627,1933,UrbanCore,Couple,3,2,3,3,3,2019-08-03
7628,1934,Horizon Builders,Professional,2,2,3,4,2,2025-03-30
7629,1934,Horizon Builders,Single,2,3,2,4,2,2023-02-11
7630,1934,Horizon Builders,Retiree,1,4,3,2,1,2022-08-25
7631,1935,BlueRiver Dev,Professional,4,3,5,4,4,2021-08-09
7632,1935,BlueRiver Dev,Student,5,3,4,2,3,2021-09-29
7633,1936,Oakfield Ltd,Single,5,3,5,3,5,2023-04-30
7634,1936,Oakfield Ltd,Family,4,2,4,3,4,2023-07-18
7635,1938,MetroConstruct,Professional,3,1,3,4,3,2019-07-25
7636,1939,Sunrise Group,Couple,2,4,3,2,2,2019-03-03
7637,1939,Sunrise Group,Single,3,5,5,5,3,2023-05-16
7638,1940,Nova Estates,Professional,5,2,4,4,5,2019-04-03
7639,1940,Nova Estates,Couple,4,1,3,3,3,2019-11-26
7640,1940,Nova Estates,Professional,4,3,3,4,4,2021-10-12
7641,1940,Nova Estates,Single,4,2,3,3,4,2020-08-21
7642,1941,Nova Estates,Student,5,4,4,4,5,2019-06-25
7643,1941,Nova Estates,Couple,5,3,3,4,5,2018-02-19
7644,1941,Nova Estates,Single,5,3,4,2,5,2020-01-05
7645,1941,Nova Estates,Family,5,2,4,4,5,2024-05-04
7646,1941,Nova Estates,Couple,5,1,3,5,5,2019-06-21
7647,1941,Nova Estates,Single,5,4,3,4,4,2025-06-04
7648,1942,GreenBrick,Family,3,4,4,3,3,2025-02-13
7649,1942,GreenBrick,Couple,3,5,5,2,2,2023-05-05
7650,1943,Oakfield Ltd,Family,2,3,4,5,1,2018-04-11
7651,1943,Oakfield Ltd,Single,2,2,5,4,2,2021-01-05
7652,1943,Oakfield Ltd,Student,3,3,3,3,2,2019-05-11
7653,1943,Oakfield Ltd,Professional,2,3,3,4,1,2025-12-12
7654,1943,Oakfield Ltd,Professional,2,2,2,3,2,2025-09-02
7655,1943,Oakfield Ltd,Single,3,2,2,4,3,2018-12-24
7656,1943,Oakfield Ltd,Family,2,3,4,3,2,2019-12-17
7657,1944,BlueRiver Dev,Family,4,2,2,3,4,2020-12-30
7658,1944,BlueRiver Dev,Couple,4,1,2,3,5,2018-11-17
7659,1945,Oakfield Ltd,Single,4,1,5,4,3,2021-11-13
7660,1945,Oakfield Ltd,Family,5,3,5,2,5,2022-02-28
7661,1945,Oakfield Ltd,Family,5,1,5,3,5,2019-06-05
7662,1945,Oakfield Ltd,Retiree,4,2,2,5,3,2019-08-02
7663,1945,Oakfield Ltd,Single,5,1,4,4,5,2022-07-22
7664,1945,Oakfield Ltd,Couple,3,2,3,2,2,2021-02-02
7665,1945,Oakfield Ltd,Single,4,2,3,3,5,2025-04-26
7666,1946,UrbanCore,Single,5,3,3,2,5,2021-08-08
7667,1946,UrbanCore,Retiree,4,2,3,4,4,2025-10-04
7668,1946,UrbanCore,Professional,3,3,3,2,2,2023-06-18
7669,1946,UrbanCore,Single,4,4,5,5,4,2023-06-09
7670,1946,UrbanCore,Single,4,3,3,4,5,2020-09-20
7671,1946,UrbanCore,Retiree,4,3,4,4,4,2025-04-14
7672,1946,UrbanCore,Professional,4,3,4,4,3,2025-04-01
7673,1947,Sunrise Group,Professional,3,5,4,3,3,2018-07-09
7674,1947,Sunrise Group,Couple,4,3,4,4,4,2019-01-22
7675,1947,Sunrise Group,Student,4,1,4,2,4,2025-10-06
7676,1948,Nova Estates,Retiree,3,4,4,4,3,2023-07-29
7677,1948,Nova Estates,Family,2,2,4,4,1,2025-04-07
7678,1948,Nova Estates,Family,4,4,3,4,4,2024-09-13
7679,1949,GreenBrick,Couple,3,4,2,3,3,2018-03-10
7680,1950,Sunrise Group,Professional,4,4,4,3,4,2024-01-27
7681,1950,Sunrise Group,Family,4,5,4,4,5,2025-06-28
7682,1951,Nova Estates,Single,3,4,3,4,3,2023-09-14
7683,1951,Nova Estates,Couple,2,3,5,5,2,2019-09-04
7684,1951,Nova Estates,Couple,3,3,2,3,4,2022-02-05
7685,1951,Nova Estates,Couple,2,4,5,3,3,2020-06-08
7686,1951,Nova Estates,Professional,2,3,2,4,3,2023-09-29
7687,1951,Nova Estates,Couple,1,5,3,3,1,2022-03-21
7688,1951,Nova Estates,Family,2,2,4,5,4,2021-08-03
7689,1952,Skyline Holdings,Professional,3,2,2,5,4,2024-09-11
7690,1952,Skyline Holdings,Student,2,1,4,3,2,2019-11-03
7691,1952,Skyline Holdings,Single,2,3,3,3,3,2025-05-07
7692,1952,Skyline Holdings,Retiree,3,3,3,4,2,2017-12-20
7693,1952,Skyline Holdings,Single,2,2,1,4,2,2023-03-05
7694,1952,Skyline Holdings,Couple,3,5,3,2,3,2020-06-10
7695,1952,Skyline Holdings,Professional,3,2,3,5,3,2020-02-08
7696,1953,Horizon Builders,Single,3,3,5,4,4,2021-09-14
7697,1953,Horizon Builders,Family,3,3,2,4,4,2019-08-02
7698,1953,Horizon Builders,Couple,3,3,4,5,3,2024-12-10
7699,1953,Horizon Builders,Couple,4,3,3,4,5,2020-12-09
7700,1954,Pioneer Homes,Professional,3,2,4,3,3,2022-03-11
7701,1954,Pioneer Homes,Family,3,2,4,3,4,2025-11-24
7702,1954,Pioneer Homes,Family,5,2,3,2,5,2018-08-16
7703,1956,Luna Developments,Single,4,3,2,4,5,2021-09-20
7704,1956,Luna Developments,Single,5,2,2,2,5,2021-10-16
7705,1956,Luna Developments,Professional,4,2,3,4,4,2023-02-10
7706,1956,Luna Developments,Student,4,2,4,5,5,2025-04-08
7707,1956,Luna Developments,Single,4,4,2,4,4,2025-10-25
7708,1956,Luna Developments,Couple,4,4,2,3,3,2018-09-11
7709,1956,Luna Developments,Single,5,1,4,4,5,2023-08-14
7710,1959,Horizon Builders,Professional,2,3,5,3,1,2022-06-07
7711,1959,Horizon Builders,Single,3,2,4,3,3,2020-09-30
7712,1959,Horizon Builders,Couple,2,3,3,5,2,2023-10-20
7713,1959,Horizon Builders,Single,2,4,4,5,3,2020-02-19
7714,1959,Horizon Builders,Single,3,4,3,3,2,2023-02-27
7715,1959,Horizon Builders,Family,3,3,3,1,4,2018-12-09
7716,1960,Oakfield Ltd,Family,3,5,4,4,2,2025-01-25
7717,1960,Oakfield Ltd,Family,2,3,4,3,2,2020-12-19
7718,1960,Oakfield Ltd,Retiree,2,2,3,3,2,2018-08-20
7719,1960,Oakfield Ltd,Couple,2,5,3,3,2,2021-06-20
7720,1960,Oakfield Ltd,Professional,3,1,4,2,2,2024-02-02
7721,1960,Oakfield Ltd,Retiree,1,4,4,3,1,2019-07-17
7722,1961,Nova Estates,Family,4,1,4,3,4,2023-10-07
7723,1962,GreenBrick,Student,5,3,4,3,5,2021-03-06
7724,1962,GreenBrick,Student,5,3,4,4,5,2024-03-20
7725,1962,GreenBrick,Single,4,2,3,5,5,2024-06-22
7726,1963,MetroConstruct,Couple,2,2,4,4,1,2021-03-20
7727,1963,MetroConstruct,Student,1,3,5,4,1,2018-09-22
7728,1963,MetroConstruct,Couple,3,2,2,2,3,2025-07-27
7729,1963,MetroConstruct,Couple,1,2,2,4,2,2023-07-19
7730,1963,MetroConstruct,Family,3,3,2,3,3,2023-11-14
7731,1964,GreenBrick,Retiree,5,1,5,2,5,2018-04-05
7732,1964,GreenBrick,Student,5,1,3,5,5,2020-09-02
7733,1964,GreenBrick,Single,4,2,5,3,4,2020-08-25
7734,1964,GreenBrick,Couple,4,3,4,4,5,2018-11-27
7735,1964,GreenBrick,Family,4,4,4,2,4,2023-04-12
7736,1964,GreenBrick,Family,5,3,4,5,4,2022-09-26
7737,1964,GreenBrick,Family,4,1,5,4,4,2020-12-02
7738,1965,UrbanCore,Professional,3,2,5,4,3,2023-03-09
7739,1965,UrbanCore,Couple,3,3,3,5,4,2025-07-26
7740,1965,UrbanCore,Family,1,2,3,2,2,2023-12-24
7741,1965,UrbanCore,Couple,2,2,2,5,2,2020-07-14
7742,1965,UrbanCore,Family,1,3,5,2,1,2025-02-09
7743,1965,UrbanCore,Couple,2,1,4,2,3,2019-06-21
7744,1965,UrbanCore,Student,3,2,3,5,3,2025-06-25
7745,1965,UrbanCore,Single,3,1,4,3,3,2021-09-14
7746,1966,UrbanCore,Single,4,3,3,4,4,2021-07-30
7747,1966,UrbanCore,Retiree,5,3,3,4,5,2021-04-17
7748,1966,UrbanCore,Couple,4,1,3,3,4,2022-08-19
7749,1968,GreenBrick,Couple,4,2,4,2,4,2022-05-19
7750,1968,GreenBrick,Couple,4,3,5,3,3,2020-05-07
7751,1968,GreenBrick,Single,4,4,4,3,5,2021-01-04
7752,1968,GreenBrick,Student,5,4,3,2,5,2022-06-29
7753,1968,GreenBrick,Retiree,5,4,3,4,4,2025-07-21
7754,1969,GreenBrick,Family,3,3,3,2,3,2020-11-10
7755,1969,GreenBrick,Retiree,3,1,3,3,4,2020-05-06
7756,1969,GreenBrick,Single,3,2,4,2,4,2018-07-27
7757,1969,GreenBrick,Single,3,4,5,2,3,2023-10-16
7758,1969,GreenBrick,Family,4,4,3,2,3,2021-02-18
7759,1970,Nova Estates,Retiree,5,3,4,4,5,2019-04-04
7760,1970,Nova Estates,Student,5,2,3,4,5,2023-01-30
7761,1970,Nova Estates,Family,5,2,4,2,5,2022-06-16
7762,1970,Nova Estates,Family,4,2,3,4,4,2018-09-08
7763,1970,Nova Estates,Family,3,3,4,5,2,2024-12-15
7764,1970,Nova Estates,Couple,5,1,1,5,4,2018-06-01
7765,1970,Nova Estates,Student,5,3,2,4,5,2024-01-27
7766,1970,Nova Estates,Family,4,3,4,4,3,2023-07-13
7767,1971,Nova Estates,Professional,2,3,3,5,3,2021-10-01
7768,1971,Nova Estates,Couple,2,2,5,3,3,2025-09-27
7769,1971,Nova Estates,Retiree,3,2,4,3,3,2020-01-30
7770,1971,Nova Estates,Family,3,1,4,3,4,2017-12-27
7771,1974,UrbanCore,Family,4,1,4,2,4,2019-08-23
7772,1974,UrbanCore,Professional,2,1,3,4,2,2021-05-15
7773,1974,UrbanCore,Retiree,2,2,4,2,2,2018-02-10
7774,1974,UrbanCore,Family,3,2,3,5,4,2025-10-24
7775,1975,Skyline Holdings,Couple,2,1,4,4,3,2025-05-23
7776,1975,Skyline Holdings,Couple,2,1,5,3,2,2018-08-15
7777,1976,Luna Developments,Single,5,4,2,4,4,2025-10-28
7778,1977,Skyline Holdings,Student,4,1,3,3,4,2021-07-08
7779,1977,Skyline Holdings,Family,5,3,1,3,5,2022-03-29
7780,1977,Skyline Holdings,Family,5,1,3,4,4,2022-02-11
7781,1977,Skyline Holdings,Professional,3,1,4,3,3,2022-11-03
7782,1977,Skyline Holdings,Couple,3,1,3,4,3,2020-09-01
7783,1978,Sunrise Group,Family,2,3,5,3,2,2021-06-27
7784,1978,Sunrise Group,Family,3,3,4,3,4,2019-03-17
7785,1979,Stonegate,Couple,2,1,4,4,2,2025-08-09
7786,1979,Stonegate,Single,3,2,4,3,3,2022-08-01
7787,1979,Stonegate,Couple,2,1,4,3,2,2018-04-20
7788,1979,Stonegate,Retiree,1,3,2,4,2,2025-03-26
7789,1979,Stonegate,Family,2,3,3,2,2,2019-02-25
7790,1980,MetroConstruct,Couple,2,3,3,3,2,2018-03-01
7791,1980,MetroConstruct,Single,2,1,3,4,2,2020-03-06
7792,1980,MetroConstruct,Single,2,2,4,3,3,2025-08-27
7793,1980,MetroConstruct,Couple,2,2,5,4,2,2024-08-08
7794,1980,MetroConstruct,Family,1,2,3,5,1,2021-10-20
7795,1980,MetroConstruct,Single,2,2,4,3,2,2018-02-16
7796,1981,Nova Estates,Professional,5,5,2,4,5,2021-04-02
7797,1981,Nova Estates,Retiree,3,4,2,3,3,2022-02-05
7798,1981,Nova Estates,Retiree,4,4,4,5,4,2024-02-22
7799,1981,Nova Estates,Family,4,2,2,3,4,2022-04-16
7800,1981,Nova Estates,Single,3,2,4,2,2,2022-03-02
7801,1982,Oakfield Ltd,Professional,5,1,3,2,5,2025-04-02
7802,1982,Oakfield Ltd,Family,4,3,4,4,5,2020-08-14
7803,1982,Oakfield Ltd,Family,3,2,4,5,2,2022-04-24
7804,1982,Oakfield Ltd,Single,5,1,4,2,4,2022-01-02
7805,1982,Oakfield Ltd,Family,5,1,3,3,4,2019-11-23
7806,1982,Oakfield Ltd,Family,5,1,4,3,5,2025-11-20
7807,1982,Oakfield Ltd,Single,3,2,1,2,3,2020-09-18
7808,1982,Oakfield Ltd,Family,5,2,4,4,5,2022-01-16
7809,1983,Sunrise Group,Family,5,3,4,4,5,2021-07-30
7810,1983,Sunrise Group,Couple,4,3,3,3,4,2021-07-13
7811,1983,Sunrise Group,Family,4,5,2,2,5,2017-12-27
7812,1983,Sunrise Group,Single,5,4,3,3,4,2019-05-27
7813,1983,Sunrise Group,Couple,4,4,3,5,4,2022-11-09
7814,1983,Sunrise Group,Couple,5,5,4,4,5,2025-06-05
7815,1983,Sunrise Group,Single,4,3,3,1,5,2018-08-21
7816,1983,Sunrise Group,Family,4,4,5,3,4,2020-10-16
7817,1984,Sunrise Group,Retiree,4,3,2,4,4,2025-03-13
7818,1984,Sunrise Group,Family,2,3,4,3,2,2020-05-14
7819,1985,Nova Estates,Professional,2,5,3,3,1,2024-08-01
7820,1985,Nova Estates,Family,2,4,4,3,3,2021-01-22
7821,1985,Nova Estates,Couple,3,2,3,3,2,2025-09-29
7822,1985,Nova Estates,Professional,2,4,4,3,2,2021-10-04
7823,1985,Nova Estates,Family,2,3,3,4,2,2022-09-11
7824,1985,Nova Estates,Single,3,5,3,4,2,2024-07-21
7825,1985,Nova Estates,Retiree,2,4,3,4,2,2021-04-30
7826,1985,Nova Estates,Retiree,2,4,3,3,2,2020-11-26
7827,1986,Nova Estates,Single,2,4,3,3,3,2023-06-15
7828,1986,Nova Estates,Student,4,3,4,3,3,2023-01-03
7829,1986,Nova Estates,Single,3,3,4,3,3,2019-08-19
7830,1986,Nova Estates,Couple,2,3,3,4,2,2020-04-03
7831,1987,Pioneer Homes,Single,4,4,3,3,4,2020-06-10
7832,1987,Pioneer Homes,Student,4,2,2,3,5,2021-05-19
7833,1987,Pioneer Homes,Couple,3,2,5,2,3,2020-01-08
7834,1987,Pioneer Homes,Family,3,2,4,3,3,2018-09-14
7835,1987,Pioneer Homes,Couple,3,3,3,1,4,2019-04-29
7836,1987,Pioneer Homes,Single,5,2,1,5,5,2022-09-12
7837,1987,Pioneer Homes,Family,5,2,2,3,5,2020-02-17
7838,1987,Pioneer Homes,Retiree,4,3,2,4,4,2024-03-04
7839,1988,Sunrise Group,Single,3,3,5,3,2,2020-04-09
7840,1988,Sunrise Group,Family,3,3,4,3,4,2025-09-10
7841,1988,Sunrise Group,Family,2,5,5,3,2,2024-04-02
7842,1989,Sunrise Group,Retiree,3,3,5,5,3,2021-11-21
7843,1990,Pioneer Homes,Family,5,1,1,3,5,2021-12-09
7844,1990,Pioneer Homes,Family,5,1,1,2,5,2022-07-29
7845,1990,Pioneer Homes,Couple,4,1,3,5,4,2018-11-10
7846,1990,Pioneer Homes,Single,5,3,3,5,5,2019-02-20
7847,1990,Pioneer Homes,Single,5,4,3,4,5,2018-12-19
7848,1991,Pioneer Homes,Retiree,3,2,3,2,3,2024-06-11
7849,1991,Pioneer Homes,Retiree,3,2,3,1,2,2025-07-18
7850,1991,Pioneer Homes,Student,3,3,3,3,4,2019-09-03
7851,1991,Pioneer Homes,Single,4,3,4,4,3,2020-05-15
7852,1991,Pioneer Homes,Family,3,2,4,3,2,2024-12-27
7853,1991,Pioneer Homes,Family,3,2,3,4,4,2022-02-15
7854,1991,Pioneer Homes,Family,3,4,4,2,3,2025-03-19
7855,1992,Nova Estates,Couple,3,1,3,2,3,2019-10-12
7856,1992,Nova Estates,Family,3,1,3,2,2,2024-09-03
7857,1992,Nova Estates,Retiree,3,4,4,5,3,2021-06-13
7858,1992,Nova Estates,Couple,3,2,2,3,3,2023-02-15
7859,1992,Nova Estates,Couple,2,3,5,3,2,2021-10-15
7860,1992,Nova Estates,Single,2,1,3,5,2,2022-09-08
7861,1992,Nova Estates,Retiree,4,2,2,4,5,2020-01-22
7862,1992,Nova Estates,Single,3,1,4,4,3,2025-03-12
7863,1993,Horizon Builders,Family,5,2,4,2,5,2019-01-27
7864,1993,Horizon Builders,Family,2,2,5,3,1,2022-03-21
7865,1993,Horizon Builders,Family,3,2,2,3,2,2018-08-20
7866,1993,Horizon Builders,Family,4,5,5,3,5,2024-09-12
7867,1993,Horizon Builders,Single,5,3,5,5,5,2018-06-08
7868,1993,Horizon Builders,Couple,4,2,3,5,4,2023-10-08
7869,1995,Pioneer Homes,Couple,3,3,2,4,3,2025-05-13
7870,1995,Pioneer Homes,Couple,3,4,3,4,3,2025-07-08
7871,1995,Pioneer Homes,Retiree,3,3,5,2,3,2020-09-01
7872,1995,Pioneer Homes,Retiree,3,3,2,2,2,2019-07-31
7873,1995,Pioneer Homes,Student,4,3,4,3,3,2019-01-13
7874,1995,Pioneer Homes,Family,3,4,5,3,4,2022-10-23
7875,1995,Pioneer Homes,Professional,3,4,2,3,5,2025-06-05
7876,1995,Pioneer Homes,Family,2,4,2,5,2,2019-10-17
7877,1996,Horizon Builders,Single,2,5,3,4,3,2022-03-21
7878,1997,Luna Developments,Couple,4,3,4,1,5,2021-11-14
7879,1998,Nova Estates,Couple,3,4,4,4,4,2025-01-03
7880,1998,Nova Estates,Couple,2,1,4,4,2,2022-08-04
7881,1998,Nova Estates,Couple,3,4,4,4,2,2021-04-23
7882,1998,Nova Estates,Family,3,2,4,3,2,2020-05-07
7883,1998,Nova Estates,Family,3,2,3,4,3,2025-11-28
7884,1998,Nova Estates,Couple,2,2,5,4,2,2020-02-10
7885,1998,Nova Estates,Single,2,2,4,3,2,2023-12-14
7886,1998,Nova Estates,Family,3,2,3,5,4,2023-10-14
7887,1999,Nova Estates,Single,4,5,4,2,5,2023-02-02
7888,2000,Skyline Holdings,Family,4,1,2,3,3,2022-07-10
7889,2000,Skyline Holdings,Professional,3,2,4,2,3,2023-02-04
