Id,Area,Bedrooms,Bathrooms,Floors,YearBuilt,Location,Condition,Garage,Price,Developer
1,1360,5,4,3,1970,Downtown,Excellent,No,149919,GreenBrick
2,4272,5,4,3,1958,Downtown,Excellent,No,424998,Luna Developments
3,3592,2,2,3,1938,Downtown,Good,No,266746,Pioneer Homes
4,966,4,2,2,1902,Suburban,Fair,Yes,244020,Horizon Builders
5,4926,1,4,2,1975,Downtown,Fair,Yes,636056,Nova Estates
6,3944,1,2,1,1906,Urban,Poor,No,93262,Nova Estates
7,3671,1,1,2,1948,Rural,Poor,Yes,448722,Nova Estates
8,3419,2,4,1,1925,Suburban,Good,Yes,594893,Stonegate
9,630,2,2,1,1932,Rural,Poor,Yes,652878,Horizon Builders
10,2185,3,3,1,2000,Downtown,Poor,No,340375,BlueRiver Dev
11,1269,1,4,2,1947,Suburban,Poor,Yes,653685,Nova Estates
12,2891,4,4,3,1978,Urban,Excellent,Yes,127123,Cedar & Co
13,2933,4,3,2,1901,Downtown,Poor,No,849947,MetroConstruct
14,1684,1,1,1,2004,Rural,Good,No,399355,Skyline Holdings
15,3885,1,3,1,1970,Urban,Fair,Yes,481838,Nova Estates
16,4617,1,4,2,1931,Downtown,Poor,No,853032,Nova Estates
17,3404,2,1,1,1903,Urban,Fair,Yes,208964,Skyline Holdings
18,974,2,2,1,1919,Downtown,Poor,Yes,905742,UrbanCore
19,1582,2,2,2,2013,Suburban,Good,No,989305,Sunrise Group
20,3058,5,2,2,2016,Downtown,Excellent,No,218767,Skyline Holdings
21,2547,4,4,2,1935,Suburban,Good,Yes,996357,Horizon Builders
22,3247,4,3,1,1931,Downtown,Excellent,No,709789,Nova Estates
23,1475,3,1,1,1927,Downtown,Poor,No,709966,Skyline Holdings
24,2306,2,2,3,1976,Rural,Poor,Yes,447694,GreenBrick
25,689,5,1,3,1900,Urban,Excellent,Yes,688668,Sunrise Group
26,3234,5,4,2,1959,Urban,Good,Yes,527032,Oakfield Ltd
27,3505,4,2,3,1955,Urban,Good,Yes,745494,Nova Estates
28,2399,2,4,1,1934,Downtown,Excellent,Yes,513179,UrbanCore
29,1767,3,3,3,2011,Downtown,Poor,Yes,948212,Horizon Builders
30,2028,2,4,1,1929,Downtown,Excellent,No,206547,Nova Estates
31,3702,1,4,2,1953,Suburban,Poor,No,902609,Horizon Builders
32,4056,2,3,2,1935,Suburban,Excellent,Yes,727090,Nova Estates
33,4390,1,1,1,2020,Rural,Poor,No,202185,Nova Estates
34,1146,1,3,3,1954,Downtown,Excellent,No,725371,Luna Developments
35,3388,3,3,2,1988,Urban,Fair,Yes,105746,Cedar & Co
36,2935,4,4,2,1979,Urban,Poor,No,959507,Oakfield Ltd
37,1100,2,1,3,1957,Rural,Good,No,748213,Skyline Holdings
38,2863,1,2,3,1982,Urban,Excellent,Yes,921627,Nova Estates
39,2561,2,3,1,1964,Rural,Good,No,873250,BlueRiver Dev
40,741,4,1,3,1968,Downtown,Excellent,No,218393,Sunrise Group
41,2541,4,3,3,1950,Urban,Good,Yes,333453,Nova Estates
42,3324,5,3,3,1921,Downtown,Good,No,986192,Sunrise Group
43,3112,4,3,1,1987,Suburban,Excellent,No,340320,Nova Estates
44,1863,3,3,1,2006,Urban,Excellent,No,643167,EverHome
45,1978,1,4,2,2008,Suburban,Good,Yes,641880,Skyline Holdings
46,3056,5,1,1,2015,Urban,Good,Yes,396872,BlueRiver Dev
47,1275,3,1,2,2000,Downtown,Good,No,270084,Skyline Holdings
48,4514,2,1,3,1952,Rural,Poor,No,976920,UrbanCore
49,534,1,3,2,1999,Downtown,Poor,Yes,771782,UrbanCore
50,3652,4,4,2,1935,Downtown,Fair,Yes,845016,Nova Estates
51,2455,1,3,3,1967,Downtown,Poor,No,698843,Cedar & Co
52,2085,2,3,2,1935,Urban,Poor,Yes,405446,Oakfield Ltd
53,4443,5,1,1,1951,Rural,Excellent,No,958840,Luna Developments
54,3573,5,3,1,1952,Suburban,Fair,No,593118,Stonegate
55,1521,5,2,1,1981,Downtown,Fair,Yes,266897,Horizon Builders
56,3961,4,3,1,1949,Urban,Poor,Yes,826522,EverHome
57,3113,3,2,2,1979,Suburban,Excellent,No,913498,Nova Estates
58,4343,3,3,2,1940,Downtown,Excellent,No,840023,Nova Estates
59,2000,1,4,3,1917,Suburban,Fair,Yes,143878,Nova Estates
60,661,4,4,2,1921,Downtown,Excellent,No,175407,GreenBrick
61,4797,5,1,2,1965,Suburban,Good,Yes,691157,GreenBrick
62,2481,5,3,2,1920,Suburban,Poor,Yes,307716,Skyline Holdings
63,1495,2,2,3,1999,Rural,Good,Yes,857827,MetroConstruct
64,3842,2,2,1,1943,Rural,Fair,Yes,66738,GreenBrick
65,4298,5,3,2,2002,Downtown,Fair,Yes,183703,Skyline Holdings
66,1775,5,2,3,1946,Urban,Excellent,No,723265,UrbanCore
67,1516,4,4,3,1938,Rural,Excellent,Yes,593344,Nova Estates
68,837,3,2,3,1928,Suburban,Fair,Yes,815034,Oakfield Ltd
69,1378,2,1,1,1953,Rural,Fair,Yes,560241,Nova Estates
70,1576,3,4,2,1989,Rural,Good,Yes,433800,Atlas Properties
71,4493,4,4,3,1984,Downtown,Good,Yes,689604,Oakfield Ltd
72,879,5,4,1,1916,Rural,Excellent,Yes,740807,Nova Estates
73,992,3,3,3,1979,Rural,Good,Yes,628706,Nova Estates
74,2562,5,3,3,1959,Suburban,Excellent,No,873622,Oakfield Ltd
75,4384,5,4,3,1930,Rural,Excellent,No,76014,BlueRiver Dev
76,564,1,3,3,2014,Suburban,Poor,No,778359,Pioneer Homes
77,3068,3,2,3,1972,Rural,Excellent,No,813277,Oakfield Ltd
78,2527,3,3,1,1994,Rural,Good,Yes,231350,Nova Estates
79,3195,5,3,2,1977,Urban,Fair,No,961995,GreenBrick
80,1995,4,4,2,1948,Rural,Fair,Yes,838212,Nova Estates
81,891,1,1,2,2000,Suburban,Good,No,534859,Stonegate
82,4974,5,1,2,1901,Suburban,Fair,No,764618,Horizon Builders
83,4061,2,1,1,2015,Downtown,Excellent,Yes,540339,GreenBrick
84,2778,2,2,1,1947,Downtown,Fair,Yes,92192,Nova Estates
85,3599,1,3,1,2009,Urban,Good,No,941307,Skyline Holdings
86,700,4,1,3,1913,Suburban,Fair,No,411273,GreenBrick
87,3604,5,4,3,1958,Suburban,Excellent,No,93923,Pioneer Homes
88,2954,3,1,3,1996,Suburban,Excellent,No,663484,Horizon Builders
89,4145,1,1,2,1998,Urban,Good,Yes,576683,Stonegate
90,1304,4,3,3,1957,Suburban,Good,No,414593,Sunrise Group
91,3231,3,3,2,2002,Downtown,Good,No,433891,Nova Estates
92,3273,2,3,3,1957,Urban,Poor,No,802744,BlueRiver Dev
93,2070,2,2,2,2010,Downtown,Poor,No,458995,Pioneer Homes
94,3190,3,2,3,1950,Downtown,Excellent,No,645316,UrbanCore
95,4340,1,1,3,1983,Urban,Poor,Yes,997226,Oakfield Ltd
96,1528,2,3,1,1901,Rural,Poor,Yes,450327,Sunrise Group
97,1002,5,1,3,2014,Rural,Fair,Yes,816751,UrbanCore
98,4993,3,4,3,1940,Downtown,Poor,Yes,715344,Sunrise Group
99,1370,3,4,1,1982,Rural,Fair,Yes,929608,Nova Estates
100,4988,2,3,2,2022,Suburban,Good,No,777688,Nova Estates
101,706,1,3,1,2000,Urban,Fair,Yes,305315,Nova Estates
102,1984,5,4,1,1981,Downtown,Fair,Yes,339068,Horizon Builders
103,1363,1,3,2,1915,Suburban,Good,No,495919,Skyline Holdings
104,3290,4,2,3,1903,Rural,Good,Yes,344721,Sunrise Group
105,1063,4,2,2,1911,Suburban,Excellent,Yes,188783,EverHome
106,4691,2,3,3,1928,Rural,Excellent,Yes,659836,Skyline Holdings
107,2257,2,4,3,1906,Downtown,Excellent,Yes,307288,GreenBrick
108,2178,2,1,2,1913,Suburban,Excellent,No,543085,Pioneer Homes
109,3742,4,3,1,2018,Urban,Fair,No,545187,Skyline Holdings
110,1559,1,3,2,1911,Downtown,Fair,Yes,699381,Nova Estates
111,2222,1,1,3,1998,Suburban,Excellent,No,285835,Skyline Holdings
112,3814,2,3,2,1904,Suburban,Poor,Yes,971600,Nova Estates
113,3657,5,1,2,1980,Rural,Excellent,No,902987,EverHome
114,3125,1,4,3,2021,Downtown,Poor,No,401992,Oakfield Ltd
115,3229,4,2,1,2005,Downtown,Good,No,256084,Horizon Builders
116,2097,3,4,2,1931,Downtown,Fair,No,844686,Stonegate
117,3560,3,2,3,1973,Downtown,Fair,No,437554,Oakfield Ltd
118,3193,3,1,3,1942,Rural,Poor,No,803315,Nova Estates
119,4127,5,2,2,1980,Urban,Excellent,No,520336,Stonegate
120,1863,2,4,1,1968,Downtown,Fair,No,973469,UrbanCore
121,2481,4,2,2,1944,Rural,Poor,No,258072,Oakfield Ltd
122,2163,5,1,1,2005,Urban,Good,No,298029,Stonegate
123,2029,4,2,1,1908,Urban,Good,No,259047,Skyline Holdings
124,2538,4,3,1,1948,Rural,Fair,Yes,415169,Nova Estates
125,3802,2,4,1,1932,Downtown,Excellent,No,180509,Skyline Holdings
126,2737,3,3,2,1999,Urban,Poor,Yes,812072,Sunrise Group
127,1806,2,1,3,1999,Downtown,Fair,No,345107,Oakfield Ltd
128,4529,5,2,3,1917,Downtown,Good,Yes,577561,Stonegate
129,3175,5,3,3,1908,Suburban,Excellent,Yes,589618,Nova Estates
130,1782,5,3,3,1961,Downtown,Poor,Yes,202566,UrbanCore
131,1209,2,2,3,1956,Suburban,Fair,No,650710,GreenBrick
132,4913,4,2,3,1928,Urban,Poor,No,958521,Skyline Holdings
133,4248,4,4,2,2013,Rural,Excellent,No,53212,Nova Estates
134,1163,1,3,1,1977,Suburban,Excellent,No,282131,GreenBrick
135,2498,5,3,3,1924,Rural,Good,Yes,526657,Luna Developments
136,3945,4,1,2,1914,Urban,Excellent,No,661882,GreenBrick
137,4243,1,4,3,1905,Downtown,Fair,No,182152,UrbanCore
138,1995,4,1,3,2019,Urban,Poor,No,344819,BlueRiver Dev
139,3804,5,3,1,1941,Rural,Excellent,No,72007,GreenBrick
140,4263,3,1,1,1928,Urban,Excellent,No,688093,Cedar & Co
141,2353,5,3,1,1978,Downtown,Fair,No,394785,Cedar & Co
142,1791,2,3,3,1992,Urban,Poor,No,670103,Skyline Holdings
143,4081,4,1,3,1903,Downtown,Poor,No,883247,Sunrise Group
144,3957,4,1,3,1981,Suburban,Good,Yes,919914,Skyline Holdings
145,2136,2,2,1,2013,Rural,Good,Yes,837071,Skyline Holdings
146,4196,2,2,2,1956,Downtown,Poor,No,375737,Nova Estates
147,3499,3,2,3,1948,Downtown,Fair,No,562164,Horizon Builders
148,3652,4,3,3,1943,Urban,Fair,No,128038,Sunrise Group
149,1198,4,1,3,2002,Suburban,Good,No,406043,Nova Estates
150,2660,3,4,2,1979,Downtown,Excellent,Yes,840168,Skyline Holdings
151,4597,1,3,3,1974,Suburban,Fair,Yes,827794,EverHome
152,1354,3,4,2,1913,Suburban,Excellent,No,66473,Skyline Holdings
153,3974,5,1,3,1902,Urban,Fair,Yes,703059,Nova Estates
154,2207,4,3,2,2014,Downtown,Poor,Yes,175801,Sunrise Group
155,3277,2,4,3,2013,Urban,Good,No,944030,Atlas Properties
156,2233,5,4,1,1961,Rural,Excellent,No,660911,Skyline Holdings
157,4010,4,2,1,2005,Rural,Excellent,No,558252,BlueRiver Dev
158,702,3,2,1,1963,Downtown,Poor,Yes,275097,Pioneer Homes
159,3755,5,2,1,2001,Suburban,Fair,Yes,348964,Skyline Holdings
160,4718,4,3,3,1944,Downtown,Excellent,No,265933,Pioneer Homes
161,4996,1,1,1,2005,Downtown,Fair,No,369733,GreenBrick
162,1266,1,1,2,1981,Rural,Poor,Yes,771167,Horizon Builders
163,4889,2,2,1,1957,Rural,Good,Yes,330558,Horizon Builders
164,2827,4,2,1,1919,Suburban,Excellent,No,439522,UrbanCore
165,3431,1,2,1,1957,Suburban,Fair,Yes,74220,Nova Estates
166,697,3,4,3,2011,Downtown,Excellent,No,634819,MetroConstruct
167,2430,4,2,1,1988,Urban,Fair,No,422146,GreenBrick
168,4082,3,4,2,1956,Downtown,Fair,Yes,557409,Nova Estates
169,1108,3,1,1,2001,Suburban,Fair,Yes,747785,Nova Estates
170,3772,1,3,1,1976,Urban,Poor,Yes,59387,Horizon Builders
171,1647,4,3,1,1967,Rural,Good,No,295752,BlueRiver Dev
172,4782,5,3,2,2018,Suburban,Excellent,No,651103,Nova Estates
173,3897,1,3,1,1977,Suburban,Good,No,601872,UrbanCore
174,3011,1,4,2,1996,Urban,Fair,No,619071,Skyline Holdings
175,2294,4,4,2,1991,Suburban,Fair,No,745169,Horizon Builders
176,1159,4,2,1,1951,Suburban,Good,No,759687,Nova Estates
177,3311,3,4,2,1936,Suburban,Good,Yes,698782,BlueRiver Dev
178,1869,4,2,3,1907,Suburban,Excellent,No,690102,GreenBrick
179,2486,3,2,1,1943,Suburban,Fair,No,300139,Luna Developments
180,646,1,3,1,1997,Suburban,Good,No,967184,Nova Estates
181,3719,2,4,2,2007,Suburban,Poor,No,550228,GreenBrick
182,3411,5,4,2,1904,Suburban,Fair,Yes,716217,Nova Estates
183,2234,1,2,1,2017,Rural,Fair,No,747621,EverHome
184,2343,4,2,3,1968,Suburban,Excellent,Yes,910020,Stonegate
185,988,5,1,2,1930,Rural,Poor,Yes,984499,Skyline Holdings
186,3476,2,1,2,1944,Rural,Excellent,No,296509,Horizon Builders
187,2459,2,2,3,1908,Downtown,Poor,No,63580,Oakfield Ltd
188,2885,3,1,3,2005,Downtown,Excellent,Yes,592528,UrbanCore
189,3419,5,1,1,1931,Rural,Poor,Yes,828639,UrbanCore
190,2302,3,2,3,1932,Rural,Poor,No,395590,Skyline Holdings
191,4561,1,2,1,1966,Suburban,Poor,Yes,518968,Nova Estates
192,3869,5,4,3,1929,Downtown,Good,No,940965,Stonegate
193,762,1,2,2,2013,Urban,Fair,No,828559,EverHome
194,1123,3,2,1,1975,Downtown,Poor,Yes,533663,Horizon Builders
195,1516,5,3,1,1928,Rural,Good,No,478082,GreenBrick
196,4143,3,4,1,1902,Rural,Good,No,655262,GreenBrick
197,2549,5,4,3,1989,Suburban,Excellent,No,647689,Pioneer Homes
198,4223,3,4,2,1956,Suburban,Fair,Yes,263165,Stonegate
199,3608,2,3,1,1929,Downtown,Fair,Yes,455427,Stonegate
200,4590,3,2,1,1908,Suburban,Excellent,Yes,502201,Oakfield Ltd
201,2556,2,4,1,1925,Urban,Fair,No,214340,Horizon Builders
202,3670,3,4,1,1901,Urban,Excellent,Yes,840078,Nova Estates
203,2182,5,1,2,1961,Suburban,Good,Yes,760731,Nova Estates
204,2755,5,4,3,1902,Urban,Good,Yes,822411,Stonegate
205,1654,5,2,2,1945,Urban,Poor,No,354960,Horizon Builders
206,4999,4,2,1,1967,Downtown,Excellent,No,139460,Nova Estates
207,3691,1,1,2,1924,Urban,Good,Yes,356256,Nova Estates
208,2196,5,4,1,1950,Rural,Good,Yes,101048,BlueRiver Dev
209,4491,2,4,3,1912,Rural,Excellent,Yes,780806,Nova Estates
210,2148,5,4,3,2002,Downtown,Good,No,182850,Nova Estates
211,1945,4,3,3,1943,Suburban,Fair,Yes,882184,UrbanCore
212,4699,2,4,1,1934,Downtown,Good,No,528193,BlueRiver Dev
213,4423,4,2,2,1954,Suburban,Excellent,No,907158,Horizon Builders
214,753,2,2,3,1986,Suburban,Fair,No,786200,Skyline Holdings
215,3683,3,3,1,1908,Suburban,Fair,Yes,994793,BlueRiver Dev
216,3057,1,3,1,1901,Suburban,Good,Yes,356932,Skyline Holdings
217,598,1,4,2,1960,Suburban,Poor,No,316891,GreenBrick
218,2700,4,1,3,2017,Downtown,Fair,No,574333,Pioneer Homes
219,3461,1,3,1,1940,Suburban,Excellent,No,582046,Horizon Builders
220,4933,4,3,2,1943,Urban,Poor,No,829685,MetroConstruct
221,4277,4,4,3,1963,Urban,Poor,Yes,961508,Horizon Builders
222,3369,4,4,2,1930,Suburban,Fair,Yes,728797,UrbanCore
223,3734,1,3,2,2007,Urban,Good,No,724945,Nova Estates
224,4291,4,1,1,1946,Rural,Poor,No,190926,GreenBrick
225,1456,1,3,1,1901,Downtown,Good,No,233148,Skyline Holdings
226,4567,4,4,1,1995,Downtown,Fair,Yes,893382,Skyline Holdings
227,660,5,4,2,1981,Suburban,Excellent,No,722709,Cedar & Co
228,4993,4,3,1,1976,Suburban,Poor,Yes,801588,GreenBrick
229,1800,2,1,2,2009,Rural,Excellent,No,726708,Stonegate
230,4487,4,3,2,1968,Suburban,Good,Yes,215368,Horizon Builders
231,2027,3,3,1,1957,Urban,Good,Yes,544496,Oakfield Ltd
232,1718,4,4,3,2005,Rural,Excellent,No,69455,Sunrise Group
233,4996,2,1,3,1943,Urban,Fair,Yes,784184,UrbanCore
234,3604,2,2,3,1973,Downtown,Fair,Yes,515139,Sunrise Group
235,3235,1,1,2,1955,Urban,Poor,Yes,281897,Nova Estates
236,1454,5,3,2,1942,Downtown,Poor,Yes,482509,Pioneer Homes
237,3946,4,3,2,1988,Urban,Fair,No,542646,Skyline Holdings
238,1545,1,3,1,1933,Downtown,Fair,No,662840,Nova Estates
239,2193,5,1,2,2000,Suburban,Excellent,No,882548,Horizon Builders
240,3936,4,4,1,1929,Urban,Good,No,432605,Nova Estates
241,1062,3,3,1,1970,Downtown,Good,No,614772,Luna Developments
242,2985,4,3,3,1969,Urban,Poor,Yes,997719,Luna Developments
243,3854,2,1,3,2017,Rural,Fair,Yes,393782,EverHome
244,725,2,2,3,1954,Suburban,Excellent,Yes,708764,GreenBrick
245,1459,3,2,1,1966,Downtown,Poor,Yes,218332,Nova Estates
246,3567,1,4,1,1912,Rural,Excellent,No,150647,EverHome
247,1315,5,4,1,1902,Urban,Fair,No,639930,Sunrise Group
248,3620,4,3,2,1925,Rural,Fair,Yes,786091,Cedar & Co
249,516,2,1,1,1956,Urban,Fair,No,882441,Cedar & Co
250,1743,1,3,3,1923,Suburban,Good,Yes,178824,MetroConstruct
251,2705,3,4,3,1952,Rural,Fair,Yes,823202,Skyline Holdings
252,3024,2,1,1,1969,Suburban,Poor,No,866037,GreenBrick
253,1569,3,1,1,1942,Downtown,Good,No,685167,MetroConstruct
254,3944,4,4,3,1959,Urban,Excellent,No,695115,Skyline Holdings
255,3065,5,2,1,1957,Urban,Poor,No,317724,Nova Estates
256,1560,2,2,3,1948,Suburban,Poor,No,951334,UrbanCore
257,2827,2,1,2,1941,Suburban,Excellent,No,317544,Luna Developments
258,3920,4,3,3,1975,Downtown,Good,No,745003,BlueRiver Dev
259,801,1,2,2,2012,Rural,Poor,Yes,801545,UrbanCore
260,4776,5,3,1,1999,Urban,Poor,No,932464,Nova Estates
261,1106,2,2,1,1965,Urban,Poor,Yes,177319,Horizon Builders
262,3670,5,2,2,1910,Downtown,Good,Yes,562193,Atlas Properties
263,1199,2,3,1,2002,Downtown,Good,No,529389,Nova Estates
264,1639,5,4,2,1997,Suburban,Good,Yes,156960,UrbanCore
265,690,3,2,1,1989,Suburban,Poor,No,89015,Stonegate
266,2800,2,2,3,1917,Rural,Fair,Yes,383857,Pioneer Homes
267,1480,5,3,1,1984,Downtown,Excellent,Yes,778165,BlueRiver Dev
268,3475,1,4,3,1999,Rural,Fair,Yes,982478,BlueRiver Dev
269,1684,3,2,3,2003,Downtown,Good,No,195109,GreenBrick
270,3827,3,2,2,1951,Urban,Poor,Yes,527508,Skyline Holdings
271,3894,1,4,1,1945,Downtown,Poor,Yes,836351,Oakfield Ltd
272,627,5,2,2,1943,Downtown,Fair,Yes,983671,Oakfield Ltd
273,2565,4,4,1,1921,Urban,Fair,No,138754,Stonegate
274,2316,1,4,3,1952,Downtown,Excellent,Yes,271775,EverHome
275,1069,5,3,3,1958,Rural,Poor,No,355292,UrbanCore
276,2395,1,1,1,1993,Suburban,Fair,Yes,777513,Sunrise Group
277,3233,1,4,1,2013,Suburban,Excellent,Yes,726894,Oakfield Ltd
278,4363,2,3,2,2006,Rural,Good,Yes,796355,Horizon Builders
279,4514,5,1,1,2023,Urban,Fair,No,959222,BlueRiver Dev
280,3401,4,2,1,1929,Downtown,Good,Yes,922510,Oakfield Ltd
281,2186,2,1,1,1907,Rural,Excellent,Yes,106879,Stonegate
282,3509,1,4,2,1997,Suburban,Good,Yes,169894,GreenBrick
283,654,1,4,1,1956,Suburban,Poor,Yes,640127,GreenBrick
284,3037,1,4,3,2010,Rural,Poor,No,79756,Nova Estates
285,1909,5,4,2,1972,Suburban,Good,Yes,718043,UrbanCore
286,4557,5,4,2,2014,Rural,Poor,Yes,230557,Nova Estates
287,1284,2,3,3,1919,Suburban,Excellent,Yes,279303,Sunrise Group
288,3675,4,4,3,2003,Rural,Poor,Yes,454241,UrbanCore
289,4841,2,3,3,1924,Downtown,Good,No,724075,Skyline Holdings
290,3306,3,2,1,1918,Downtown,Good,Yes,541599,Horizon Builders
291,1037,1,4,3,1904,Downtown,Good,Yes,545283,Nova Estates
292,2341,1,4,1,1974,Downtown,Fair,No,667231,Nova Estates
293,2955,1,1,2,1978,Suburban,Good,Yes,792476,MetroConstruct
294,1024,2,2,2,1971,Urban,Excellent,Yes,198188,GreenBrick
295,3450,2,4,3,1982,Rural,Poor,Yes,611032,Nova Estates
296,4631,1,4,1,1986,Urban,Poor,No,174697,UrbanCore
297,4615,2,2,3,1926,Suburban,Fair,Yes,530795,Pioneer Homes
298,2868,5,3,3,1939,Suburban,Fair,No,690360,Skyline Holdings
299,4347,5,4,1,1995,Urban,Excellent,No,445340,Horizon Builders
300,4995,2,1,3,1925,Urban,Good,No,286028,Nova Estates
301,3201,1,4,2,1926,Suburban,Fair,No,743411,Nova Estates
302,1471,2,1,3,1961,Suburban,Poor,No,57176,UrbanCore
303,1666,2,1,1,1982,Rural,Fair,No,927742,UrbanCore
304,3274,2,4,1,1949,Downtown,Fair,No,826653,Horizon Builders
305,2482,3,4,2,1941,Downtown,Good,Yes,508034,Pioneer Homes
306,1353,5,1,1,1928,Rural,Fair,Yes,563611,Cedar & Co
307,4646,4,2,1,1938,Urban,Excellent,No,199748,UrbanCore
308,4236,4,2,2,1959,Suburban,Poor,No,95177,GreenBrick
309,4269,3,4,3,1940,Urban,Good,No,533512,Oakfield Ltd
310,1074,2,3,2,1932,Downtown,Poor,No,160623,Skyline Holdings
311,3761,3,2,3,1982,Downtown,Excellent,No,575285,Sunrise Group
312,1648,3,4,2,2000,Urban,Excellent,No,502546,Nova Estates
313,2215,1,2,3,1982,Downtown,Fair,Yes,546184,Nova Estates
314,4354,5,3,2,1996,Suburban,Fair,Yes,694467,Cedar & Co
315,2991,4,4,3,2010,Rural,Fair,No,297439,MetroConstruct
316,3160,2,3,2,1915,Urban,Poor,No,694691,BlueRiver Dev
317,3624,4,4,3,1922,Suburban,Excellent,No,978735,GreenBrick
318,3551,4,3,2,1906,Suburban,Good,Yes,145287,Nova Estates
319,504,5,2,1,1925,Downtown,Fair,No,169574,Nova Estates
320,1376,4,2,3,1995,Suburban,Poor,Yes,830751,Skyline Holdings
321,1491,4,3,2,1911,Urban,Fair,Yes,171509,UrbanCore
322,4642,3,3,3,1971,Suburban,Excellent,Yes,397591,BlueRiver Dev
323,4864,5,3,3,1904,Rural,Good,No,945954,BlueRiver Dev
324,4965,1,4,2,2005,Suburban,Excellent,No,499181,Skyline Holdings
325,1135,2,2,3,1991,Suburban,Poor,Yes,393288,Luna Developments
326,2193,4,4,2,2016,Rural,Fair,Yes,822793,Pioneer Homes
327,2182,2,2,1,1968,Suburban,Excellent,Yes,242589,UrbanCore
328,619,1,1,3,1948,Suburban,Poor,Yes,929125,Horizon Builders
329,1330,2,4,1,1925,Downtown,Fair,No,406459,GreenBrick
330,4175,1,2,3,1904,Urban,Good,Yes,538720,Skyline Holdings
331,1869,3,2,3,1921,Downtown,Excellent,No,863819,GreenBrick
332,1240,4,4,3,1978,Urban,Fair,Yes,54090,Pioneer Homes
333,616,1,4,2,1912,Rural,Fair,No,957278,Nova Estates
334,3338,2,2,1,1927,Rural,Fair,Yes,468161,Nova Estates
335,1650,4,4,3,1932,Rural,Fair,No,876671,Nova Estates
336,2431,3,3,2,2006,Urban,Excellent,No,53743,Nova Estates
337,1512,4,4,3,1922,Urban,Fair,No,80924,MetroConstruct
338,2164,1,4,2,1996,Urban,Poor,Yes,191268,BlueRiver Dev
339,1581,3,4,3,2006,Rural,Excellent,No,966592,Sunrise Group
340,1012,2,2,1,1917,Urban,Fair,Yes,928247,Nova Estates
341,3349,3,3,1,2013,Suburban,Excellent,No,679600,Sunrise Group
342,1059,3,1,3,2016,Downtown,Poor,No,381004,Sunrise Group
343,4172,5,1,2,1929,Rural,Poor,Yes,790537,Nova Estates
344,3843,3,3,3,1925,Downtown,Excellent,No,798378,Sunrise Group
345,4570,3,3,2,1915,Suburban,Fair,No,279602,GreenBrick
346,1970,4,3,3,1976,Urban,Fair,Yes,392543,Horizon Builders
347,1080,2,2,2,1938,Downtown,Poor,No,885227,Horizon Builders
348,2794,4,1,1,1932,Suburban,Fair,No,887985,Nova Estates
349,3647,4,3,3,1925,Suburban,Poor,No,558928,GreenBrick
350,4749,1,2,1,1947,Downtown,Fair,No,153976,Horizon Builders
351,2179,4,1,1,1964,Rural,Poor,Yes,205183,Sunrise Group
352,4006,5,4,3,2012,Downtown,Good,No,687854,MetroConstruct
353,3244,5,2,3,1937,Rural,Fair,No,307443,Horizon Builders
354,3856,1,1,2,1901,Urban,Fair,No,694256,Nova Estates
355,4545,2,2,2,2012,Rural,Fair,No,111600,Nova Estates
356,1743,2,1,1,1905,Urban,Excellent,No,624310,Horizon Builders
357,3618,4,1,2,1945,Downtown,Fair,No,708559,Nova Estates
358,2641,4,4,2,1949,Urban,Excellent,No,887329,UrbanCore
359,3559,4,2,3,1937,Suburban,Excellent,No,874470,Luna Developments
360,3459,2,3,2,2005,Urban,Poor,Yes,173323,UrbanCore
361,2765,3,4,1,1987,Rural,Excellent,Yes,236110,GreenBrick
362,2979,5,4,2,1917,Rural,Excellent,Yes,694566,Horizon Builders
363,2135,3,1,1,1926,Rural,Good,Yes,947486,Sunrise Group
364,2257,3,3,3,1940,Urban,Fair,No,320041,UrbanCore
365,4952,2,2,1,1971,Rural,Excellent,No,638829,Luna Developments
366,2570,3,3,2,1991,Rural,Fair,Yes,156968,GreenBrick
367,3349,1,3,3,1973,Suburban,Excellent,Yes,589180,Cedar & Co
368,3751,4,3,2,1916,Urban,Poor,Yes,975775,EverHome
369,4230,1,3,3,2018,Suburban,Good,No,74815,Nova Estates
370,2989,5,3,3,1961,Rural,Excellent,No,882044,Nova Estates
371,2131,4,1,2,1928,Rural,Fair,Yes,476573,Nova Estates
372,3316,3,1,2,1957,Rural,Poor,Yes,518304,Nova Estates
373,1515,5,4,3,1969,Urban,Fair,Yes,852699,Nova Estates
374,1848,4,1,3,1977,Downtown,Poor,Yes,854700,BlueRiver Dev
375,3587,3,4,2,1921,Rural,Good,Yes,688751,Nova Estates
376,3339,1,4,1,2017,Rural,Poor,No,981767,Skyline Holdings
377,835,4,2,2,1905,Rural,Fair,Yes,514151,MetroConstruct
378,1395,3,3,3,1925,Rural,Fair,No,931779,Nova Estates
379,4046,1,1,2,1938,Urban,Excellent,Yes,240732,Oakfield Ltd
380,1351,5,2,1,1911,Downtown,Poor,Yes,246599,Skyline Holdings
381,2187,5,1,2,1998,Downtown,Fair,No,244451,Nova Estates
382,2431,5,4,3,1913,Downtown,Excellent,Yes,406686,BlueRiver Dev
383,4246,5,1,2,1921,Rural,Good,No,746631,Horizon Builders
384,2927,2,3,3,1950,Rural,Fair,No,378756,Stonegate
385,2068,4,4,3,1922,Downtown,Excellent,Yes,188307,Pioneer Homes
386,4500,4,4,2,1947,Downtown,Fair,Yes,138757,Oakfield Ltd
387,3238,2,2,3,1970,Rural,Poor,No,459633,Skyline Holdings
388,3998,3,3,3,2003,Rural,Excellent,No,934507,Nova Estates
389,4413,3,4,1,1949,Suburban,Poor,Yes,346753,Pioneer Homes
390,1566,5,3,1,1988,Suburban,Good,No,939217,Oakfield Ltd
391,4880,1,1,1,1912,Suburban,Poor,Yes,304200,Atlas Properties
392,2944,3,3,1,1984,Downtown,Excellent,No,597933,GreenBrick
393,4607,1,4,3,2004,Urban,Fair,Yes,506089,GreenBrick
394,3873,4,2,2,1909,Rural,Excellent,No,769918,Oakfield Ltd
395,4469,1,4,3,2016,Suburban,Poor,No,374377,GreenBrick
396,3046,4,3,3,1954,Urban,Poor,Yes,423587,Luna Developments
397,1253,2,3,3,2022,Rural,Fair,No,204473,MetroConstruct
398,2582,2,4,2,1908,Urban,Good,No,844203,Sunrise Group
399,3274,5,3,1,1978,Downtown,Excellent,No,517667,Pioneer Homes
400,3396,3,1,3,1951,Downtown,Fair,No,522650,Pioneer Homes
401,4685,5,4,3,1901,Downtown,Fair,No,510665,Nova Estates
402,1275,4,2,1,1924,Suburban,Fair,No,414745,EverHome
403,2125,5,4,3,1912,Rural,Excellent,No,535820,Sunrise Group
404,3569,1,1,2,1997,Downtown,Excellent,Yes,445158,MetroConstruct
405,917,4,1,3,1950,Suburban,Excellent,No,725748,GreenBrick
406,614,2,1,3,1957,Suburban,Good,No,961656,Stonegate
407,1116,3,1,1,1933,Suburban,Fair,Yes,657539,GreenBrick
408,4474,4,1,3,1934,Suburban,Poor,No,631330,Nova Estates
409,3767,4,2,3,2001,Downtown,Poor,No,890172,EverHome
410,1325,1,3,2,1902,Suburban,Fair,Yes,246945,Nova Estates
411,2016,3,1,1,2005,Downtown,Poor,No,621312,Skyline Holdings
412,3646,2,1,1,2019,Downtown,Good,No,728810,Luna Developments
413,912,4,4,2,1958,Suburban,Good,Yes,631253,Luna Developments
414,1228,4,2,3,1969,Downtown,Excellent,Yes,322201,UrbanCore
415,3848,1,2,1,2018,Rural,Excellent,No,798609,Horizon Builders
416,3308,5,3,1,1947,Rural,Excellent,No,845415,Sunrise Group
417,1175,2,2,3,1963,Urban,Excellent,Yes,442613,Skyline Holdings
418,3965,3,4,3,2012,Rural,Excellent,No,594283,GreenBrick
419,3004,4,4,1,1918,Downtown,Poor,Yes,164587,BlueRiver Dev
420,3467,4,3,3,1966,Downtown,Poor,Yes,283076,Pioneer Homes
421,3286,2,4,1,1981,Rural,Excellent,Yes,796988,Oakfield Ltd
422,1622,5,1,3,2002,Suburban,Good,No,520897,Oakfield Ltd
423,4579,4,1,3,1972,Suburban,Poor,Yes,88886,Nova Estates
424,2071,2,4,2,2015,Downtown,Good,Yes,401169,Sunrise Group
425,2643,1,3,3,1975,Suburban,Good,Yes,539788,Nova Estates
426,2187,5,2,2,1904,Urban,Fair,No,145149,UrbanCore
427,4632,3,3,3,1966,Urban,Fair,No,668308,Sunrise Group
428,4351,4,2,1,1910,Rural,Excellent,No,576961,Stonegate
429,3940,2,4,1,2020,Rural,Good,Yes,913945,GreenBrick
430,4266,1,4,3,1993,Suburban,Poor,No,73466,Nova Estates
431,2826,3,1,3,1967,Downtown,Fair,No,287626,Nova Estates
432,3414,2,2,1,1968,Rural,Fair,Yes,928977,Pioneer Homes
433,4452,2,3,3,1900,Urban,Good,Yes,559966,Horizon Builders
434,1095,3,4,2,1990,Rural,Fair,No,624694,Nova Estates
435,1228,1,3,2,1991,Rural,Fair,No,446904,Nova Estates
436,1865,1,1,2,1962,Urban,Poor,Yes,643572,BlueRiver Dev
437,4992,5,2,2,1928,Downtown,Good,No,810006,Nova Estates
438,1198,4,2,2,1981,Rural,Fair,Yes,951011,MetroConstruct
439,895,3,4,3,1911,Rural,Good,Yes,587953,BlueRiver Dev
440,4671,3,2,3,1976,Rural,Fair,No,594929,Nova Estates
441,4860,3,4,2,1940,Suburban,Poor,No,475716,Nova Estates
442,3002,1,1,3,1901,Rural,Good,No,610085,Atlas Properties
443,2319,4,2,3,1936,Urban,Fair,No,790126,GreenBrick
444,1217,5,4,2,1944,Downtown,Poor,Yes,358094,GreenBrick
445,3282,2,3,3,1979,Downtown,Fair,No,992550,Oakfield Ltd
446,4077,2,4,3,1947,Urban,Good,No,965986,Luna Developments
447,643,3,2,3,1923,Suburban,Fair,No,676627,Atlas Properties
448,3640,4,1,2,1998,Urban,Good,Yes,687719,Pioneer Homes
449,4991,1,2,3,1921,Downtown,Good,No,282275,GreenBrick
450,3438,4,2,1,1999,Urban,Fair,No,452854,Nova Estates
451,4136,4,4,1,1910,Suburban,Poor,Yes,857605,Oakfield Ltd
452,3722,1,3,2,2018,Downtown,Excellent,Yes,718582,UrbanCore
453,1667,3,2,1,1957,Suburban,Poor,Yes,231136,Sunrise Group
454,3116,4,3,2,1945,Urban,Poor,Yes,218082,EverHome
455,1562,2,4,1,1928,Rural,Fair,Yes,303301,Nova Estates
456,2656,1,3,1,1934,Urban,Poor,No,592383,Sunrise Group
457,3482,5,4,1,2011,Suburban,Poor,Yes,173554,Nova Estates
458,3794,3,1,2,2017,Urban,Excellent,Yes,444655,Sunrise Group
459,1656,1,3,2,1914,Rural,Poor,Yes,962046,Nova Estates
460,1232,5,3,3,1959,Suburban,Excellent,Yes,809277,Nova Estates
461,4830,5,1,2,1994,Urban,Fair,Yes,528766,Nova Estates
462,1453,4,3,1,1941,Suburban,Excellent,Yes,972879,Horizon Builders
463,3039,4,1,1,2004,Suburban,Good,Yes,663311,Pioneer Homes
464,3824,4,2,2,1942,Downtown,Good,Yes,681469,UrbanCore
465,3801,1,4,2,1979,Downtown,Excellent,No,272310,Cedar & Co
466,2042,1,1,2,1973,Suburban,Good,No,857032,GreenBrick
467,1691,3,3,3,1948,Urban,Fair,No,838898,Skyline Holdings
468,3493,4,1,1,1963,Urban,Good,Yes,830637,Stonegate
469,3181,5,3,3,1931,Urban,Excellent,Yes,549344,Skyline Holdings
470,1717,2,2,3,1963,Rural,Fair,Yes,750457,Cedar & Co
471,2040,3,1,1,2014,Suburban,Good,No,946366,Nova Estates
472,3736,1,2,1,1901,Suburban,Fair,Yes,627564,Cedar & Co
473,2886,3,4,2,1923,Rural,Excellent,Yes,493333,Nova Estates
474,4219,3,3,2,1986,Suburban,Good,Yes,490187,Stonegate
475,1888,3,3,3,1965,Suburban,Fair,No,319072,UrbanCore
476,2356,3,2,2,1937,Rural,Fair,No,891741,Atlas Properties
477,1865,2,4,2,1930,Downtown,Good,Yes,255719,Nova Estates
478,999,4,1,1,2014,Suburban,Fair,No,746248,UrbanCore
479,2180,5,1,1,2003,Rural,Fair,Yes,800385,Cedar & Co
480,1010,3,3,2,1925,Urban,Excellent,Yes,749192,UrbanCore
481,4812,3,2,1,1928,Downtown,Excellent,No,166196,Horizon Builders
482,1824,3,2,2,1966,Urban,Excellent,No,59404,BlueRiver Dev
483,1655,4,1,1,2021,Suburban,Excellent,No,476855,Sunrise Group
484,2327,1,4,1,1977,Downtown,Excellent,No,783478,Horizon Builders
485,3641,1,4,1,1924,Rural,Excellent,Yes,503814,UrbanCore
486,3986,2,1,1,1947,Suburban,Good,Yes,687475,EverHome
487,2310,1,1,2,1964,Rural,Excellent,No,946881,Nova Estates
488,3423,3,2,3,1952,Downtown,Fair,No,601972,Skyline Holdings
489,2714,3,4,1,1966,Urban,Good,Yes,642879,Luna Developments
490,4686,3,1,2,2017,Suburban,Fair,Yes,431965,Stonegate
491,1213,2,1,2,1989,Suburban,Excellent,Yes,783082,Sunrise Group
492,4102,3,3,1,1917,Rural,Excellent,Yes,314826,Horizon Builders
493,4634,1,1,3,1908,Downtown,Fair,No,161186,Skyline Holdings
494,4022,4,1,1,1937,Rural,Fair,No,817469,Nova Estates
495,4768,4,4,2,1986,Downtown,Fair,No,596120,Sunrise Group
496,1743,5,2,3,1920,Suburban,Poor,Yes,591285,GreenBrick
497,4209,1,4,2,2020,Downtown,Poor,Yes,346784,UrbanCore
498,1581,3,2,1,1964,Suburban,Poor,No,520098,Nova Estates
499,955,4,3,3,1920,Downtown,Poor,No,90491,Cedar & Co
500,1394,1,1,2,1926,Urban,Good,No,113043,Atlas Properties
501,1884,4,3,2,2005,Downtown,Excellent,Yes,948607,BlueRiver Dev
502,2458,3,2,2,2022,Urban,Fair,No,178568,UrbanCore
503,3572,4,4,1,1969,Downtown,Excellent,Yes,426394,Skyline Holdings
504,2496,5,4,3,2018,Downtown,Fair,No,647013,Oakfield Ltd
505,4785,5,3,1,1943,Rural,Excellent,No,178131,BlueRiver Dev
506,1004,4,2,1,1999,Rural,Good,No,95520,Nova Estates
507,1714,1,3,1,1927,Suburban,Poor,Yes,375063,EverHome
508,2031,1,3,3,1944,Rural,Excellent,Yes,684157,MetroConstruct
509,3940,1,1,1,1916,Downtown,Fair,Yes,638730,Luna Developments
510,1323,4,3,1,2022,Rural,Excellent,Yes,835313,Pioneer Homes
511,1428,1,1,1,1939,Downtown,Good,Yes,202842,Horizon Builders
512,633,3,1,1,2021,Urban,Good,Yes,417390,GreenBrick
513,2605,5,4,2,2015,Downtown,Excellent,No,752858,Luna Developments
514,4127,3,1,1,1902,Suburban,Poor,Yes,421831,Stonegate
515,2352,1,1,2,1975,Urban,Fair,No,572485,Nova Estates
516,4675,3,4,1,2002,Suburban,Good,Yes,697735,Nova Estates
517,3433,1,3,3,1975,Suburban,Good,No,635765,GreenBrick
518,3784,4,2,2,1965,Suburban,Excellent,No,574532,Oakfield Ltd
519,4798,3,2,2,2019,Rural,Good,Yes,915885,Atlas Properties
520,3311,4,2,2,1945,Suburban,Good,No,500953,Nova Estates
521,1750,4,3,2,1985,Urban,Fair,Yes,227561,Horizon Builders
522,4012,2,1,3,1986,Downtown,Poor,Yes,964394,GreenBrick
523,1756,1,2,1,1929,Suburban,Fair,Yes,907735,Cedar & Co
524,3876,5,3,2,1968,Urban,Poor,Yes,340534,MetroConstruct
525,3986,1,1,3,1908,Suburban,Fair,No,584535,MetroConstruct
526,4084,5,4,2,1984,Downtown,Excellent,Yes,250123,Sunrise Group
527,1896,1,2,1,1910,Urban,Good,No,765079,GreenBrick
528,4137,4,1,2,1968,Urban,Poor,No,477894,Skyline Holdings
529,3830,3,2,3,1998,Downtown,Excellent,No,531018,Nova Estates
530,3203,3,2,1,1990,Urban,Good,Yes,257358,Stonegate
531,970,2,2,3,2012,Downtown,Good,No,866015,Oakfield Ltd
532,1853,5,1,1,1965,Urban,Good,Yes,566456,Atlas Properties
533,3283,5,3,1,1987,Urban,Fair,No,189148,Atlas Properties
534,3331,5,1,1,1930,Downtown,Excellent,Yes,985510,UrbanCore
535,857,4,2,2,1932,Downtown,Excellent,Yes,196123,Pioneer Homes
536,3519,5,1,3,1938,Urban,Good,Yes,447530,Luna Developments
537,1167,3,4,3,1993,Urban,Poor,Yes,602958,MetroConstruct
538,4968,4,3,3,1945,Downtown,Excellent,No,543973,Skyline Holdings
539,1645,1,1,1,1936,Rural,Fair,No,961352,Sunrise Group
540,4685,5,4,2,2014,Downtown,Poor,Yes,60236,Nova Estates
541,4219,5,3,1,1991,Urban,Poor,No,85568,Luna Developments
542,3245,1,4,3,1959,Urban,Poor,Yes,681615,Horizon Builders
543,1039,5,3,2,1930,Urban,Poor,Yes,305745,Skyline Holdings
544,3279,1,1,2,1910,Downtown,Excellent,No,422332,BlueRiver Dev
545,4636,4,4,2,1986,Urban,Good,Yes,535119,Horizon Builders
546,4275,3,2,3,2020,Rural,Poor,Yes,328496,GreenBrick
547,3008,1,4,2,1901,Suburban,Fair,Yes,700009,Nova Estates
548,3279,2,3,2,2003,Rural,Fair,Yes,309291,BlueRiver Dev
549,1424,1,1,1,2004,Downtown,Good,Yes,488866,UrbanCore
550,3456,5,3,1,1926,Urban,Excellent,No,453562,Oakfield Ltd
551,2081,4,4,2,1998,Downtown,Good,No,730516,UrbanCore
552,3824,4,4,2,1901,Suburban,Poor,No,105904,MetroConstruct
553,4985,1,2,1,2002,Downtown,Excellent,Yes,981539,UrbanCore
554,755,3,1,1,2000,Urban,Excellent,Yes,958573,UrbanCore
555,2338,2,1,1,1920,Suburban,Poor,Yes,328252,Stonegate
556,2444,4,4,3,1957,Suburban,Fair,Yes,572247,GreenBrick
557,509,5,1,3,1904,Urban,Poor,Yes,839285,Nova Estates
558,3371,5,2,1,1951,Urban,Good,Yes,396300,Nova Estates
559,1297,3,3,2,1944,Urban,Poor,No,316320,Pioneer Homes
560,1515,4,1,1,1984,Downtown,Fair,Yes,674747,Horizon Builders
561,2324,1,4,3,1992,Rural,Poor,No,469136,BlueRiver Dev
562,4969,5,3,2,1919,Downtown,Good,Yes,235922,Skyline Holdings
563,3636,3,3,3,1960,Downtown,Good,No,187901,Nova Estates
564,2693,4,2,2,1937,Rural,Fair,Yes,173225,Nova Estates
565,723,4,4,3,1919,Urban,Good,No,543406,GreenBrick
566,4658,4,1,2,2013,Urban,Good,No,810135,UrbanCore
567,4425,4,4,2,1924,Rural,Poor,Yes,271738,GreenBrick
568,4500,4,3,2,1901,Rural,Excellent,Yes,954890,Sunrise Group
569,2133,5,4,2,2020,Downtown,Good,No,685181,EverHome
570,2652,3,1,3,1931,Suburban,Good,Yes,910359,GreenBrick
571,1010,4,1,3,1925,Rural,Fair,Yes,528076,UrbanCore
572,884,2,2,2,1969,Downtown,Fair,Yes,954610,Oakfield Ltd
573,904,2,1,2,1940,Suburban,Poor,No,292726,GreenBrick
574,2500,3,1,3,2020,Urban,Poor,Yes,352811,Horizon Builders
575,3256,1,4,2,1966,Urban,Good,No,771202,Stonegate
576,2168,1,4,2,1996,Downtown,Excellent,No,479059,Luna Developments
577,1960,1,3,2,1900,Downtown,Excellent,Yes,756168,Nova Estates
578,4136,2,2,1,1950,Rural,Poor,No,473759,EverHome
579,3224,1,4,2,1904,Urban,Fair,Yes,515996,Sunrise Group
580,4678,5,1,1,1912,Downtown,Good,Yes,56611,Skyline Holdings
581,2548,4,3,2,1918,Urban,Good,No,400386,Sunrise Group
582,4646,2,4,3,1911,Urban,Excellent,No,921044,Atlas Properties
583,1216,3,2,1,1947,Rural,Poor,No,883334,Sunrise Group
584,2323,3,2,1,1924,Suburban,Excellent,No,821812,GreenBrick
585,2581,4,3,2,1956,Rural,Excellent,No,345187,Horizon Builders
586,3919,2,3,2,2014,Downtown,Poor,Yes,186343,Skyline Holdings
587,2074,1,3,1,1934,Rural,Fair,No,909299,Nova Estates
588,749,1,3,3,1975,Rural,Good,Yes,389233,Nova Estates
589,1173,5,3,3,1993,Urban,Fair,Yes,895177,Nova Estates
590,2665,5,1,2,1904,Rural,Poor,No,540092,Nova Estates
591,1270,1,1,3,1997,Downtown,Poor,No,240191,Nova Estates
592,4462,3,4,3,1921,Suburban,Good,No,716933,Horizon Builders
593,4863,3,2,2,2002,Rural,Fair,No,726769,Nova Estates
594,2484,5,1,3,1976,Rural,Good,No,922402,GreenBrick
595,1577,4,1,2,1956,Suburban,Excellent,Yes,336608,Stonegate
596,735,1,1,1,1946,Downtown,Excellent,Yes,299220,Sunrise Group
597,888,5,4,2,1953,Downtown,Excellent,Yes,486056,BlueRiver Dev
598,3537,5,3,1,1902,Rural,Fair,No,692811,Nova Estates
599,2348,1,4,1,2023,Urban,Excellent,No,594950,Nova Estates
600,3314,1,2,3,1952,Rural,Good,Yes,854660,Nova Estates
601,3874,3,2,3,1983,Suburban,Fair,No,635009,Nova Estates
602,3778,4,2,3,1930,Suburban,Good,No,712746,Skyline Holdings
603,1752,4,2,2,1968,Suburban,Poor,No,843294,Nova Estates
604,4481,1,1,3,1987,Rural,Fair,Yes,614396,Nova Estates
605,2622,2,1,1,2003,Rural,Good,No,141788,Nova Estates
606,2650,5,4,3,2017,Downtown,Good,Yes,518239,Sunrise Group
607,1829,5,3,3,1932,Urban,Fair,No,294437,Skyline Holdings
608,1858,1,2,2,1971,Rural,Poor,No,811299,GreenBrick
609,2982,2,4,2,1987,Downtown,Fair,Yes,916572,Sunrise Group
610,2517,3,1,1,1949,Rural,Excellent,No,732561,BlueRiver Dev
611,1831,1,1,2,1983,Downtown,Excellent,No,905010,Nova Estates
612,4844,1,3,3,2023,Downtown,Poor,No,99966,Oakfield Ltd
613,4761,5,3,2,1915,Urban,Good,Yes,235846,Horizon Builders
614,1858,1,3,1,2013,Rural,Good,No,322530,Nova Estates
615,3677,1,4,3,2015,Downtown,Good,No,651516,Stonegate
616,2628,1,1,1,1975,Suburban,Fair,No,196297,EverHome
617,2680,5,1,2,1976,Suburban,Fair,No,459909,Nova Estates
618,637,3,3,2,2008,Suburban,Poor,No,384341,Skyline Holdings
619,3972,3,2,1,2005,Urban,Excellent,Yes,93021,Oakfield Ltd
620,3332,1,3,3,1938,Downtown,Good,Yes,431059,Pioneer Homes
621,4079,5,4,2,1988,Urban,Excellent,No,199333,Nova Estates
622,3531,3,3,2,1945,Rural,Fair,No,470594,Skyline Holdings
623,4664,3,3,3,1995,Rural,Fair,Yes,953606,GreenBrick
624,3093,3,4,2,1987,Downtown,Fair,No,826934,Sunrise Group
625,4800,5,3,1,2011,Suburban,Excellent,No,136755,Horizon Builders
626,4318,5,1,2,1946,Downtown,Poor,No,979441,GreenBrick
627,4638,1,2,2,1943,Downtown,Poor,No,116330,Sunrise Group
628,4323,4,3,3,1908,Downtown,Fair,No,752726,Pioneer Homes
629,4542,3,4,1,2003,Urban,Good,No,908754,Nova Estates
630,2406,4,2,3,2013,Rural,Excellent,No,938750,Skyline Holdings
631,1260,5,4,2,1986,Downtown,Fair,No,619601,BlueRiver Dev
632,3945,5,2,2,1949,Downtown,Excellent,Yes,284729,Stonegate
633,1399,5,2,3,1976,Downtown,Excellent,Yes,807071,UrbanCore
634,4955,4,3,3,1959,Urban,Poor,No,339176,UrbanCore
635,3447,5,1,3,2022,Urban,Fair,No,535179,Nova Estates
636,2219,1,3,1,1995,Urban,Poor,No,198430,Sunrise Group
637,780,5,4,2,2013,Downtown,Fair,No,898142,UrbanCore
638,3766,2,4,3,1914,Suburban,Excellent,Yes,407470,Skyline Holdings
639,2387,4,2,2,1935,Suburban,Poor,Yes,398301,Skyline Holdings
640,3766,2,2,1,2012,Suburban,Excellent,Yes,492037,GreenBrick
641,1166,5,1,1,1962,Rural,Fair,Yes,78365,Nova Estates
642,4688,1,3,1,1968,Downtown,Good,No,325333,GreenBrick
643,1171,3,4,1,1985,Suburban,Poor,No,519965,Skyline Holdings
644,2469,5,2,2,1979,Suburban,Poor,No,581536,GreenBrick
645,4656,1,1,1,1940,Suburban,Excellent,Yes,54369,Nova Estates
646,3622,4,4,1,1973,Downtown,Excellent,No,506979,Stonegate
647,4400,2,2,3,1923,Suburban,Good,No,975554,Horizon Builders
648,1023,2,4,1,1981,Suburban,Poor,Yes,865037,BlueRiver Dev
649,2893,2,1,3,1948,Downtown,Fair,Yes,886048,Oakfield Ltd
650,3617,4,1,1,1917,Rural,Fair,Yes,497695,Sunrise Group
651,3093,1,4,1,1906,Urban,Poor,Yes,415863,Nova Estates
652,2468,4,3,3,1903,Suburban,Poor,Yes,221955,UrbanCore
653,2253,2,4,1,1989,Urban,Poor,No,607343,UrbanCore
654,2796,5,2,2,1968,Rural,Good,No,774091,Pioneer Homes
655,2761,3,3,2,1959,Rural,Fair,Yes,428824,Sunrise Group
656,2786,4,2,1,1954,Suburban,Fair,No,319594,Nova Estates
657,4702,4,4,2,1915,Downtown,Excellent,No,183997,Skyline Holdings
658,3378,1,3,3,1998,Rural,Excellent,No,523267,GreenBrick
659,4643,1,2,1,1989,Urban,Poor,No,100272,Horizon Builders
660,4144,4,4,1,1981,Urban,Excellent,Yes,55310,UrbanCore
661,4932,2,4,3,1928,Urban,Good,No,81817,GreenBrick
662,2555,3,3,3,1922,Urban,Fair,No,558350,Atlas Properties
663,1776,1,4,3,2016,Rural,Fair,No,536160,Horizon Builders
664,3266,2,1,1,1913,Suburban,Excellent,Yes,487744,Skyline Holdings
665,802,5,2,3,1978,Suburban,Poor,No,790176,Nova Estates
666,1138,1,2,3,1948,Urban,Excellent,Yes,132641,Nova Estates
667,555,2,4,2,1932,Suburban,Poor,Yes,789443,Skyline Holdings
668,1025,2,4,2,1924,Urban,Good,Yes,781670,Nova Estates
669,4623,3,1,1,1920,Urban,Fair,Yes,589745,Nova Estates
670,2625,3,3,2,1916,Downtown,Good,No,92311,Skyline Holdings
671,3787,5,4,2,1922,Rural,Fair,Yes,971484,Nova Estates
672,864,2,4,3,1956,Rural,Good,Yes,201958,Stonegate
673,2146,2,4,3,2006,Urban,Excellent,Yes,520328,Nova Estates
674,1418,3,4,2,1980,Rural,Good,Yes,494093,UrbanCore
675,3297,1,2,2,1957,Suburban,Good,Yes,697861,GreenBrick
676,2031,1,4,2,1913,Urban,Excellent,No,409571,Atlas Properties
677,3845,4,2,1,1992,Downtown,Fair,Yes,872613,Nova Estates
678,2406,3,4,1,1919,Suburban,Fair,No,214334,GreenBrick
679,3586,4,3,1,1929,Downtown,Excellent,No,968451,Cedar & Co
680,2575,3,1,2,1918,Downtown,Good,Yes,443238,Stonegate
681,1213,5,3,2,1952,Rural,Good,No,837560,Oakfield Ltd
682,1562,2,4,1,2002,Rural,Good,No,653810,Skyline Holdings
683,2476,5,4,1,1955,Urban,Poor,No,213394,Nova Estates
684,1796,3,4,2,1976,Rural,Fair,Yes,98929,BlueRiver Dev
685,625,2,3,3,1981,Downtown,Good,Yes,655984,EverHome
686,4096,1,4,1,1922,Downtown,Fair,Yes,427389,UrbanCore
687,3783,1,3,2,1961,Suburban,Good,Yes,846240,UrbanCore
688,2103,4,2,2,2009,Downtown,Excellent,Yes,669436,Skyline Holdings
689,566,3,1,3,1932,Urban,Excellent,Yes,496098,Pioneer Homes
690,732,3,1,2,2002,Urban,Fair,Yes,858157,Nova Estates
691,2656,1,3,2,2003,Rural,Fair,No,384678,GreenBrick
692,1669,5,2,1,1917,Rural,Excellent,No,352094,Sunrise Group
693,2658,2,3,1,1972,Rural,Poor,Yes,794314,Sunrise Group
694,4706,5,2,3,1932,Urban,Excellent,No,133576,Skyline Holdings
695,1993,5,4,3,1931,Downtown,Good,Yes,70557,Nova Estates
696,4507,1,2,2,1960,Rural,Poor,Yes,596113,Horizon Builders
697,2972,1,2,1,1953,Suburban,Excellent,Yes,321142,Skyline Holdings
698,3160,1,2,3,1916,Rural,Poor,No,86080,UrbanCore
699,3239,4,1,3,1918,Urban,Poor,Yes,833103,Nova Estates
700,2261,5,2,3,1990,Rural,Poor,Yes,238869,Sunrise Group
701,4014,3,4,2,1969,Downtown,Fair,Yes,721162,UrbanCore
702,2475,2,4,1,1998,Rural,Excellent,Yes,978671,Nova Estates
703,2862,4,4,3,2019,Urban,Fair,No,543844,GreenBrick
704,1376,3,2,1,2000,Urban,Fair,Yes,616695,Nova Estates
705,4312,5,3,3,1933,Suburban,Good,No,170283,Nova Estates
706,3948,1,3,3,1983,Urban,Good,No,63338,Atlas Properties
707,1812,5,4,1,1924,Suburban,Poor,Yes,650577,GreenBrick
708,1960,2,1,1,1967,Downtown,Poor,Yes,514736,Oakfield Ltd
709,3209,4,3,1,1973,Urban,Good,No,724255,Skyline Holdings
710,2824,4,2,2,1973,Rural,Good,No,228982,BlueRiver Dev
711,2233,2,3,3,1987,Downtown,Excellent,No,967461,Pioneer Homes
712,2105,3,4,2,1984,Rural,Poor,No,159367,Horizon Builders
713,3063,3,1,1,1910,Rural,Poor,Yes,378042,Sunrise Group
714,3921,4,3,3,1990,Rural,Good,No,970958,GreenBrick
715,4017,4,3,2,1915,Downtown,Excellent,No,691774,GreenBrick
716,2897,1,4,3,1989,Downtown,Good,No,398684,EverHome
717,4235,3,1,2,1960,Urban,Good,No,544775,MetroConstruct
718,3370,2,1,1,1993,Rural,Fair,Yes,788497,Cedar & Co
719,1660,3,4,2,2012,Suburban,Poor,Yes,493853,Nova Estates
720,742,1,2,3,1979,Urban,Excellent,Yes,830343,Pioneer Homes
721,3090,4,3,3,1906,Downtown,Fair,No,710709,Luna Developments
722,1563,4,2,3,1915,Suburban,Poor,No,961848,Nova Estates
723,4824,1,3,3,1998,Downtown,Good,Yes,876395,Nova Estates
724,3095,2,3,1,2021,Suburban,Excellent,Yes,450966,Pioneer Homes
725,1419,4,2,2,1915,Urban,Poor,No,407073,UrbanCore
726,505,5,4,1,1939,Suburban,Good,Yes,727823,MetroConstruct
727,967,4,4,1,1911,Urban,Fair,No,649223,Nova Estates
728,4670,5,3,1,1934,Downtown,Excellent,No,764152,Oakfield Ltd
729,503,1,4,3,2012,Suburban,Poor,No,850118,Skyline Holdings
730,1145,1,3,3,1920,Rural,Fair,No,549555,Nova Estates
731,617,4,4,3,1949,Rural,Good,No,113528,Nova Estates
732,3428,3,3,2,1942,Downtown,Good,No,674099,Oakfield Ltd
733,3051,5,4,3,1999,Suburban,Poor,Yes,558907,BlueRiver Dev
734,4789,2,1,2,2011,Rural,Good,Yes,334931,UrbanCore
735,1346,4,2,3,1916,Urban,Excellent,Yes,982280,GreenBrick
736,3262,2,1,3,1931,Suburban,Poor,No,427757,Stonegate
737,1641,4,2,1,1940,Suburban,Fair,Yes,762787,GreenBrick
738,2310,3,2,1,1905,Rural,Poor,No,834429,Oakfield Ltd
739,1223,3,3,1,1987,Urban,Poor,No,154887,Sunrise Group
740,724,3,2,2,1926,Urban,Fair,No,111086,GreenBrick
741,4708,3,1,2,1919,Urban,Good,No,938663,Sunrise Group
742,2548,1,1,3,1924,Suburban,Fair,Yes,305494,Skyline Holdings
743,4915,1,4,2,1965,Downtown,Excellent,Yes,558889,Pioneer Homes
744,2073,5,1,3,1908,Suburban,Good,Yes,637596,Sunrise Group
745,2328,2,4,2,1991,Suburban,Poor,No,327941,Skyline Holdings
746,2417,4,2,2,1952,Rural,Good,Yes,317446,Stonegate
747,4734,4,1,2,1960,Downtown,Good,Yes,506388,GreenBrick
748,2526,1,2,1,1937,Urban,Excellent,Yes,612347,UrbanCore
749,4244,4,1,2,1902,Rural,Good,No,181980,EverHome
750,1401,1,1,1,1983,Suburban,Good,Yes,765612,Horizon Builders
751,2539,5,4,1,1969,Downtown,Good,No,523875,Nova Estates
752,509,2,2,2,2002,Urban,Poor,Yes,193949,Luna Developments
753,760,5,1,3,1996,Urban,Good,No,326383,Horizon Builders
754,2173,3,3,3,1954,Suburban,Fair,Yes,77313,GreenBrick
755,2719,3,2,3,1900,Urban,Good,Yes,92103,Nova Estates
756,2560,3,2,2,2000,Urban,Excellent,Yes,229480,Oakfield Ltd
757,4213,5,2,3,1969,Downtown,Good,No,526467,Horizon Builders
758,2119,4,4,1,1944,Rural,Good,Yes,138771,UrbanCore
759,820,2,3,3,1997,Downtown,Poor,Yes,176228,Stonegate
760,1842,3,2,2,1946,Rural,Fair,No,141665,Oakfield Ltd
761,2876,3,1,3,1978,Rural,Good,No,846966,Nova Estates
762,3332,3,1,1,2008,Rural,Fair,No,879492,Skyline Holdings
763,3324,2,4,2,1925,Urban,Excellent,No,853621,Skyline Holdings
764,2494,3,1,3,2020,Downtown,Poor,Yes,964863,Pioneer Homes
765,3458,2,2,2,1913,Urban,Fair,Yes,660355,Nova Estates
766,2538,3,1,2,2021,Suburban,Poor,No,847399,UrbanCore
767,3990,5,2,2,1953,Downtown,Good,Yes,787351,Pioneer Homes
768,4177,5,1,3,1970,Rural,Excellent,No,901995,Stonegate
769,1618,2,3,2,1945,Urban,Poor,Yes,320804,GreenBrick
770,2104,5,4,3,2021,Urban,Good,No,430815,MetroConstruct
771,4527,2,4,1,1930,Downtown,Fair,Yes,534091,Nova Estates
772,735,5,3,3,1987,Downtown,Excellent,No,179909,MetroConstruct
773,2469,5,3,1,1958,Rural,Excellent,No,483039,Nova Estates
774,4929,2,4,3,1994,Rural,Fair,Yes,499058,GreenBrick
775,2408,4,3,2,1928,Suburban,Fair,Yes,190688,Oakfield Ltd
776,875,5,2,3,2005,Rural,Excellent,Yes,125976,Nova Estates
777,4030,3,1,2,1995,Urban,Poor,No,807496,Skyline Holdings
778,3135,4,4,1,1916,Suburban,Excellent,Yes,229810,Pioneer Homes
779,2070,2,3,3,1913,Suburban,Fair,No,325251,Pioneer Homes
780,3060,4,2,2,2003,Suburban,Poor,Yes,766764,Horizon Builders
781,3891,1,4,1,1935,Downtown,Good,Yes,668470,BlueRiver Dev
782,3465,1,3,1,1957,Rural,Excellent,No,817441,UrbanCore
783,4143,5,4,3,2011,Suburban,Fair,No,928219,Skyline Holdings
784,4350,5,3,1,1923,Downtown,Good,Yes,852386,GreenBrick
785,1372,3,4,2,2008,Downtown,Excellent,No,329087,Nova Estates
786,1752,4,2,1,1962,Suburban,Excellent,No,90725,EverHome
787,1814,1,2,1,2017,Suburban,Poor,Yes,881866,UrbanCore
788,3398,5,1,2,1990,Urban,Fair,No,922183,GreenBrick
789,577,4,4,1,1924,Suburban,Good,Yes,584398,Sunrise Group
790,3121,5,1,1,1958,Urban,Excellent,Yes,548864,Luna Developments
791,4727,5,4,1,1931,Suburban,Poor,No,328606,Nova Estates
792,1100,1,3,1,2015,Suburban,Good,Yes,391376,UrbanCore
793,1565,1,3,2,1981,Rural,Good,No,759441,Sunrise Group
794,2636,5,1,1,2009,Suburban,Excellent,Yes,496015,Horizon Builders
795,2949,2,4,2,1917,Suburban,Good,No,640855,Nova Estates
796,2843,5,1,1,1936,Urban,Excellent,No,532517,Stonegate
797,2363,5,2,1,1925,Urban,Poor,No,756584,Luna Developments
798,1818,3,1,1,1908,Rural,Poor,No,439569,UrbanCore
799,4097,3,1,1,2023,Suburban,Good,No,892495,BlueRiver Dev
800,4262,3,3,2,1998,Suburban,Excellent,Yes,163394,EverHome
801,2690,2,1,2,1963,Urban,Fair,Yes,891672,BlueRiver Dev
802,1492,2,4,2,1971,Downtown,Poor,No,917784,Nova Estates
803,3212,5,3,3,1919,Downtown,Excellent,Yes,198940,UrbanCore
804,2692,3,1,1,1953,Downtown,Excellent,No,393133,Horizon Builders
805,1748,2,2,1,2005,Urban,Excellent,No,72222,Sunrise Group
806,3554,1,1,2,1985,Urban,Good,Yes,129794,Pioneer Homes
807,4533,5,1,3,1982,Downtown,Fair,Yes,638212,Luna Developments
808,2497,4,1,1,1929,Downtown,Good,No,674142,EverHome
809,4187,5,3,2,1952,Suburban,Poor,No,914945,Sunrise Group
810,2651,4,4,1,1991,Urban,Good,No,834326,Nova Estates
811,4518,3,2,1,1998,Urban,Excellent,No,891081,Atlas Properties
812,3610,4,1,2,2006,Downtown,Good,No,415130,MetroConstruct
813,2470,3,4,2,1962,Downtown,Excellent,No,818103,Nova Estates
814,697,1,4,1,1910,Rural,Fair,Yes,920181,EverHome
815,3126,4,3,1,1930,Urban,Good,No,283127,Stonegate
816,1702,5,2,2,1948,Rural,Good,No,554434,UrbanCore
817,2535,3,3,1,2011,Suburban,Good,Yes,191295,Horizon Builders
818,977,5,4,1,2002,Rural,Excellent,No,229238,GreenBrick
819,1754,2,4,2,1999,Downtown,Excellent,No,89369,Nova Estates
820,1422,3,4,1,1993,Urban,Good,Yes,922811,GreenBrick
821,919,4,3,1,1986,Urban,Good,No,905824,Oakfield Ltd
822,2704,3,2,3,1918,Rural,Fair,Yes,849093,Nova Estates
823,3097,5,1,2,1911,Rural,Fair,No,720951,GreenBrick
824,1620,1,3,3,1914,Suburban,Poor,Yes,383862,GreenBrick
825,3568,3,4,3,1930,Suburban,Fair,Yes,760595,UrbanCore
826,1450,4,3,3,1942,Downtown,Fair,Yes,320114,EverHome
827,2836,2,4,1,2000,Downtown,Fair,No,97922,GreenBrick
828,2743,1,1,1,1936,Downtown,Excellent,No,543614,GreenBrick
829,3145,2,1,3,1978,Rural,Fair,Yes,867187,Pioneer Homes
830,2357,3,2,3,1928,Rural,Fair,Yes,695214,Sunrise Group
831,2365,5,4,3,2013,Urban,Good,No,69416,Skyline Holdings
832,3412,5,2,1,2006,Downtown,Excellent,No,63672,Sunrise Group
833,3353,4,2,3,1925,Rural,Poor,No,526684,Nova Estates
834,3728,5,1,3,2007,Urban,Poor,No,178145,Nova Estates
835,4219,1,3,2,1901,Downtown,Fair,No,752356,Sunrise Group
836,3728,5,3,2,1983,Suburban,Poor,Yes,910527,GreenBrick
837,2871,4,2,1,1914,Suburban,Poor,No,50064,EverHome
838,3391,3,1,2,2015,Rural,Poor,Yes,118835,GreenBrick
839,4256,3,4,2,1903,Urban,Fair,No,251457,UrbanCore
840,4725,5,3,2,1985,Suburban,Poor,Yes,973143,Horizon Builders
841,594,2,2,1,1949,Urban,Fair,Yes,297795,Nova Estates
842,3174,3,3,2,1937,Urban,Good,No,454271,BlueRiver Dev
843,2455,5,3,1,1922,Suburban,Good,Yes,399738,Nova Estates
844,1293,4,4,3,1958,Urban,Poor,Yes,996931,Cedar & Co
845,2334,5,1,2,1989,Suburban,Good,Yes,691204,Nova Estates
846,2616,3,4,1,2014,Rural,Fair,Yes,956740,GreenBrick
847,4606,4,1,2,1974,Downtown,Good,No,918948,Nova Estates
848,3825,5,3,3,1927,Downtown,Poor,Yes,901098,Atlas Properties
849,3419,1,2,1,2019,Rural,Fair,No,245346,Sunrise Group
850,3097,4,4,1,1965,Suburban,Excellent,Yes,954726,Horizon Builders
851,3705,1,1,1,2022,Suburban,Fair,No,323010,Nova Estates
852,1314,2,3,3,1907,Suburban,Good,No,53889,Pioneer Homes
853,845,4,1,3,1928,Suburban,Excellent,No,168194,Skyline Holdings
854,2849,1,1,3,1910,Rural,Fair,Yes,174714,Stonegate
855,862,3,1,1,2000,Downtown,Excellent,No,605623,Skyline Holdings
856,2943,3,3,3,1917,Urban,Excellent,No,100547,Nova Estates
857,2765,2,2,2,1954,Urban,Excellent,Yes,207234,Nova Estates
858,2688,4,2,3,1949,Downtown,Fair,No,794809,Sunrise Group
859,3505,4,2,1,1913,Rural,Good,Yes,730047,UrbanCore
860,3781,4,1,2,2017,Urban,Fair,Yes,935188,Nova Estates
861,1484,2,3,3,1973,Downtown,Good,No,323139,Oakfield Ltd
862,2139,4,1,2,1998,Rural,Fair,Yes,499704,Sunrise Group
863,1327,3,2,2,1908,Urban,Fair,Yes,52631,UrbanCore
864,3230,1,2,1,1998,Suburban,Fair,Yes,187039,Sunrise Group
865,4031,3,3,2,1910,Suburban,Good,No,924726,GreenBrick
866,4951,3,1,2,1962,Rural,Fair,Yes,399422,UrbanCore
867,3435,1,4,1,2007,Suburban,Excellent,Yes,638759,Nova Estates
868,4376,3,4,1,1975,Rural,Fair,Yes,349260,Nova Estates
869,626,2,2,1,1966,Downtown,Excellent,No,928548,Stonegate
870,3677,1,3,2,1952,Downtown,Poor,Yes,477443,Luna Developments
871,3556,3,1,2,1938,Urban,Poor,No,707302,GreenBrick
872,1103,5,1,2,1977,Rural,Good,Yes,621952,Skyline Holdings
873,3949,3,2,1,1955,Urban,Good,No,733429,Horizon Builders
874,4646,2,2,3,1927,Urban,Poor,No,137342,GreenBrick
875,4033,4,1,2,1974,Downtown,Fair,No,64407,Nova Estates
876,3867,3,1,3,1938,Urban,Fair,Yes,163926,Nova Estates
877,3868,4,2,1,1924,Suburban,Fair,Yes,371345,BlueRiver Dev
878,4297,5,1,2,1920,Urban,Poor,Yes,916525,Horizon Builders
879,2292,3,4,3,1909,Rural,Excellent,No,497564,Nova Estates
880,3361,1,2,2,1942,Suburban,Good,Yes,787341,Skyline Holdings
881,3976,4,1,2,1914,Downtown,Excellent,Yes,592166,Skyline Holdings
882,3917,5,2,2,1982,Rural,Poor,No,133100,BlueRiver Dev
883,2145,1,3,3,1947,Suburban,Excellent,Yes,915061,Nova Estates
884,1705,1,2,1,1985,Rural,Fair,Yes,498636,Nova Estates
885,3530,1,2,2,1920,Suburban,Fair,No,544308,Oakfield Ltd
886,3372,1,3,1,1959,Rural,Excellent,No,273059,Nova Estates
887,3572,3,4,1,2015,Rural,Poor,Yes,617456,Horizon Builders
888,2354,3,1,3,2007,Suburban,Excellent,No,300396,Skyline Holdings
889,4521,3,3,3,1995,Downtown,Fair,Yes,824769,Nova Estates
890,3208,5,2,1,1949,Downtown,Fair,Yes,367006,Skyline Holdings
891,4002,5,1,2,1922,Rural,Poor,Yes,78004,Pioneer Homes
892,1832,5,3,3,1912,Rural,Excellent,Yes,856903,MetroConstruct
893,701,2,1,2,1968,Downtown,Fair,Yes,574252,MetroConstruct
894,4007,5,1,2,1903,Downtown,Fair,No,666108,GreenBrick
895,4712,3,3,2,1991,Urban,Excellent,No,241239,BlueRiver Dev
896,1074,3,1,1,1977,Downtown,Excellent,Yes,676517,Skyline Holdings
897,1036,2,4,2,1971,Rural,Good,No,527044,Skyline Holdings
898,2125,2,3,1,1908,Suburban,Poor,No,901740,Stonegate
899,2622,5,4,1,2020,Downtown,Poor,Yes,396113,Nova Estates
900,885,4,2,2,2014,Urban,Excellent,No,64568,Nova Estates
901,3781,2,1,2,1934,Urban,Poor,No,583754,Skyline Holdings
902,974,1,2,2,2000,Urban,Fair,Yes,272129,Nova Estates
903,917,3,2,2,1920,Suburban,Excellent,Yes,631612,Nova Estates
904,4100,1,1,1,1957,Downtown,Excellent,Yes,938640,UrbanCore
905,1454,3,3,2,1917,Downtown,Excellent,Yes,196539,Sunrise Group
906,1705,3,1,2,1996,Downtown,Good,Yes,650243,Stonegate
907,4620,2,2,1,1971,Suburban,Poor,Yes,197748,Oakfield Ltd
908,2490,2,2,3,2014,Suburban,Good,Yes,144791,GreenBrick
909,4072,1,3,3,2012,Rural,Fair,No,736874,Skyline Holdings
910,4880,3,1,1,1980,Urban,Poor,Yes,945150,GreenBrick
911,4658,1,2,3,1942,Urban,Good,No,596938,Horizon Builders
912,3213,4,4,1,1994,Downtown,Excellent,No,400434,Skyline Holdings
913,2703,1,2,2,1997,Suburban,Good,Yes,127701,Horizon Builders
914,3620,5,2,2,1905,Suburban,Excellent,No,847115,GreenBrick
915,1466,1,3,3,1985,Downtown,Good,No,279164,UrbanCore
916,3932,5,4,2,1977,Downtown,Good,No,503035,Sunrise Group
917,1188,5,2,3,1966,Rural,Good,Yes,655266,Skyline Holdings
918,4743,5,2,3,1911,Urban,Excellent,No,579148,Luna Developments
919,4201,4,4,2,1999,Urban,Good,No,709089,Pioneer Homes
920,841,1,1,2,1911,Urban,Poor,Yes,605639,Nova Estates
921,2224,1,1,3,2008,Rural,Poor,No,555920,Stonegate
922,4922,4,2,2,1965,Downtown,Poor,No,374888,Sunrise Group
923,2292,3,2,1,1901,Downtown,Excellent,No,729706,Stonegate
924,2259,2,1,2,1914,Urban,Excellent,No,956630,Oakfield Ltd
925,3712,1,3,2,1922,Urban,Poor,No,910587,Sunrise Group
926,1489,2,4,1,1928,Rural,Poor,Yes,171449,Nova Estates
927,2762,4,4,2,1980,Suburban,Poor,No,650988,Skyline Holdings
928,2982,3,3,2,1995,Suburban,Fair,Yes,809774,UrbanCore
929,1451,3,3,3,1906,Urban,Poor,No,843387,Horizon Builders
930,1222,3,3,2,1993,Rural,Good,Yes,307571,Skyline Holdings
931,3889,4,3,2,1927,Urban,Fair,Yes,513506,Nova Estates
932,2579,5,3,1,1913,Suburban,Fair,Yes,487509,MetroConstruct
933,3217,5,3,3,1943,Urban,Excellent,No,766696,Atlas Properties
934,2832,2,4,3,1929,Suburban,Good,No,858094,UrbanCore
935,3876,5,3,3,1980,Suburban,Excellent,No,580696,Nova Estates
936,2000,5,1,2,1931,Suburban,Excellent,No,745763,Skyline Holdings
937,785,3,3,3,2009,Downtown,Good,No,313369,Nova Estates
938,3995,3,3,1,1969,Downtown,Excellent,Yes,979700,EverHome
939,2565,2,4,3,2014,Urban,Good,Yes,513002,Nova Estates
940,1268,1,4,1,1987,Suburban,Good,Yes,196444,UrbanCore
941,3557,2,3,3,1905,Downtown,Excellent,No,831608,Skyline Holdings
942,4789,2,4,3,1926,Urban,Poor,No,591567,UrbanCore
943,2661,4,2,1,1981,Urban,Excellent,Yes,160401,Horizon Builders
944,3793,4,4,3,1987,Urban,Fair,No,276801,MetroConstruct
945,1446,2,4,3,2000,Urban,Excellent,No,821668,Skyline Holdings
946,3835,2,4,3,2019,Urban,Good,Yes,553575,Nova Estates
947,4650,2,4,2,1923,Rural,Fair,Yes,928836,Nova Estates
948,1981,5,1,1,2001,Suburban,Good,No,219259,EverHome
949,2401,4,1,3,1933,Urban,Poor,No,297145,Stonegate
950,3951,2,1,1,1939,Rural,Poor,Yes,360625,Horizon Builders
951,4564,3,3,1,1946,Suburban,Fair,No,733835,Horizon Builders
952,554,3,3,1,1978,Downtown,Poor,Yes,94552,BlueRiver Dev
953,2323,5,2,3,1974,Urban,Poor,Yes,249041,Nova Estates
954,3962,5,1,3,1985,Rural,Excellent,Yes,257606,EverHome
955,3579,1,3,1,2017,Downtown,Excellent,No,804965,GreenBrick
956,1332,1,4,2,1923,Rural,Poor,Yes,836157,GreenBrick
957,4908,1,4,1,1964,Suburban,Poor,Yes,450074,UrbanCore
958,3306,5,1,2,1917,Suburban,Excellent,No,779846,Nova Estates
959,2990,5,2,1,1943,Downtown,Poor,Yes,124474,Nova Estates
960,827,5,2,1,1975,Rural,Poor,No,337312,Pioneer Homes
961,3810,3,4,1,1956,Urban,Good,No,606387,Nova Estates
962,3800,5,2,3,2006,Urban,Poor,No,252252,Horizon Builders
963,4175,3,1,2,1927,Downtown,Fair,Yes,814742,Skyline Holdings
964,3554,1,4,2,2003,Downtown,Good,Yes,373599,GreenBrick
965,2643,1,3,1,2023,Downtown,Fair,No,628528,Skyline Holdings
966,1811,1,3,3,1970,Rural,Poor,No,386940,GreenBrick
967,3691,2,2,3,1922,Urban,Excellent,No,891024,BlueRiver Dev
968,3038,2,4,2,1984,Urban,Good,Yes,835034,Skyline Holdings
969,4483,4,4,3,1933,Urban,Excellent,No,434325,UrbanCore
970,664,4,3,2,1910,Downtown,Good,No,302051,Sunrise Group
971,4777,4,4,2,1985,Urban,Excellent,No,151611,BlueRiver Dev
972,1322,2,4,2,2005,Suburban,Good,Yes,632334,Luna Developments
973,1443,2,4,3,1934,Downtown,Good,No,824756,Pioneer Homes
974,4925,4,2,2,2015,Urban,Fair,Yes,66488,Skyline Holdings
975,1274,4,4,2,1992,Rural,Excellent,Yes,239913,Nova Estates
976,2698,5,1,1,1941,Downtown,Fair,No,430665,Skyline Holdings
977,3656,4,2,2,1927,Suburban,Fair,No,967899,Horizon Builders
978,4742,5,4,2,2022,Suburban,Excellent,No,758029,Nova Estates
979,4195,3,4,1,1981,Rural,Good,Yes,716205,Sunrise Group
980,3952,2,1,1,1977,Rural,Fair,Yes,741419,Horizon Builders
981,1414,4,2,3,1981,Downtown,Excellent,Yes,68394,GreenBrick
982,1808,2,3,2,1991,Downtown,Good,No,930425,Oakfield Ltd
983,4677,2,3,3,1923,Suburban,Fair,Yes,226978,Nova Estates
984,1013,2,2,3,1907,Rural,Fair,No,109332,Nova Estates
985,2420,3,4,1,2005,Downtown,Fair,No,218377,Pioneer Homes
986,4094,1,4,3,2017,Suburban,Good,No,92628,Sunrise Group
987,1909,4,3,2,2008,Rural,Fair,Yes,857784,BlueRiver Dev
988,3690,1,3,1,1952,Suburban,Good,Yes,529898,Sunrise Group
989,4991,1,3,2,1971,Urban,Poor,Yes,919403,Skyline Holdings
990,2055,1,1,2,1903,Rural,Fair,No,101993,Oakfield Ltd
991,1304,2,3,1,1990,Downtown,Poor,Yes,220458,Oakfield Ltd
992,1779,5,1,2,1999,Downtown,Excellent,Yes,939459,BlueRiver Dev
993,4077,2,2,1,1904,Urban,Fair,No,500281,Skyline Holdings
994,3401,2,4,2,1996,Rural,Excellent,No,956644,Horizon Builders
995,1887,1,3,1,1948,Suburban,Excellent,Yes,528720,GreenBrick
996,3261,2,4,3,1997,Downtown,Excellent,No,556357,Nova Estates
997,3179,1,4,2,1929,Urban,Poor,Yes,58539,EverHome
998,2606,5,3,1,1971,Urban,Good,No,182335,Nova Estates
999,4723,4,3,2,2002,Rural,Poor,No,456521,Luna Developments
1000,3268,1,2,2,1962,Rural,Poor,Yes,890249,Sunrise Group
1001,4453,5,1,2,1946,Downtown,Excellent,No,991902,Nova Estates
1002,3686,4,1,1,1925,Urban,Fair,No,290310,UrbanCore
1003,3780,3,4,3,1956,Suburban,Good,No,256873,Stonegate
1004,3073,1,3,3,1936,Urban,Excellent,Yes,361251,Pioneer Homes
1005,3099,1,2,3,1997,Suburban,Good,No,999656,Oakfield Ltd
1006,4533,3,2,1,1906,Suburban,Poor,No,536476,Horizon Builders
1007,736,3,2,3,1939,Downtown,Good,Yes,998128,BlueRiver Dev
1008,1804,1,2,1,1991,Urban,Good,Yes,965672,MetroConstruct
1009,3930,3,2,2,1938,Suburban,Fair,No,411799,Skyline Holdings
1010,1801,2,1,2,1961,Rural,Excellent,No,630420,Sunrise Group
1011,3041,4,1,3,2002,Suburban,Good,No,962133,Skyline Holdings
1012,2551,4,1,1,1991,Rural,Good,Yes,155494,Atlas Properties
1013,941,4,3,2,1977,Rural,Poor,No,889411,Luna Developments
1014,2576,2,4,1,1952,Urban,Poor,Yes,894445,Nova Estates
1015,3680,3,2,1,2013,Rural,Good,Yes,275997,BlueRiver Dev
1016,3157,5,3,2,2001,Suburban,Excellent,No,638085,EverHome
1017,4298,3,2,1,1903,Rural,Good,No,101798,Nova Estates
1018,1304,1,1,2,2005,Urban,Good,Yes,722010,UrbanCore
1019,574,4,3,2,1981,Downtown,Fair,No,469230,EverHome
1020,2675,3,1,2,2007,Suburban,Excellent,No,650709,Nova Estates
1021,4424,5,2,1,2011,Suburban,Fair,Yes,319578,BlueRiver Dev
1022,2589,1,2,2,1924,Urban,Excellent,No,866460,Skyline Holdings
1023,540,2,4,1,1906,Urban,Excellent,Yes,640846,EverHome
1024,2581,2,2,2,2001,Urban,Excellent,No,860763,Cedar & Co
1025,2122,5,1,2,1927,Urban,Fair,Yes,117573,Luna Developments
1026,841,1,2,3,1968,Suburban,Fair,Yes,703761,Sunrise Group
1027,4552,4,4,3,1966,Downtown,Fair,No,517508,Stonegate
1028,2574,3,4,3,2007,Rural,Poor,Yes,227398,MetroConstruct
1029,1145,1,1,1,1994,Rural,Fair,Yes,395123,Skyline Holdings
1030,4763,2,3,1,2010,Downtown,Poor,No,840555,MetroConstruct
1031,1109,5,2,2,2005,Downtown,Poor,No,328747,Nova Estates
1032,954,5,4,2,2021,Downtown,Poor,No,378085,Horizon Builders
1033,3453,3,2,2,1919,Urban,Good,Yes,92597,Skyline Holdings
1034,2208,5,2,2,1982,Suburban,Good,Yes,768598,Nova Estates
1035,3972,5,3,1,2011,Suburban,Good,Yes,920670,Nova Estates
1036,3469,1,4,2,2023,Suburban,Poor,No,485935,BlueRiver Dev
1037,3528,4,2,2,1910,Urban,Poor,Yes,797146,GreenBrick
1038,3181,3,4,3,2003,Suburban,Excellent,Yes,353895,Pioneer Homes
1039,4129,1,1,2,1966,Urban,Poor,No,962894,Nova Estates
1040,4725,4,1,2,1986,Suburban,Good,Yes,136978,Skyline Holdings
1041,3567,1,2,2,1906,Downtown,Poor,No,329837,UrbanCore
1042,1886,1,4,1,1922,Rural,Poor,No,532757,Oakfield Ltd
1043,4276,5,2,3,1960,Rural,Excellent,No,218769,Skyline Holdings
1044,3366,4,4,2,1970,Urban,Poor,Yes,406668,Horizon Builders
1045,3863,3,4,2,2009,Suburban,Fair,Yes,410013,Stonegate
1046,4624,3,3,3,1933,Rural,Excellent,Yes,735352,Horizon Builders
1047,648,4,3,2,2005,Downtown,Poor,No,375969,Skyline Holdings
1048,4350,5,3,1,1918,Downtown,Poor,No,714882,Nova Estates
1049,2558,2,2,2,1957,Downtown,Excellent,No,442619,Stonegate
1050,1636,1,3,1,1908,Urban,Poor,Yes,881838,Nova Estates
1051,686,5,3,1,1947,Urban,Good,Yes,288078,Stonegate
1052,3354,4,1,2,2014,Suburban,Fair,Yes,290140,UrbanCore
1053,1750,1,4,3,1981,Downtown,Fair,Yes,717481,Luna Developments
1054,1833,3,4,1,1940,Suburban,Good,Yes,697659,Oakfield Ltd
1055,4693,2,3,3,1947,Suburban,Poor,No,457435,Atlas Properties
1056,4650,3,4,2,1944,Downtown,Poor,Yes,838049,GreenBrick
1057,3211,4,1,1,2005,Suburban,Fair,No,93016,Pioneer Homes
1058,2285,1,1,2,1924,Rural,Poor,No,493888,GreenBrick
1059,1250,4,3,3,2015,Urban,Fair,Yes,336420,Sunrise Group
1060,2262,1,1,2,1977,Suburban,Fair,No,805247,Horizon Builders
1061,4420,5,4,2,2007,Downtown,Good,Yes,384384,Stonegate
1062,4960,2,2,1,1924,Urban,Fair,Yes,942724,Atlas Properties
1063,981,5,4,2,1918,Urban,Poor,No,236807,Pioneer Homes
1064,653,5,2,2,1938,Suburban,Poor,Yes,592247,GreenBrick
1065,2024,4,3,2,2018,Rural,Excellent,Yes,602810,Sunrise Group
1066,2620,2,2,1,1978,Suburban,Poor,No,499303,Pioneer Homes
1067,2843,1,1,3,1979,Rural,Excellent,No,453169,Skyline Holdings
1068,1740,1,4,3,1926,Urban,Fair,No,76567,Nova Estates
1069,560,3,2,2,2003,Suburban,Poor,No,503739,GreenBrick
1070,1438,1,4,1,1973,Downtown,Good,No,112708,Skyline Holdings
1071,2139,4,3,2,1962,Suburban,Good,No,176206,Skyline Holdings
1072,4620,5,3,3,1967,Rural,Good,Yes,596848,Skyline Holdings
1073,4726,5,1,1,2014,Rural,Fair,Yes,632678,Nova Estates
1074,4069,5,3,3,1918,Suburban,Fair,Yes,700060,Nova Estates
1075,1752,2,2,3,1927,Rural,Excellent,No,511365,Atlas Properties
1076,4703,1,3,1,1984,Urban,Good,Yes,357248,Sunrise Group
1077,671,4,1,1,2022,Suburban,Excellent,No,632093,GreenBrick
1078,1958,2,4,2,2010,Rural,Excellent,Yes,286109,BlueRiver Dev
1079,4049,3,4,2,1977,Suburban,Poor,No,545951,Skyline Holdings
1080,4697,4,3,3,1932,Suburban,Poor,Yes,336640,Luna Developments
1081,2822,4,2,1,2011,Downtown,Good,No,788661,Oakfield Ltd
1082,2136,4,1,1,1909,Suburban,Fair,No,141257,Nova Estates
1083,3615,5,2,2,1982,Downtown,Poor,No,53515,GreenBrick
1084,4590,4,1,3,1929,Rural,Fair,No,578742,Stonegate
1085,3504,1,3,3,1921,Downtown,Excellent,Yes,287145,Luna Developments
1086,829,4,1,2,1902,Downtown,Excellent,Yes,72873,Sunrise Group
1087,4140,5,1,1,2000,Downtown,Excellent,No,910352,Horizon Builders
1088,4394,4,3,2,2004,Urban,Excellent,No,325871,Nova Estates
1089,4607,3,2,2,1981,Downtown,Good,No,702664,Atlas Properties
1090,1841,3,3,2,1974,Suburban,Excellent,Yes,643358,Skyline Holdings
1091,4163,5,1,2,1947,Downtown,Poor,No,935491,Luna Developments
1092,715,1,3,1,1901,Suburban,Excellent,No,698852,Horizon Builders
1093,838,1,1,2,1975,Downtown,Fair,Yes,278497,Horizon Builders
1094,4562,2,3,1,1953,Urban,Poor,No,691501,UrbanCore
1095,3208,5,4,2,1905,Rural,Fair,No,755339,Skyline Holdings
1096,3652,4,4,3,2006,Downtown,Fair,Yes,599753,Nova Estates
1097,2250,5,3,1,2022,Downtown,Good,No,234972,Skyline Holdings
1098,2921,2,2,3,1939,Urban,Good,No,634087,Nova Estates
1099,1209,5,1,2,2007,Downtown,Fair,Yes,560237,Oakfield Ltd
1100,4226,5,4,2,1992,Suburban,Fair,No,670417,GreenBrick
1101,4142,2,2,2,2022,Downtown,Excellent,Yes,464546,Nova Estates
1102,4493,1,1,1,1993,Downtown,Poor,No,713662,Cedar & Co
1103,988,4,4,3,1901,Rural,Excellent,No,419432,Stonegate
1104,546,2,4,1,1972,Rural,Good,No,293761,EverHome
1105,3859,3,3,1,2010,Downtown,Good,No,292821,Atlas Properties
1106,900,1,1,2,1901,Urban,Excellent,No,62875,Nova Estates
1107,4490,3,2,3,1992,Rural,Poor,Yes,601507,GreenBrick
1108,3657,1,2,2,1996,Downtown,Fair,No,872614,Pioneer Homes
1109,4845,4,2,1,1973,Rural,Excellent,No,785901,BlueRiver Dev
1110,890,4,1,2,1997,Downtown,Good,Yes,485485,Nova Estates
1111,4353,5,2,3,2007,Rural,Poor,Yes,391925,Oakfield Ltd
1112,4930,3,2,2,1954,Rural,Good,No,56457,Skyline Holdings
1113,1128,1,2,3,1971,Suburban,Poor,Yes,974253,Skyline Holdings
1114,4732,4,3,3,2000,Downtown,Poor,No,83064,UrbanCore
1115,3430,2,3,2,2017,Downtown,Poor,Yes,977325,Horizon Builders
1116,2021,4,1,1,1959,Downtown,Excellent,Yes,689544,UrbanCore
1117,1326,2,1,2,1996,Downtown,Excellent,No,934729,Nova Estates
1118,2000,1,2,1,2010,Rural,Excellent,Yes,808947,Stonegate
1119,3794,4,3,1,1905,Suburban,Poor,No,259727,Skyline Holdings
1120,2919,4,4,2,2007,Suburban,Poor,Yes,975168,Nova Estates
1121,1434,1,4,1,2003,Urban,Good,Yes,210353,Stonegate
1122,3542,4,2,1,2008,Downtown,Fair,Yes,832351,Luna Developments
1123,4997,2,2,2,1918,Urban,Excellent,No,286887,Stonegate
1124,1966,4,3,2,1995,Rural,Poor,No,475037,Oakfield Ltd
1125,4061,3,3,2,1926,Urban,Good,Yes,809129,Horizon Builders
1126,1114,5,3,1,1900,Downtown,Good,No,992151,UrbanCore
1127,1682,2,1,3,2006,Suburban,Good,No,644206,Nova Estates
1128,3723,3,1,1,2015,Suburban,Excellent,No,263057,GreenBrick
1129,3167,1,2,3,1932,Downtown,Excellent,Yes,526015,GreenBrick
1130,630,2,1,2,1939,Rural,Fair,No,926611,Skyline Holdings
1131,3483,5,3,3,1931,Downtown,Good,Yes,387088,Pioneer Homes
1132,4778,5,3,2,1968,Rural,Excellent,Yes,139142,Sunrise Group
1133,4959,1,1,2,1916,Suburban,Good,Yes,77603,Nova Estates
1134,538,1,4,3,1907,Rural,Poor,Yes,882890,Skyline Holdings
1135,4459,2,2,2,1956,Downtown,Good,Yes,120605,BlueRiver Dev
1136,4087,4,4,3,1941,Downtown,Fair,No,331767,Nova Estates
1137,1420,1,2,2,1997,Downtown,Excellent,No,618728,MetroConstruct
1138,3269,4,4,1,1908,Rural,Poor,Yes,918859,Sunrise Group
1139,4611,3,1,1,2019,Rural,Excellent,No,975208,Sunrise Group
1140,992,5,2,2,1986,Rural,Poor,No,405970,Horizon Builders
1141,1631,4,2,2,1934,Suburban,Good,No,339604,MetroConstruct
1142,4021,5,2,3,2013,Urban,Good,No,264117,GreenBrick
1143,810,4,3,1,1970,Urban,Fair,No,788165,BlueRiver Dev
1144,1238,3,3,3,1978,Downtown,Fair,No,516727,UrbanCore
1145,3741,1,4,2,1952,Suburban,Poor,No,160373,Skyline Holdings
1146,1045,3,1,2,1953,Rural,Fair,Yes,974069,Stonegate
1147,2961,1,3,3,1983,Downtown,Fair,Yes,317014,Oakfield Ltd
1148,4846,1,2,2,2013,Suburban,Fair,Yes,68909,Horizon Builders
1149,2304,5,3,1,1924,Downtown,Fair,No,321261,MetroConstruct
1150,3712,3,1,3,1966,Suburban,Good,No,299975,Stonegate
1151,4310,4,3,1,2023,Suburban,Fair,Yes,903906,BlueRiver Dev
1152,1313,3,2,1,1961,Urban,Good,No,668214,MetroConstruct
1153,4624,5,4,1,1954,Downtown,Good,No,487538,BlueRiver Dev
1154,2532,1,2,3,1945,Rural,Excellent,Yes,177463,BlueRiver Dev
1155,4913,5,1,2,1923,Urban,Good,Yes,151536,Horizon Builders
1156,744,2,4,1,1997,Urban,Good,Yes,856560,Pioneer Homes
1157,771,2,3,1,1945,Rural,Fair,No,301981,Nova Estates
1158,4011,4,3,1,1921,Suburban,Good,No,540533,Stonegate
1159,2271,5,3,2,1910,Rural,Poor,No,381145,Stonegate
1160,1762,4,4,2,1947,Downtown,Fair,Yes,836872,Nova Estates
1161,2924,4,2,3,1907,Rural,Fair,Yes,230685,MetroConstruct
1162,4861,2,4,2,1938,Suburban,Fair,No,697779,Nova Estates
1163,1420,4,4,3,2006,Rural,Excellent,Yes,979167,GreenBrick
1164,3930,2,1,3,1934,Suburban,Fair,Yes,547275,Pioneer Homes
1165,4935,1,4,3,1948,Suburban,Good,No,200619,Nova Estates
1166,4984,5,3,3,1945,Downtown,Poor,Yes,655950,Oakfield Ltd
1167,3124,4,2,3,1937,Rural,Fair,Yes,810416,MetroConstruct
1168,4260,2,2,1,1907,Rural,Fair,Yes,50005,Sunrise Group
1169,2550,3,2,2,1953,Downtown,Poor,No,284152,Nova Estates
1170,4000,4,3,1,1936,Suburban,Fair,No,319182,Skyline Holdings
1171,1665,1,3,3,1990,Rural,Excellent,Yes,842846,Horizon Builders
1172,875,1,3,2,1991,Downtown,Good,No,530875,Atlas Properties
1173,2533,3,3,1,1939,Suburban,Poor,No,905938,Horizon Builders
1174,645,2,3,1,1933,Downtown,Poor,No,913018,Skyline Holdings
1175,4888,4,4,3,1995,Rural,Excellent,Yes,445822,Horizon Builders
1176,931,2,3,1,1978,Downtown,Good,No,852914,UrbanCore
1177,1204,1,3,1,2007,Urban,Excellent,Yes,804189,Oakfield Ltd
1178,3132,2,3,1,1916,Suburban,Good,Yes,252945,Nova Estates
1179,4994,1,3,1,1932,Urban,Excellent,No,608236,Pioneer Homes
1180,1463,2,2,1,1946,Urban,Fair,Yes,402131,UrbanCore
1181,2734,3,3,3,2009,Suburban,Excellent,No,272873,Cedar & Co
1182,2541,5,4,3,1951,Suburban,Poor,No,272322,GreenBrick
1183,2328,3,4,1,2017,Downtown,Poor,Yes,70875,Horizon Builders
1184,2608,3,4,3,1979,Suburban,Poor,Yes,325201,Luna Developments
1185,4568,5,1,3,1992,Urban,Excellent,No,82400,Nova Estates
1186,1438,5,2,2,1908,Urban,Poor,No,514674,Luna Developments
1187,1306,4,3,1,1932,Rural,Poor,No,118607,BlueRiver Dev
1188,1963,4,1,3,1959,Suburban,Fair,No,923993,Nova Estates
1189,3915,3,3,3,2012,Urban,Fair,Yes,339647,Skyline Holdings
1190,510,3,1,1,1992,Rural,Good,Yes,466981,BlueRiver Dev
1191,2368,1,1,2,1976,Rural,Good,Yes,151096,Nova Estates
1192,1384,1,4,1,1920,Downtown,Good,No,620900,UrbanCore
1193,4064,4,4,2,1957,Urban,Excellent,Yes,934750,GreenBrick
1194,1889,4,1,1,1984,Downtown,Good,Yes,311538,Horizon Builders
1195,3901,1,4,1,1968,Urban,Excellent,Yes,134335,Nova Estates
1196,4821,1,1,1,1909,Downtown,Excellent,Yes,413133,Stonegate
1197,1324,2,2,1,1905,Downtown,Good,No,667300,Cedar & Co
1198,2765,2,4,2,2019,Suburban,Good,Yes,131748,Cedar & Co
1199,1436,1,4,2,2014,Downtown,Excellent,Yes,976932,Pioneer Homes
1200,3300,2,4,3,2020,Suburban,Fair,Yes,736779,Nova Estates
1201,3053,5,2,1,1912,Rural,Poor,Yes,115195,Pioneer Homes
1202,4345,4,1,2,1964,Urban,Poor,No,779055,Nova Estates
1203,2296,4,3,2,1919,Rural,Poor,No,664134,Nova Estates
1204,553,1,4,2,1956,Urban,Fair,Yes,676692,GreenBrick
1205,1226,3,1,1,2010,Rural,Excellent,No,351286,Sunrise Group
1206,3236,1,2,3,1945,Urban,Good,No,835608,Oakfield Ltd
1207,3670,2,3,2,1907,Downtown,Excellent,No,121540,BlueRiver Dev
1208,2413,3,4,1,1909,Urban,Excellent,No,743649,Sunrise Group
1209,2096,2,2,2,1972,Urban,Good,Yes,389092,Skyline Holdings
1210,2414,5,2,2,2012,Rural,Fair,No,895383,Atlas Properties
1211,2966,2,3,3,2004,Rural,Poor,No,61755,Sunrise Group
1212,3237,5,1,2,1966,Rural,Poor,Yes,827203,Sunrise Group
1213,1349,5,4,2,1910,Suburban,Excellent,Yes,430129,Nova Estates
1214,2609,2,4,1,1911,Suburban,Fair,Yes,658841,Oakfield Ltd
1215,502,2,1,1,1909,Urban,Poor,Yes,184962,BlueRiver Dev
1216,4755,5,1,3,1924,Urban,Fair,No,930808,Skyline Holdings
1217,4569,3,1,1,1948,Downtown,Good,Yes,306760,Nova Estates
1218,1392,5,3,1,1948,Downtown,Excellent,No,67175,BlueRiver Dev
1219,2530,4,3,3,1988,Urban,Excellent,No,902119,Horizon Builders
1220,3660,5,4,2,1910,Suburban,Fair,Yes,921415,Skyline Holdings
1221,2876,3,3,3,1961,Urban,Poor,Yes,531503,Luna Developments
1222,2433,4,2,1,2017,Downtown,Fair,No,800071,Nova Estates
1223,1880,1,4,3,1935,Suburban,Good,No,729648,Sunrise Group
1224,4181,1,3,2,1938,Suburban,Poor,Yes,96629,Luna Developments
1225,1790,3,1,3,1952,Downtown,Poor,Yes,691067,GreenBrick
1226,2140,5,2,1,1989,Urban,Fair,Yes,228872,Horizon Builders
1227,3182,2,1,1,1977,Rural,Good,No,742727,GreenBrick
1228,1487,3,4,3,2002,Urban,Poor,No,520970,Skyline Holdings
1229,1718,4,1,2,1955,Urban,Excellent,Yes,380657,Atlas Properties
1230,1855,4,3,3,2003,Downtown,Good,No,657050,GreenBrick
1231,4765,1,3,2,1900,Suburban,Poor,Yes,210094,Stonegate
1232,4635,4,4,2,1955,Downtown,Fair,No,774689,Skyline Holdings
1233,2060,3,1,3,2017,Urban,Poor,No,969163,Skyline Holdings
1234,1918,4,4,2,1903,Rural,Excellent,Yes,107941,Nova Estates
1235,1454,3,1,1,1929,Rural,Good,Yes,355617,Horizon Builders
1236,1483,2,2,3,1911,Rural,Poor,Yes,760958,GreenBrick
1237,1474,1,3,2,2019,Downtown,Excellent,No,66040,Stonegate
1238,4633,4,4,1,1934,Suburban,Poor,No,119806,Sunrise Group
1239,4472,3,2,3,1976,Downtown,Poor,Yes,718646,Cedar & Co
1240,1413,5,2,1,1951,Rural,Good,No,250211,Nova Estates
1241,536,1,4,1,1930,Urban,Fair,Yes,686364,Stonegate
1242,3887,2,4,1,2001,Suburban,Fair,No,105916,Oakfield Ltd
1243,2211,3,2,2,2006,Downtown,Excellent,Yes,722960,Oakfield Ltd
1244,3520,2,1,3,1986,Downtown,Excellent,No,445507,MetroConstruct
1245,1295,2,2,3,1967,Suburban,Excellent,No,456339,Pioneer Homes
1246,4536,4,4,2,1951,Suburban,Good,No,840243,Horizon Builders
1247,3611,4,2,3,1979,Urban,Fair,No,605564,Nova Estates
1248,1824,3,1,1,1906,Suburban,Excellent,Yes,235217,Nova Estates
1249,817,5,3,3,1921,Urban,Excellent,No,917481,EverHome
1250,2896,3,3,2,1992,Rural,Poor,Yes,251750,Horizon Builders
1251,2662,5,2,1,1974,Rural,Poor,Yes,269854,Oakfield Ltd
1252,3245,2,1,2,1955,Downtown,Excellent,Yes,796403,Sunrise Group
1253,2091,1,3,1,1996,Rural,Poor,Yes,994218,Nova Estates
1254,3611,3,2,1,1957,Rural,Poor,No,761045,Nova Estates
1255,4430,3,2,3,1992,Urban,Poor,Yes,717554,BlueRiver Dev
1256,2496,5,1,1,1963,Downtown,Good,No,385206,Sunrise Group
1257,1812,2,4,2,2022,Suburban,Excellent,No,200434,Skyline Holdings
1258,1785,2,2,3,2002,Downtown,Excellent,No,890931,Sunrise Group
1259,4811,5,4,2,1911,Rural,Poor,No,620569,Nova Estates
1260,2883,2,4,1,1906,Suburban,Good,Yes,881284,UrbanCore
1261,3739,4,3,2,2022,Downtown,Poor,No,836408,Skyline Holdings
1262,2639,1,4,2,1954,Downtown,Good,Yes,827981,Oakfield Ltd
1263,2204,3,1,1,2002,Downtown,Excellent,No,554869,Skyline Holdings
1264,862,1,3,3,2005,Downtown,Poor,No,753196,Sunrise Group
1265,3104,3,3,2,1961,Urban,Excellent,Yes,578883,Nova Estates
1266,2216,4,3,1,2011,Downtown,Good,No,670218,Nova Estates
1267,4951,2,2,3,1989,Rural,Fair,No,196474,GreenBrick
1268,4786,5,2,3,2003,Rural,Good,No,311745,Sunrise Group
1269,4238,4,4,3,1972,Urban,Fair,No,770643,Horizon Builders
1270,2969,1,3,2,2004,Suburban,Excellent,No,404820,Skyline Holdings
1271,1056,5,3,2,1997,Suburban,Excellent,Yes,748083,BlueRiver Dev
1272,1325,2,1,2,2008,Rural,Poor,No,232394,Stonegate
1273,3308,4,4,3,1976,Rural,Fair,No,752124,Oakfield Ltd
1274,3219,5,1,2,1954,Urban,Good,Yes,468127,Nova Estates
1275,4008,4,4,1,2018,Suburban,Excellent,No,796648,Sunrise Group
1276,4241,4,4,2,1935,Suburban,Fair,Yes,855837,Nova Estates
1277,2074,2,2,2,1988,Downtown,Good,No,108122,Skyline Holdings
1278,4498,3,2,3,1923,Downtown,Fair,No,804849,Atlas Properties
1279,2629,5,1,2,1943,Downtown,Good,Yes,282661,Nova Estates
1280,2903,2,4,1,1916,Urban,Good,No,703197,Sunrise Group
1281,3829,4,3,3,1901,Rural,Good,No,315591,Horizon Builders
1282,1088,2,2,1,1912,Urban,Good,Yes,234215,BlueRiver Dev
1283,2512,3,3,3,1930,Suburban,Fair,Yes,60662,UrbanCore
1284,2047,5,1,3,1992,Rural,Fair,No,506217,Nova Estates
1285,794,3,2,2,2013,Downtown,Poor,Yes,632570,GreenBrick
1286,2485,1,2,1,1927,Urban,Fair,No,448115,UrbanCore
1287,3617,5,4,3,1959,Urban,Fair,Yes,865014,Nova Estates
1288,2190,3,1,2,1926,Downtown,Poor,No,641759,GreenBrick
1289,1636,4,4,3,1914,Urban,Fair,Yes,697801,Nova Estates
1290,2564,5,2,3,1994,Downtown,Good,Yes,223285,Nova Estates
1291,4955,5,1,3,2003,Suburban,Excellent,Yes,681866,GreenBrick
1292,1507,2,2,3,1978,Rural,Excellent,Yes,912303,Nova Estates
1293,3014,4,1,3,1932,Suburban,Poor,Yes,657493,UrbanCore
1294,4026,1,2,3,1919,Suburban,Fair,Yes,910513,BlueRiver Dev
1295,1747,3,3,2,1941,Downtown,Fair,Yes,942215,Oakfield Ltd
1296,4402,2,3,3,1911,Urban,Poor,Yes,284631,Skyline Holdings
1297,1935,3,4,1,2000,Suburban,Excellent,Yes,133805,Nova Estates
1298,1071,1,3,2,1972,Suburban,Good,No,174698,Nova Estates
1299,2882,1,2,1,1922,Suburban,Fair,Yes,218902,Horizon Builders
1300,1745,5,2,3,1971,Urban,Poor,No,974570,BlueRiver Dev
1301,2584,1,3,1,1995,Urban,Good,Yes,60712,Nova Estates
1302,777,3,4,3,2011,Downtown,Poor,No,393671,Luna Developments
1303,2387,4,3,3,1913,Suburban,Poor,No,965885,Nova Estates
1304,1765,4,1,2,1990,Rural,Poor,Yes,701176,UrbanCore
1305,1540,5,1,2,1924,Urban,Excellent,Yes,806686,BlueRiver Dev
1306,1417,3,1,3,1976,Downtown,Excellent,No,568680,Stonegate
1307,1385,3,3,2,2018,Suburban,Poor,No,246437,BlueRiver Dev
1308,3252,1,3,1,1984,Rural,Fair,Yes,661473,Oakfield Ltd
1309,521,3,3,2,2008,Urban,Good,Yes,411995,GreenBrick
1310,3691,2,1,2,1930,Rural,Fair,Yes,474022,Oakfield Ltd
1311,2853,1,4,1,2000,Urban,Excellent,No,586498,Nova Estates
1312,1186,2,2,2,2011,Downtown,Good,Yes,86972,Stonegate
1313,784,5,3,3,2021,Rural,Poor,Yes,811254,UrbanCore
1314,4247,4,4,1,2006,Suburban,Fair,Yes,346280,Oakfield Ltd
1315,1262,5,2,3,1953,Suburban,Fair,Yes,487513,Sunrise Group
1316,2928,4,2,1,1904,Urban,Poor,Yes,952877,Horizon Builders
1317,3007,5,2,3,1912,Suburban,Fair,No,852377,UrbanCore
1318,528,3,4,3,1927,Rural,Excellent,No,800561,Pioneer Homes
1319,1406,2,4,2,1942,Downtown,Poor,Yes,391324,Nova Estates
1320,3604,4,1,3,1988,Urban,Fair,Yes,382597,Nova Estates
1321,4499,1,4,2,2014,Rural,Poor,No,921836,Skyline Holdings
1322,3494,2,4,1,1998,Urban,Good,Yes,980728,Nova Estates
1323,3006,1,4,3,1946,Downtown,Poor,No,53052,Stonegate
1324,4109,2,2,3,2002,Urban,Fair,Yes,339416,Skyline Holdings
1325,4053,2,3,1,1970,Suburban,Excellent,No,353294,Cedar & Co
1326,1953,5,1,1,1937,Suburban,Poor,No,801564,GreenBrick
1327,3856,4,3,3,1995,Urban,Poor,Yes,198388,Nova Estates
1328,1015,4,3,1,1966,Downtown,Fair,No,496605,Oakfield Ltd
1329,538,2,4,2,1961,Downtown,Excellent,Yes,712600,Horizon Builders
1330,3842,3,1,1,2008,Suburban,Excellent,No,933527,Sunrise Group
1331,1386,3,3,1,1938,Downtown,Good,Yes,380918,UrbanCore
1332,3344,1,3,3,1936,Urban,Good,Yes,879607,BlueRiver Dev
1333,2704,1,1,2,2018,Rural,Fair,Yes,443781,Skyline Holdings
1334,1598,5,4,1,2013,Urban,Excellent,No,66375,Atlas Properties
1335,2323,2,3,2,1985,Suburban,Excellent,Yes,599998,Cedar & Co
1336,3701,1,2,2,1907,Suburban,Good,Yes,755255,Horizon Builders
1337,3655,1,3,2,1980,Suburban,Good,Yes,828912,Nova Estates
1338,3593,2,2,3,1951,Downtown,Fair,No,720534,BlueRiver Dev
1339,4030,5,4,1,1990,Urban,Excellent,Yes,419170,Nova Estates
1340,4278,1,3,3,1932,Rural,Poor,No,530545,Nova Estates
1341,3396,5,1,1,2009,Urban,Good,No,77597,Skyline Holdings
1342,3953,4,1,1,1980,Rural,Fair,No,386433,Sunrise Group
1343,4011,5,3,3,1941,Urban,Excellent,Yes,481613,Stonegate
1344,1488,3,4,2,1975,Suburban,Excellent,Yes,135687,Pioneer Homes
1345,4616,3,4,2,2011,Rural,Good,No,168968,Pioneer Homes
1346,4526,5,1,1,2009,Urban,Fair,Yes,614562,Sunrise Group
1347,4679,3,3,3,1926,Downtown,Poor,Yes,517453,GreenBrick
1348,2182,4,4,2,2011,Downtown,Good,No,253570,GreenBrick
1349,4463,2,1,2,1907,Urban,Fair,No,481413,Atlas Properties
1350,1433,3,2,1,1922,Suburban,Excellent,Yes,622922,Nova Estates
1351,4098,3,3,1,2023,Rural,Poor,No,866473,Stonegate
1352,3733,5,2,3,2005,Urban,Fair,Yes,974752,UrbanCore
1353,2480,4,2,1,2012,Downtown,Poor,No,397509,Sunrise Group
1354,2355,2,4,2,1963,Rural,Fair,Yes,969707,Pioneer Homes
1355,3556,5,4,2,2022,Downtown,Fair,Yes,888418,Sunrise Group
1356,1292,5,4,2,1992,Downtown,Fair,No,861802,Stonegate
1357,1291,4,3,2,2013,Urban,Fair,Yes,347391,EverHome
1358,2309,2,2,3,1919,Downtown,Poor,Yes,960835,Sunrise Group
1359,2755,4,3,3,1915,Rural,Good,No,431688,Skyline Holdings
1360,4110,2,4,1,1916,Suburban,Poor,Yes,256994,Horizon Builders
1361,2107,4,2,1,1979,Urban,Fair,Yes,830768,EverHome
1362,1484,5,3,1,1918,Rural,Poor,Yes,443650,Skyline Holdings
1363,4176,5,3,3,2019,Urban,Poor,No,637270,Horizon Builders
1364,3880,1,1,2,2019,Downtown,Poor,No,901612,Horizon Builders
1365,1019,3,3,1,1907,Downtown,Fair,No,682822,Pioneer Homes
1366,1090,4,4,2,1937,Rural,Poor,No,739834,Nova Estates
1367,1550,1,3,1,1937,Rural,Excellent,No,336788,BlueRiver Dev
1368,4133,3,2,1,1952,Suburban,Fair,Yes,612781,EverHome
1369,4944,4,3,1,1992,Rural,Poor,Yes,395968,Nova Estates
1370,1459,2,1,1,2004,Rural,Excellent,Yes,564922,Skyline Holdings
1371,1192,3,2,1,1999,Urban,Poor,No,971463,Cedar & Co
1372,4399,5,2,2,1989,Downtown,Good,Yes,883721,Nova Estates
1373,4973,1,1,1,1930,Rural,Poor,No,978647,MetroConstruct
1374,3446,3,4,2,1943,Suburban,Poor,Yes,482809,Sunrise Group
1375,1026,3,2,3,1959,Rural,Good,No,482331,Skyline Holdings
1376,3724,5,4,1,1975,Downtown,Fair,Yes,816505,Stonegate
1377,2753,4,2,2,2018,Rural,Good,Yes,727900,Sunrise Group
1378,3844,2,2,3,1916,Urban,Fair,No,347625,UrbanCore
1379,4465,5,4,3,1978,Downtown,Good,Yes,276577,GreenBrick
1380,2375,2,2,3,1972,Rural,Poor,Yes,651385,Horizon Builders
1381,2263,4,4,2,1938,Urban,Poor,No,859010,Nova Estates
1382,1020,3,1,1,1941,Downtown,Fair,Yes,980291,GreenBrick
1383,1516,2,4,1,1947,Rural,Fair,Yes,384192,Cedar & Co
1384,616,1,1,2,1911,Urban,Excellent,No,564771,Skyline Holdings
1385,2933,1,2,1,1995,Suburban,Excellent,No,233951,Horizon Builders
1386,1083,5,4,2,1988,Urban,Poor,No,191668,GreenBrick
1387,894,4,2,1,2002,Suburban,Poor,No,503885,Oakfield Ltd
1388,4288,5,4,3,1917,Rural,Excellent,No,463146,Nova Estates
1389,3268,5,1,1,1978,Urban,Excellent,Yes,229022,Cedar & Co
1390,4667,5,1,2,1995,Suburban,Fair,No,932169,Sunrise Group
1391,4360,1,4,2,1905,Downtown,Good,No,330831,Skyline Holdings
1392,773,1,1,3,2021,Urban,Fair,Yes,496049,Nova Estates
1393,2513,5,2,2,2007,Rural,Excellent,Yes,172540,Nova Estates
1394,4933,1,2,1,1942,Downtown,Poor,Yes,741349,UrbanCore
1395,1889,4,3,1,2015,Suburban,Excellent,Yes,866615,GreenBrick
1396,4066,5,1,3,1934,Urban,Poor,Yes,332902,MetroConstruct
1397,665,1,2,2,1997,Urban,Poor,No,706442,Sunrise Group
1398,2067,2,4,3,2001,Rural,Poor,Yes,812301,Skyline Holdings
1399,1228,5,1,1,2019,Downtown,Poor,No,670656,Horizon Builders
1400,2543,5,2,3,1953,Urban,Good,Yes,620179,BlueRiver Dev
1401,4697,4,1,2,2020,Urban,Excellent,No,96901,Nova Estates
1402,3996,3,4,3,1961,Downtown,Fair,Yes,526728,Nova Estates
1403,1278,3,2,2,1968,Urban,Poor,No,416056,Nova Estates
1404,713,4,3,2,1981,Downtown,Poor,No,645350,Pioneer Homes
1405,4262,4,3,1,1915,Downtown,Fair,No,539838,BlueRiver Dev
1406,2076,4,1,1,1907,Downtown,Fair,No,726923,Sunrise Group
1407,2948,3,4,1,1988,Rural,Poor,No,908440,MetroConstruct
1408,3436,4,2,2,1995,Downtown,Fair,No,445991,Oakfield Ltd
1409,3617,1,4,3,1989,Downtown,Fair,No,983332,UrbanCore
1410,1091,5,2,2,2015,Suburban,Good,No,553528,Stonegate
1411,3220,5,1,1,1985,Suburban,Fair,No,569149,Skyline Holdings
1412,1213,2,2,1,1930,Rural,Excellent,No,854406,Nova Estates
1413,1435,2,4,3,2006,Downtown,Excellent,Yes,727748,Skyline Holdings
1414,4837,5,4,1,1909,Suburban,Excellent,No,654879,Nova Estates
1415,501,1,1,1,1955,Suburban,Poor,No,302990,UrbanCore
1416,3348,3,4,1,2020,Urban,Excellent,Yes,330759,Luna Developments
1417,4544,3,2,3,1975,Downtown,Good,No,72838,Nova Estates
1418,2449,1,1,2,2016,Suburban,Excellent,No,352872,Nova Estates
1419,1417,3,2,1,1991,Rural,Poor,Yes,690537,Sunrise Group
1420,3674,4,4,3,1969,Urban,Good,Yes,652288,Luna Developments
1421,2741,5,1,1,2022,Urban,Excellent,No,364942,Skyline Holdings
1422,589,5,2,3,1919,Downtown,Good,Yes,515992,Sunrise Group
1423,2209,1,4,1,1904,Downtown,Good,No,987126,Nova Estates
1424,2669,3,4,3,1922,Urban,Poor,No,194608,Nova Estates
1425,4738,2,3,1,1908,Rural,Poor,No,186772,Atlas Properties
1426,3541,2,4,2,1957,Downtown,Good,Yes,744199,Cedar & Co
1427,605,3,2,1,1958,Downtown,Excellent,No,846680,Nova Estates
1428,1386,2,1,3,1992,Urban,Poor,No,95291,Luna Developments
1429,927,1,3,1,1979,Urban,Good,Yes,919061,Horizon Builders
1430,2395,1,4,2,1953,Downtown,Fair,No,265963,Stonegate
1431,816,3,4,1,1945,Suburban,Fair,No,175612,Sunrise Group
1432,1134,2,4,3,1921,Downtown,Poor,No,591465,UrbanCore
1433,2425,1,2,3,1963,Suburban,Excellent,No,462699,Sunrise Group
1434,2556,1,3,2,1907,Urban,Fair,No,93815,BlueRiver Dev
1435,3644,4,2,3,2022,Suburban,Fair,No,874965,Nova Estates
1436,2770,4,3,1,1919,Rural,Fair,Yes,836458,Nova Estates
1437,1939,1,1,1,1950,Urban,Excellent,No,154997,Skyline Holdings
1438,1052,3,2,1,1977,Downtown,Excellent,No,110611,BlueRiver Dev
1439,1215,5,2,3,1938,Downtown,Poor,Yes,661530,Skyline Holdings
1440,4411,5,1,1,1936,Urban,Poor,No,467876,BlueRiver Dev
1441,2213,1,3,1,1949,Urban,Fair,No,760463,Cedar & Co
1442,3889,1,4,1,1933,Rural,Excellent,Yes,417057,Nova Estates
1443,1607,1,1,2,1974,Urban,Good,Yes,92082,BlueRiver Dev
1444,4706,3,4,3,2017,Downtown,Fair,Yes,197330,Sunrise Group
1445,750,4,4,3,2003,Rural,Poor,Yes,677901,Stonegate
1446,2930,1,1,3,1932,Downtown,Excellent,Yes,934747,Nova Estates
1447,2554,1,3,2,1930,Suburban,Poor,Yes,926122,BlueRiver Dev
1448,958,2,4,3,2022,Urban,Poor,Yes,145220,MetroConstruct
1449,707,3,1,2,1953,Suburban,Excellent,No,589677,Luna Developments
1450,1399,1,2,2,1943,Downtown,Fair,No,141860,BlueRiver Dev
1451,3961,2,2,3,1933,Suburban,Excellent,No,733045,Sunrise Group
1452,3885,5,2,1,2013,Suburban,Fair,Yes,502436,Horizon Builders
1453,521,1,1,1,1970,Downtown,Poor,No,994699,Stonegate
1454,909,1,2,3,2021,Downtown,Excellent,Yes,71797,UrbanCore
1455,1394,2,4,3,2012,Urban,Good,No,948407,Nova Estates
1456,1014,3,2,2,2017,Suburban,Fair,No,933601,Luna Developments
1457,4609,1,2,3,1961,Rural,Good,No,820227,BlueRiver Dev
1458,2634,5,4,2,1922,Rural,Fair,No,640620,BlueRiver Dev
1459,4095,1,2,3,1945,Downtown,Excellent,Yes,810943,Skyline Holdings
1460,3456,5,4,1,1955,Downtown,Good,Yes,274997,Horizon Builders
1461,2060,4,2,1,1906,Suburban,Excellent,No,506123,GreenBrick
1462,1766,4,4,3,2017,Downtown,Fair,Yes,450404,Horizon Builders
1463,2669,5,2,2,1988,Rural,Fair,Yes,335840,Nova Estates
1464,4138,3,4,1,1960,Urban,Fair,No,52024,Horizon Builders
1465,1249,1,1,2,1902,Urban,Fair,Yes,479201,Atlas Properties
1466,3927,1,4,3,2022,Suburban,Poor,Yes,711944,Nova Estates
1467,2427,4,2,3,1937,Urban,Fair,Yes,403142,Cedar & Co
1468,4304,5,2,1,1983,Downtown,Good,Yes,208116,GreenBrick
1469,4202,1,3,3,1933,Downtown,Fair,No,831627,Stonegate
1470,2856,1,4,1,2012,Downtown,Excellent,No,317429,Oakfield Ltd
1471,2835,3,1,2,1943,Downtown,Poor,Yes,506331,UrbanCore
1472,806,2,4,1,2007,Suburban,Good,No,843802,Pioneer Homes
1473,4165,4,4,1,1929,Urban,Poor,No,67903,Stonegate
1474,2489,4,1,2,1916,Rural,Poor,No,737859,GreenBrick
1475,1161,2,4,1,1958,Urban,Poor,Yes,934336,GreenBrick
1476,811,1,1,1,1909,Downtown,Excellent,Yes,859427,BlueRiver Dev
1477,3420,3,1,3,1998,Rural,Poor,No,417304,Oakfield Ltd
1478,1582,3,4,2,1983,Suburban,Poor,No,478416,Pioneer Homes
1479,3471,4,4,1,1917,Downtown,Fair,Yes,662665,Oakfield Ltd
1480,1254,3,2,2,1944,Downtown,Excellent,No,251474,Sunrise Group
1481,4630,2,2,2,2007,Rural,Good,Yes,456782,Oakfield Ltd
1482,852,1,3,1,1990,Suburban,Good,No,874254,Nova Estates
1483,1402,2,3,3,1958,Rural,Good,Yes,419556,UrbanCore
1484,4388,5,4,2,1961,Suburban,Excellent,Yes,887654,Nova Estates
1485,658,4,1,1,1958,Downtown,Good,Yes,930520,GreenBrick
1486,2477,3,3,2,1948,Urban,Excellent,Yes,543301,GreenBrick
1487,1456,5,4,3,1999,Downtown,Fair,No,402594,GreenBrick
1488,2571,3,3,3,1962,Urban,Fair,Yes,493884,BlueRiver Dev
1489,903,1,1,3,1986,Urban,Excellent,No,683654,GreenBrick
1490,3279,1,4,1,1931,Suburban,Good,Yes,422222,Sunrise Group
1491,1887,1,1,1,1909,Rural,Excellent,Yes,638141,Skyline Holdings
1492,3953,3,4,3,1910,Suburban,Excellent,No,235715,GreenBrick
1493,1455,5,3,1,2001,Downtown,Poor,No,960226,Skyline Holdings
1494,2212,1,2,3,1969,Rural,Excellent,No,203405,Nova Estates
1495,1773,5,3,1,2022,Urban,Poor,Yes,459174,Horizon Builders
1496,4311,3,3,3,2004,Urban,Fair,Yes,626730,BlueRiver Dev
1497,3125,5,2,2,1961,Downtown,Poor,No,464170,Horizon Builders
1498,2882,3,2,3,1946,Rural,Excellent,Yes,280755,Sunrise Group
1499,1941,3,4,3,1933,Downtown,Fair,No,583963,GreenBrick
1500,3479,4,4,1,1999,Downtown,Poor,Yes,139590,Stonegate
1501,2297,3,1,1,2000,Suburban,Excellent,Yes,420714,UrbanCore
1502,4890,3,1,1,1916,Downtown,Fair,Yes,343805,Sunrise Group
1503,4509,2,3,1,2003,Rural,Poor,No,638577,Nova Estates
1504,1894,1,2,1,2003,Downtown,Excellent,Yes,67184,GreenBrick
1505,4781,4,1,1,1953,Rural,Excellent,No,884395,GreenBrick
1506,1769,4,3,2,1975,Urban,Good,No,731182,GreenBrick
1507,4214,4,2,3,1984,Downtown,Good,Yes,505519,UrbanCore
1508,1029,2,4,3,1939,Rural,Poor,No,257537,UrbanCore
1509,4123,3,3,3,1918,Urban,Poor,No,841699,Horizon Builders
1510,3458,1,4,2,1966,Rural,Poor,Yes,233719,Pioneer Homes
1511,3414,5,1,3,1981,Urban,Excellent,No,899246,Oakfield Ltd
1512,4091,3,1,2,1952,Suburban,Poor,No,872457,BlueRiver Dev
1513,2647,2,2,2,2014,Downtown,Excellent,Yes,171246,Luna Developments
1514,3869,3,3,2,1963,Downtown,Poor,Yes,389749,Nova Estates
1515,1439,3,4,3,1982,Urban,Excellent,Yes,706341,Nova Estates
1516,1025,2,2,2,1946,Suburban,Excellent,No,879868,Nova Estates
1517,501,4,1,3,1905,Rural,Good,No,723832,Horizon Builders
1518,874,4,1,3,1915,Suburban,Fair,Yes,200408,Stonegate
1519,2840,1,3,1,1971,Rural,Excellent,No,730947,Skyline Holdings
1520,4505,1,4,1,2011,Rural,Poor,Yes,913624,EverHome
1521,3552,4,3,2,1917,Downtown,Good,Yes,287439,Nova Estates
1522,2865,5,4,2,1951,Urban,Poor,Yes,957023,Luna Developments
1523,2025,3,4,3,1947,Downtown,Poor,No,396655,GreenBrick
1524,4976,5,3,2,1942,Downtown,Excellent,No,583953,Nova Estates
1525,2146,3,2,2,1938,Downtown,Excellent,Yes,732457,Sunrise Group
1526,513,4,3,3,1948,Rural,Fair,Yes,927709,Skyline Holdings
1527,2778,1,3,2,2012,Downtown,Excellent,No,626762,Skyline Holdings
1528,3655,1,1,2,1911,Rural,Excellent,Yes,777333,Skyline Holdings
1529,629,5,1,3,2008,Urban,Fair,No,468401,Oakfield Ltd
1530,4314,1,3,3,1909,Rural,Poor,Yes,125911,UrbanCore
1531,3716,4,3,1,1970,Rural,Fair,Yes,142643,Skyline Holdings
1532,3438,5,1,3,2009,Suburban,Fair,No,866916,Horizon Builders
1533,4428,3,4,1,1954,Downtown,Fair,No,309383,BlueRiver Dev
1534,2540,1,3,2,1900,Downtown,Good,No,413309,Skyline Holdings
1535,527,2,2,3,1948,Downtown,Poor,No,226682,GreenBrick
1536,2613,1,2,3,1935,Downtown,Good,No,756167,Nova Estates
1537,1752,3,2,3,1920,Suburban,Good,Yes,862267,Nova Estates
1538,4856,5,3,2,1936,Suburban,Excellent,Yes,800639,BlueRiver Dev
1539,2546,3,4,1,2015,Suburban,Fair,No,146453,Nova Estates
1540,4523,2,4,2,1923,Suburban,Fair,No,628078,UrbanCore
1541,4896,4,1,2,1954,Downtown,Good,Yes,782320,BlueRiver Dev
1542,3874,1,3,3,1924,Rural,Excellent,Yes,846075,Nova Estates
1543,3966,5,4,1,1906,Urban,Excellent,No,387990,UrbanCore
1544,3581,4,3,2,2005,Suburban,Excellent,No,462167,Skyline Holdings
1545,4278,3,1,3,1980,Rural,Poor,Yes,535320,Cedar & Co
1546,1129,5,1,2,1992,Suburban,Good,No,458449,Sunrise Group
1547,769,4,1,2,1993,Downtown,Poor,Yes,587488,Oakfield Ltd
1548,3139,5,2,3,1970,Downtown,Excellent,Yes,626563,UrbanCore
1549,2493,2,3,3,1996,Rural,Excellent,No,519284,Nova Estates
1550,3391,2,1,1,1970,Rural,Excellent,Yes,925433,Horizon Builders
1551,3932,1,3,2,2021,Rural,Fair,Yes,726651,Luna Developments
1552,1780,1,2,3,1923,Downtown,Good,Yes,354592,Horizon Builders
1553,2860,2,2,3,1910,Downtown,Fair,No,998084,Oakfield Ltd
1554,1075,5,1,1,1972,Urban,Poor,Yes,665973,Stonegate
1555,1807,2,1,1,1911,Rural,Fair,No,464562,Skyline Holdings
1556,3692,1,4,3,1934,Urban,Good,Yes,847051,Skyline Holdings
1557,3678,2,3,1,1962,Suburban,Fair,Yes,679742,Horizon Builders
1558,3234,2,1,3,1967,Urban,Excellent,Yes,576054,GreenBrick
1559,2712,5,4,2,1999,Suburban,Poor,Yes,839981,MetroConstruct
1560,2852,4,3,1,1991,Suburban,Poor,Yes,724053,EverHome
1561,4068,1,1,2,1956,Urban,Excellent,No,505235,GreenBrick
1562,2155,5,4,2,1912,Rural,Excellent,No,540674,Skyline Holdings
1563,2079,2,4,2,1922,Suburban,Excellent,Yes,830644,Oakfield Ltd
1564,2703,2,3,3,1982,Rural,Good,No,944370,Skyline Holdings
1565,1890,4,4,2,2005,Downtown,Fair,No,964105,MetroConstruct
1566,2242,1,3,2,2000,Suburban,Poor,Yes,543496,Sunrise Group
1567,2425,1,3,2,1938,Downtown,Fair,No,884760,BlueRiver Dev
1568,1119,3,3,3,1987,Urban,Excellent,No,520917,Nova Estates
1569,1774,1,2,2,1979,Rural,Excellent,No,270172,Horizon Builders
1570,1456,4,4,2,1996,Urban,Fair,No,75301,Sunrise Group
1571,2439,3,3,1,1911,Suburban,Poor,Yes,619051,UrbanCore
1572,4453,3,1,3,1933,Downtown,Good,No,201837,Nova Estates
1573,2881,2,2,2,1970,Suburban,Fair,Yes,881219,Pioneer Homes
1574,1468,2,2,1,1974,Urban,Excellent,Yes,957107,Stonegate
1575,1816,1,4,3,1930,Rural,Excellent,No,57425,Skyline Holdings
1576,1543,3,3,3,1992,Rural,Good,Yes,325001,Nova Estates
1577,781,2,4,3,1961,Suburban,Fair,No,233843,Nova Estates
1578,3344,4,2,3,1912,Suburban,Good,Yes,405143,Horizon Builders
1579,1558,2,3,3,1930,Downtown,Good,No,465660,Horizon Builders
1580,4793,2,1,3,1901,Urban,Poor,No,833849,UrbanCore
1581,3032,3,3,2,2002,Suburban,Poor,Yes,615745,Skyline Holdings
1582,4328,3,2,2,1914,Downtown,Excellent,No,545496,GreenBrick
1583,1508,5,1,2,1956,Suburban,Fair,No,785101,Horizon Builders
1584,1729,4,3,2,1974,Rural,Poor,No,443920,Sunrise Group
1585,1535,3,1,1,1933,Downtown,Excellent,No,579740,Atlas Properties
1586,775,1,1,2,2002,Downtown,Fair,Yes,161153,Nova Estates
1587,3240,4,2,3,1967,Suburban,Excellent,Yes,875294,BlueRiver Dev
1588,2789,4,1,2,1974,Urban,Poor,Yes,242543,GreenBrick
1589,1739,3,4,2,1928,Rural,Excellent,No,529274,Sunrise Group
1590,625,4,2,3,1965,Urban,Fair,Yes,330444,BlueRiver Dev
1591,4565,3,4,2,1915,Downtown,Fair,No,977070,BlueRiver Dev
1592,4812,2,1,2,1938,Urban,Excellent,No,450717,Atlas Properties
1593,4368,5,4,2,1976,Downtown,Fair,No,51845,Nova Estates
1594,1708,2,3,1,1936,Urban,Excellent,Yes,169342,Nova Estates
1595,3749,3,1,2,1980,Suburban,Fair,Yes,875613,Pioneer Homes
1596,1418,3,3,3,1920,Urban,Excellent,Yes,500479,UrbanCore
1597,4423,2,4,3,1943,Downtown,Excellent,Yes,811654,Skyline Holdings
1598,4903,1,3,2,2023,Rural,Excellent,No,813292,Nova Estates
1599,2469,1,1,2,1918,Rural,Good,Yes,768398,Nova Estates
1600,3293,1,3,2,1970,Rural,Fair,Yes,298850,Stonegate
1601,1391,3,4,3,2001,Downtown,Poor,Yes,788650,Nova Estates
1602,4970,4,4,3,1907,Urban,Excellent,Yes,297688,GreenBrick
1603,2533,3,4,1,1976,Rural,Good,No,608692,Skyline Holdings
1604,1864,4,1,1,2000,Rural,Poor,Yes,596852,GreenBrick
1605,628,2,4,1,1965,Rural,Excellent,Yes,672186,Nova Estates
1606,1514,5,1,3,1940,Suburban,Poor,Yes,330371,UrbanCore
1607,2299,4,3,1,1974,Downtown,Good,No,570919,Nova Estates
1608,2018,1,4,2,1987,Downtown,Poor,Yes,145259,Oakfield Ltd
1609,4681,3,3,2,1969,Downtown,Excellent,Yes,174451,Skyline Holdings
1610,1698,2,2,3,1960,Downtown,Poor,Yes,490691,UrbanCore
1611,4373,1,3,1,1925,Downtown,Poor,No,67215,Stonegate
1612,2974,2,2,2,1970,Suburban,Excellent,No,180577,Horizon Builders
1613,3985,5,3,3,2020,Urban,Good,Yes,832680,UrbanCore
1614,4549,3,1,1,2002,Suburban,Good,Yes,121074,GreenBrick
1615,4219,3,3,2,1982,Rural,Poor,No,989203,GreenBrick
1616,802,5,1,1,1969,Suburban,Fair,No,682909,BlueRiver Dev
1617,4452,3,1,3,2006,Downtown,Poor,No,979958,Atlas Properties
1618,1486,4,4,1,1928,Suburban,Fair,No,753577,BlueRiver Dev
1619,2363,2,1,3,2006,Downtown,Poor,No,156759,UrbanCore
1620,4940,1,2,1,2002,Suburban,Good,Yes,178471,Pioneer Homes
1621,3572,5,4,2,1965,Downtown,Poor,Yes,858143,Sunrise Group
1622,3624,4,4,3,1918,Rural,Poor,Yes,458275,Nova Estates
1623,1827,1,3,3,1967,Downtown,Fair,Yes,622686,UrbanCore
1624,2908,1,1,3,1957,Suburban,Good,No,837718,Luna Developments
1625,4173,5,1,1,1969,Rural,Fair,No,215369,Nova Estates
1626,3791,4,2,1,2012,Suburban,Poor,No,682592,BlueRiver Dev
1627,4533,1,3,2,1956,Rural,Excellent,No,154959,Skyline Holdings
1628,1203,1,3,3,1936,Urban,Poor,No,289317,UrbanCore
1629,1074,4,4,3,1960,Urban,Poor,Yes,731845,Nova Estates
1630,3732,3,4,1,1991,Urban,Fair,Yes,372111,Sunrise Group
1631,3132,1,4,1,1929,Suburban,Excellent,Yes,934235,Pioneer Homes
1632,4328,2,2,2,1970,Suburban,Excellent,Yes,179745,GreenBrick
1633,3730,4,2,2,1972,Rural,Fair,Yes,104583,BlueRiver Dev
1634,988,1,4,1,1924,Rural,Good,No,698365,Oakfield Ltd
1635,1847,5,3,3,1996,Rural,Excellent,No,494846,EverHome
1636,4181,2,2,2,1964,Rural,Excellent,No,161359,Skyline Holdings
1637,3673,1,3,1,2014,Downtown,Fair,No,601374,GreenBrick
1638,2167,2,3,1,1905,Urban,Good,No,721844,Nova Estates
1639,2137,2,1,3,1917,Downtown,Good,Yes,773983,Atlas Properties
1640,4614,3,4,1,1909,Downtown,Poor,Yes,678420,EverHome
1641,4053,2,1,1,1991,Downtown,Poor,Yes,565329,UrbanCore
1642,1500,3,4,2,1910,Downtown,Fair,No,109263,MetroConstruct
1643,1350,4,4,1,1996,Urban,Good,No,724035,UrbanCore
1644,1888,3,3,1,1964,Downtown,Fair,No,956587,Horizon Builders
1645,4212,5,4,2,1976,Rural,Poor,No,110664,Nova Estates
1646,1867,1,3,3,2000,Suburban,Fair,Yes,467896,Pioneer Homes
1647,1321,4,3,3,1983,Rural,Fair,No,984581,Nova Estates
1648,954,4,4,2,1964,Suburban,Excellent,Yes,956906,MetroConstruct
1649,2124,5,3,2,1951,Rural,Excellent,No,389112,Oakfield Ltd
1650,3272,3,3,3,1966,Rural,Excellent,Yes,970995,BlueRiver Dev
1651,4226,1,3,3,1981,Suburban,Poor,No,751486,Nova Estates
1652,3647,3,2,3,2004,Urban,Fair,No,817018,Skyline Holdings
1653,4589,2,3,3,1977,Downtown,Excellent,Yes,446608,Skyline Holdings
1654,2690,3,2,3,1930,Rural,Excellent,Yes,505473,GreenBrick
1655,1416,4,2,2,1990,Urban,Excellent,No,117804,Nova Estates
1656,4486,1,3,1,1916,Downtown,Poor,Yes,874832,Luna Developments
1657,3375,3,3,3,1954,Urban,Poor,No,479767,UrbanCore
1658,1940,1,2,3,2009,Urban,Fair,No,864520,Skyline Holdings
1659,4900,1,2,1,1992,Downtown,Fair,Yes,261087,GreenBrick
1660,1235,2,3,1,1935,Rural,Fair,No,992969,Sunrise Group
1661,4068,2,3,1,2000,Urban,Excellent,No,491371,Horizon Builders
1662,3838,4,4,1,1925,Rural,Good,Yes,137893,UrbanCore
1663,3515,5,2,1,1952,Rural,Poor,No,842401,EverHome
1664,3389,1,2,1,1916,Rural,Excellent,No,58981,Sunrise Group
1665,1461,5,4,2,1985,Downtown,Excellent,No,464248,Atlas Properties
1666,3489,4,2,1,1924,Suburban,Fair,No,366235,MetroConstruct
1667,4348,1,1,1,1901,Rural,Fair,Yes,157154,Skyline Holdings
1668,1526,1,2,2,2018,Suburban,Excellent,Yes,336552,Luna Developments
1669,4365,5,4,1,1985,Suburban,Poor,Yes,729601,Nova Estates
1670,3363,3,1,3,1904,Urban,Poor,No,884372,Oakfield Ltd
1671,3001,2,3,3,1903,Rural,Excellent,Yes,526154,GreenBrick
1672,2447,3,4,1,1935,Rural,Good,Yes,756465,Stonegate
1673,1677,5,4,2,1905,Rural,Good,Yes,242122,Stonegate
1674,511,2,3,3,2015,Suburban,Poor,No,53657,Oakfield Ltd
1675,4899,3,4,2,1920,Downtown,Fair,Yes,857662,Oakfield Ltd
1676,3864,2,2,3,1976,Suburban,Good,Yes,986184,Skyline Holdings
1677,3522,1,3,1,2017,Rural,Good,No,263766,Nova Estates
1678,3871,3,4,2,2000,Rural,Fair,No,659019,GreenBrick
1679,3330,2,3,2,2018,Rural,Good,No,223412,Nova Estates
1680,542,2,3,2,1988,Suburban,Excellent,No,741310,BlueRiver Dev
1681,1443,2,3,3,1925,Rural,Good,No,713227,GreenBrick
1682,2890,3,1,3,1954,Urban,Fair,No,783902,Cedar & Co
1683,3045,4,4,3,1938,Rural,Excellent,Yes,54329,Horizon Builders
1684,2911,3,1,1,1983,Downtown,Good,Yes,348009,MetroConstruct
1685,1504,5,4,3,1932,Urban,Poor,No,772300,Nova Estates
1686,520,3,2,1,1913,Rural,Excellent,No,569897,Stonegate
1687,906,2,2,2,1955,Urban,Excellent,Yes,87869,EverHome
1688,1514,1,2,2,1999,Rural,Poor,No,247977,Sunrise Group
1689,4931,3,4,1,1980,Downtown,Poor,No,956617,Horizon Builders
1690,2338,3,3,3,1920,Rural,Good,Yes,548185,Pioneer Homes
1691,3688,2,3,1,1945,Urban,Good,No,133984,Nova Estates
1692,1214,1,1,2,1915,Downtown,Fair,No,961604,Sunrise Group
1693,4646,1,1,2,2009,Suburban,Fair,Yes,151069,GreenBrick
1694,4354,5,2,1,1915,Downtown,Excellent,Yes,298577,Nova Estates
1695,4919,3,1,3,2019,Downtown,Poor,Yes,926143,GreenBrick
1696,640,1,4,3,1983,Downtown,Poor,Yes,378396,Nova Estates
1697,1463,1,4,1,1928,Urban,Fair,Yes,391530,Nova Estates
1698,872,4,1,1,1991,Downtown,Excellent,No,168728,Nova Estates
1699,4135,4,1,3,1907,Rural,Excellent,No,573846,Cedar & Co
1700,3041,1,1,2,1987,Downtown,Fair,No,969215,UrbanCore
1701,4110,5,1,1,1902,Downtown,Fair,No,75801,Cedar & Co
1702,2192,1,2,3,1988,Rural,Fair,No,792647,Sunrise Group
1703,605,2,2,3,1918,Rural,Good,Yes,809925,Skyline Holdings
1704,2181,3,1,2,1996,Suburban,Excellent,No,664997,Sunrise Group
1705,4597,5,4,2,1965,Downtown,Excellent,No,365414,Sunrise Group
1706,4516,2,2,2,1978,Urban,Excellent,No,514838,Nova Estates
1707,3136,5,4,2,1985,Downtown,Fair,No,891967,Horizon Builders
1708,2637,2,3,2,2023,Downtown,Fair,No,305560,Skyline Holdings
1709,3916,3,4,1,1973,Rural,Fair,Yes,818026,Horizon Builders
1710,4945,3,1,3,1981,Suburban,Fair,No,782119,Horizon Builders
1711,4030,4,3,1,1921,Downtown,Poor,No,66220,Nova Estates
1712,1786,2,2,1,1945,Urban,Fair,No,325536,Nova Estates
1713,3679,4,2,1,2012,Downtown,Good,No,528803,Oakfield Ltd
1714,4154,2,3,1,1990,Urban,Poor,No,445462,Sunrise Group
1715,2859,4,4,1,1912,Rural,Poor,No,332154,Nova Estates
1716,944,3,2,2,1932,Suburban,Fair,Yes,176951,Atlas Properties
1717,535,5,1,2,1904,Downtown,Excellent,No,380502,Nova Estates
1718,1975,4,3,3,1989,Suburban,Fair,Yes,533419,BlueRiver Dev
1719,4457,2,1,1,1976,Downtown,Excellent,Yes,198306,Atlas Properties
1720,2298,2,3,3,1926,Urban,Fair,No,932622,Skyline Holdings
1721,2345,3,2,2,2020,Suburban,Fair,No,690083,Nova Estates
1722,1908,2,4,2,1977,Downtown,Excellent,No,492667,Nova Estates
1723,2208,1,3,2,1923,Rural,Excellent,Yes,959222,Skyline Holdings
1724,3438,5,3,1,1966,Urban,Excellent,No,175223,Nova Estates
1725,1800,4,1,1,2010,Suburban,Excellent,No,572886,BlueRiver Dev
1726,1743,5,2,2,2014,Downtown,Good,No,649493,Nova Estates
1727,4476,3,1,3,1962,Suburban,Excellent,Yes,465000,Sunrise Group
1728,3597,4,2,3,2012,Downtown,Fair,Yes,997176,Atlas Properties
1729,509,4,1,2,1993,Urban,Fair,No,51082,Oakfield Ltd
1730,2925,1,3,3,1998,Rural,Good,Yes,454364,Horizon Builders
1731,2160,3,1,2,1947,Urban,Excellent,No,208566,Skyline Holdings
1732,3131,2,4,3,1962,Suburban,Fair,Yes,911525,Horizon Builders
1733,1572,1,2,2,1977,Suburban,Good,No,364096,UrbanCore
1734,3725,1,2,3,1911,Downtown,Fair,Yes,86719,Sunrise Group
1735,1816,5,3,1,1927,Urban,Good,No,98737,Nova Estates
1736,4645,5,2,2,1943,Downtown,Good,No,502669,Stonegate
1737,4183,5,4,2,1992,Urban,Poor,Yes,157271,Sunrise Group
1738,3773,1,1,3,1942,Suburban,Poor,Yes,744896,Nova Estates
1739,645,2,3,2,1916,Downtown,Excellent,Yes,231676,GreenBrick
1740,3540,4,4,2,1939,Downtown,Poor,Yes,494049,GreenBrick
1741,1962,5,2,2,1948,Urban,Good,Yes,981543,MetroConstruct
1742,2084,2,2,1,1984,Rural,Fair,No,642127,Pioneer Homes
1743,982,3,4,1,1956,Urban,Fair,No,884363,Pioneer Homes
1744,3679,5,1,3,1986,Rural,Excellent,Yes,352069,Nova Estates
1745,1749,4,1,1,1983,Urban,Poor,No,232075,GreenBrick
1746,1130,3,3,3,1963,Suburban,Excellent,No,492113,Sunrise Group
1747,1161,3,2,1,1974,Downtown,Good,Yes,137745,Nova Estates
1748,4003,4,4,3,1956,Urban,Poor,No,176298,Skyline Holdings
1749,3352,5,1,1,2020,Suburban,Excellent,No,667997,Pioneer Homes
1750,2966,1,3,1,1997,Urban,Fair,Yes,354431,Nova Estates
1751,1487,4,2,3,1973,Downtown,Fair,Yes,796086,UrbanCore
1752,2046,4,2,2,1973,Urban,Excellent,No,476228,Skyline Holdings
1753,1149,4,3,2,2006,Rural,Excellent,Yes,681540,Nova Estates
1754,1468,3,3,1,2023,Downtown,Excellent,No,747143,Skyline Holdings
1755,3137,2,1,3,1969,Rural,Good,Yes,421467,Cedar & Co
1756,1600,1,4,2,1999,Suburban,Good,Yes,511531,Oakfield Ltd
1757,940,5,2,3,1987,Suburban,Fair,Yes,789126,Luna Developments
1758,1269,5,4,2,1975,Urban,Good,Yes,489707,Sunrise Group
1759,1843,2,2,3,1942,Rural,Good,No,270013,Nova Estates
1760,4858,4,2,1,2018,Rural,Poor,Yes,501800,UrbanCore
1761,4229,1,4,3,1922,Downtown,Good,Yes,849235,Sunrise Group
1762,4406,5,3,2,1926,Rural,Poor,No,230697,MetroConstruct
1763,2077,5,1,1,1957,Rural,Good,No,693107,Nova Estates
1764,4508,4,2,3,2020,Downtown,Fair,No,929793,Sunrise Group
1765,3851,2,3,2,2008,Downtown,Excellent,No,63698,Nova Estates
1766,2849,1,2,1,1936,Rural,Fair,Yes,65376,GreenBrick
1767,4102,2,1,3,1905,Urban,Good,No,526870,Pioneer Homes
1768,1741,2,2,2,1964,Downtown,Excellent,Yes,325261,Sunrise Group
1769,1625,1,1,3,1905,Downtown,Excellent,No,286591,GreenBrick
1770,3101,1,1,3,1949,Rural,Excellent,Yes,481172,GreenBrick
1771,1690,5,2,1,1921,Rural,Poor,No,98786,Sunrise Group
1772,4631,5,2,1,2004,Downtown,Fair,Yes,687293,Oakfield Ltd
1773,4948,1,1,2,1987,Rural,Poor,Yes,268850,Stonegate
1774,572,3,3,1,1924,Downtown,Excellent,No,378624,Luna Developments
1775,2414,5,4,2,1978,Urban,Fair,Yes,737055,Oakfield Ltd
1776,2972,3,1,3,1989,Urban,Fair,Yes,969015,Skyline Holdings
1777,3546,1,2,3,1971,Downtown,Good,Yes,889665,BlueRiver Dev
1778,1207,5,2,2,1950,Downtown,Poor,Yes,423166,Sunrise Group
1779,2304,2,3,3,1987,Suburban,Poor,No,465718,Skyline Holdings
1780,4213,1,4,1,1947,Suburban,Good,Yes,493226,MetroConstruct
1781,3064,4,1,3,2001,Rural,Poor,Yes,142529,Nova Estates
1782,2975,3,1,1,1969,Rural,Excellent,No,517121,EverHome
1783,4110,1,4,2,2017,Downtown,Excellent,No,815784,Sunrise Group
1784,4755,1,1,2,1998,Downtown,Poor,No,489705,Horizon Builders
1785,3323,5,4,3,2005,Suburban,Good,Yes,675207,Horizon Builders
1786,2235,5,2,3,1964,Suburban,Fair,Yes,919965,Stonegate
1787,2085,5,4,1,1959,Downtown,Poor,No,524381,Horizon Builders
1788,566,4,1,1,1945,Urban,Fair,Yes,999453,Horizon Builders
1789,3561,5,4,3,1935,Urban,Good,No,522803,Nova Estates
1790,2928,1,3,3,1957,Rural,Fair,Yes,536275,UrbanCore
1791,4653,5,2,2,1975,Downtown,Good,No,772670,Nova Estates
1792,841,2,2,2,1937,Downtown,Good,Yes,259870,Pioneer Homes
1793,3274,5,4,2,1910,Rural,Excellent,No,643695,UrbanCore
1794,3317,4,1,3,1911,Suburban,Excellent,Yes,648097,BlueRiver Dev
1795,3161,2,3,3,1941,Suburban,Good,No,329373,Nova Estates
1796,1732,1,2,3,2013,Urban,Poor,Yes,994889,Nova Estates
1797,4374,1,2,2,1938,Downtown,Excellent,Yes,616464,BlueRiver Dev
1798,2901,3,1,3,1970,Suburban,Good,Yes,669113,Nova Estates
1799,1994,2,1,1,1910,Urban,Fair,No,970764,Nova Estates
1800,4711,3,3,3,1935,Urban,Fair,Yes,147555,Nova Estates
1801,1161,2,4,3,1951,Urban,Poor,Yes,577433,Luna Developments
1802,4383,2,1,3,1930,Suburban,Fair,Yes,147289,Pioneer Homes
1803,4119,4,4,3,1932,Suburban,Fair,No,713162,GreenBrick
1804,2368,3,3,3,1912,Downtown,Good,Yes,838695,Skyline Holdings
1805,2834,4,4,1,1917,Downtown,Fair,No,470129,GreenBrick
1806,3874,2,2,1,1940,Urban,Fair,Yes,107788,Oakfield Ltd
1807,1516,1,4,3,1957,Urban,Fair,No,713515,BlueRiver Dev
1808,4906,2,3,2,1955,Suburban,Fair,No,706282,Nova Estates
1809,707,4,3,3,1923,Suburban,Good,Yes,777591,Nova Estates
1810,3165,3,3,3,1972,Downtown,Fair,No,201744,Nova Estates
1811,2993,3,4,3,1930,Downtown,Poor,No,219598,BlueRiver Dev
1812,1132,4,2,2,1954,Rural,Excellent,Yes,881776,Pioneer Homes
1813,2602,3,1,2,2004,Downtown,Poor,No,959251,Skyline Holdings
1814,3459,5,2,2,1909,Suburban,Excellent,No,462230,Nova Estates
1815,3583,1,4,1,1959,Urban,Poor,No,647640,Nova Estates
1816,2431,1,4,2,1901,Rural,Excellent,No,534495,Cedar & Co
1817,4219,1,1,1,2001,Downtown,Excellent,Yes,352468,Skyline Holdings
1818,3062,3,4,1,1914,Downtown,Excellent,No,557745,Pioneer Homes
1819,2179,3,3,2,1902,Suburban,Excellent,No,930507,Horizon Builders
1820,736,2,3,2,1942,Rural,Good,Yes,276710,GreenBrick
1821,4943,2,3,2,1930,Downtown,Poor,Yes,744058,Skyline Holdings
1822,2040,1,3,1,1969,Urban,Excellent,No,913601,Nova Estates
1823,4443,5,3,3,1966,Suburban,Poor,Yes,859816,Horizon Builders
1824,863,2,4,2,1955,Rural,Fair,Yes,577800,Oakfield Ltd
1825,2868,2,1,2,1962,Downtown,Excellent,Yes,973570,Horizon Builders
1826,785,3,1,2,1974,Downtown,Poor,Yes,736860,UrbanCore
1827,648,5,3,1,1914,Rural,Good,Yes,173775,Nova Estates
1828,4537,1,4,1,2008,Suburban,Poor,Yes,128743,Cedar & Co
1829,2266,2,2,3,2015,Rural,Excellent,Yes,397786,Oakfield Ltd
1830,1512,5,2,2,1991,Rural,Fair,Yes,441731,Skyline Holdings
1831,3331,5,4,1,1909,Suburban,Poor,Yes,654146,Cedar & Co
1832,3007,1,3,3,1937,Downtown,Fair,No,629088,Horizon Builders
1833,2023,5,1,2,1946,Urban,Good,No,506356,UrbanCore
1834,3285,5,4,1,1956,Suburban,Poor,No,674652,Pioneer Homes
1835,3056,5,2,2,1949,Urban,Poor,No,555533,Oakfield Ltd
1836,4225,2,2,2,2013,Downtown,Good,No,314531,Horizon Builders
1837,2101,1,2,1,1970,Rural,Good,Yes,237232,Nova Estates
1838,2908,5,3,1,1914,Urban,Good,Yes,778927,GreenBrick
1839,840,5,2,1,1917,Downtown,Excellent,No,182871,EverHome
1840,3317,2,4,2,1981,Downtown,Excellent,No,169095,Skyline Holdings
1841,2996,1,4,2,2015,Rural,Poor,Yes,609836,GreenBrick
1842,2225,3,2,3,2004,Rural,Poor,No,140450,Sunrise Group
1843,2189,2,4,2,1987,Downtown,Poor,Yes,679957,Sunrise Group
1844,3767,1,2,1,1901,Downtown,Fair,No,916603,Horizon Builders
1845,4906,5,2,2,2003,Urban,Good,Yes,483595,Luna Developments
1846,761,1,1,3,1983,Downtown,Poor,No,357558,Skyline Holdings
1847,1942,1,3,3,1997,Downtown,Good,Yes,647359,Nova Estates
1848,905,1,3,1,1942,Urban,Excellent,No,687096,Nova Estates
1849,2690,3,1,1,1925,Suburban,Good,No,550884,Stonegate
1850,4937,1,1,3,1970,Urban,Fair,Yes,128591,Horizon Builders
1851,743,3,3,3,1937,Urban,Fair,Yes,798501,Skyline Holdings
1852,4607,5,2,3,1993,Rural,Good,No,316441,Oakfield Ltd
1853,1060,3,2,1,1941,Urban,Fair,No,683801,Stonegate
1854,4637,5,3,3,1904,Downtown,Fair,Yes,965100,MetroConstruct
1855,3225,5,2,3,1910,Downtown,Excellent,Yes,922911,EverHome
1856,1093,3,1,1,1964,Downtown,Poor,Yes,148752,Skyline Holdings
1857,2326,2,2,2,1933,Suburban,Fair,No,186080,Pioneer Homes
1858,3729,4,2,2,2019,Downtown,Poor,No,267885,Sunrise Group
1859,3787,1,4,3,1900,Suburban,Good,Yes,427625,MetroConstruct
1860,4573,4,4,2,1982,Downtown,Good,No,197892,Pioneer Homes
1861,633,1,4,2,1901,Urban,Fair,No,514764,Oakfield Ltd
1862,3638,1,2,2,1984,Rural,Good,Yes,203325,Horizon Builders
1863,4419,5,3,2,1919,Downtown,Excellent,No,472418,Nova Estates
1864,572,1,1,3,1960,Suburban,Fair,Yes,996740,UrbanCore
1865,4994,1,2,2,1986,Suburban,Fair,Yes,641444,Atlas Properties
1866,4725,3,3,2,1920,Rural,Fair,No,817248,Luna Developments
1867,3478,4,2,1,1987,Downtown,Good,No,110263,Nova Estates
1868,4861,3,1,3,1967,Urban,Good,Yes,955428,Nova Estates
1869,2485,1,2,1,1911,Downtown,Fair,Yes,673540,Nova Estates
1870,1292,5,1,1,1921,Downtown,Poor,Yes,168632,Pioneer Homes
1871,4759,3,2,3,1919,Rural,Good,No,911287,Oakfield Ltd
1872,594,3,1,2,1981,Downtown,Good,Yes,66575,Skyline Holdings
1873,1633,2,2,1,1900,Urban,Fair,Yes,324348,Sunrise Group
1874,737,1,1,3,1929,Suburban,Poor,Yes,61952,MetroConstruct
1875,3446,5,4,2,1996,Rural,Fair,Yes,569826,Pioneer Homes
1876,3030,3,2,3,1923,Urban,Good,No,133323,UrbanCore
1877,2460,3,2,1,1913,Suburban,Fair,No,756502,Horizon Builders
1878,1548,5,3,2,1935,Rural,Fair,Yes,214944,Sunrise Group
1879,3029,1,3,2,1968,Rural,Fair,No,734736,Skyline Holdings
1880,3464,2,1,3,1974,Suburban,Poor,No,771444,UrbanCore
1881,1463,3,2,2,1923,Suburban,Fair,No,192712,BlueRiver Dev
1882,1036,2,1,1,1959,Urban,Good,Yes,338581,Stonegate
1883,4723,4,4,1,1994,Downtown,Fair,No,177129,Horizon Builders
1884,4179,1,3,1,1954,Downtown,Poor,No,924113,Pioneer Homes
1885,4687,4,1,3,1976,Downtown,Excellent,Yes,828810,Nova Estates
1886,4224,4,1,2,1979,Downtown,Poor,Yes,582191,Sunrise Group
1887,1042,4,3,2,1923,Downtown,Fair,No,264776,Nova Estates
1888,1345,1,2,2,1976,Urban,Excellent,No,601151,Skyline Holdings
1889,4103,1,1,1,1923,Rural,Fair,Yes,355525,Pioneer Homes
1890,3536,5,3,2,1953,Urban,Poor,Yes,864980,Atlas Properties
1891,2994,2,2,1,1925,Urban,Excellent,Yes,493172,Nova Estates
1892,4985,2,4,2,1965,Urban,Excellent,Yes,585755,GreenBrick
1893,3219,5,3,1,1979,Rural,Fair,No,370098,Oakfield Ltd
1894,2384,5,1,2,1937,Urban,Fair,Yes,336045,Skyline Holdings
1895,4638,4,4,3,2009,Urban,Poor,No,859733,UrbanCore
1896,4849,5,2,3,1964,Rural,Fair,No,961118,Pioneer Homes
1897,3701,3,2,1,2012,Urban,Excellent,No,807902,Horizon Builders
1898,3210,2,3,1,1974,Downtown,Good,Yes,921612,Nova Estates
1899,2453,5,3,2,1950,Suburban,Good,Yes,644191,GreenBrick
1900,4350,3,3,2,1934,Urban,Poor,No,416099,Oakfield Ltd
1901,1189,3,2,3,1942,Suburban,Fair,No,983708,UrbanCore
1902,2450,3,4,2,1928,Urban,Poor,No,594043,Nova Estates
1903,956,3,2,1,1936,Urban,Good,No,371961,Pioneer Homes
1904,2630,4,1,1,1980,Downtown,Good,No,838525,Nova Estates
1905,4476,3,2,1,1957,Rural,Fair,Yes,306094,Pioneer Homes
1906,4744,4,1,1,1953,Suburban,Excellent,Yes,512753,Skyline Holdings
1907,1679,4,4,1,1938,Rural,Fair,Yes,932751,Luna Developments
1908,4785,3,3,3,1941,Downtown,Good,No,335084,GreenBrick
1909,4065,2,3,3,1927,Downtown,Excellent,No,749400,GreenBrick
1910,1382,3,2,1,1928,Suburban,Poor,Yes,703002,Nova Estates
1911,899,3,3,2,1942,Rural,Good,Yes,141544,Skyline Holdings
1912,1108,3,4,1,1902,Downtown,Poor,No,658725,Stonegate
1913,2138,2,3,3,2015,Urban,Excellent,Yes,405113,Atlas Properties
1914,2648,1,2,1,1909,Urban,Poor,Yes,157001,GreenBrick
1915,1882,1,4,3,1958,Urban,Good,Yes,137725,Sunrise Group
1916,1903,4,1,3,2005,Rural,Fair,No,427928,Pioneer Homes
1917,1319,4,2,1,1913,Urban,Poor,No,160675,Stonegate
1918,3792,2,1,1,1975,Urban,Good,Yes,144266,Horizon Builders
1919,1319,5,4,2,1946,Downtown,Good,No,321380,GreenBrick
1920,919,1,2,3,1941,Downtown,Excellent,Yes,909029,GreenBrick
1921,4719,4,2,2,1993,Urban,Good,Yes,265196,BlueRiver Dev
1922,3802,1,4,1,1931,Urban,Fair,No,184974,Nova Estates
1923,2008,2,3,3,1931,Downtown,Fair,No,673944,Horizon Builders
1924,1267,2,2,2,1941,Suburban,Poor,No,346508,GreenBrick
1925,2544,5,2,2,1931,Rural,Poor,Yes,681359,Oakfield Ltd
1926,2639,5,1,2,1925,Rural,Poor,Yes,406554,Nova Estates
1927,3529,2,3,1,2014,Downtown,Poor,Yes,201168,UrbanCore
1928,2049,4,1,1,1900,Rural,Fair,No,193092,Sunrise Group
1929,2264,1,1,1,1955,Downtown,Excellent,Yes,632761,Horizon Builders
1930,3145,3,3,3,2021,Downtown,Poor,Yes,291472,Nova Estates
1931,4216,5,3,1,2005,Downtown,Excellent,Yes,356297,UrbanCore
1932,4981,3,4,3,1901,Downtown,Good,Yes,222349,UrbanCore
1933,2793,4,3,2,1980,Suburban,Good,No,350646,UrbanCore
1934,3208,5,2,2,1929,Urban,Poor,No,65675,Horizon Builders
1935,1400,3,3,1,2019,Urban,Good,No,991869,BlueRiver Dev
1936,3584,4,4,2,2002,Suburban,Excellent,Yes,168384,Oakfield Ltd
1937,2509,1,4,1,1970,Rural,Excellent,Yes,128229,Skyline Holdings
1938,741,4,4,3,1951,Rural,Good,Yes,663337,MetroConstruct
1939,2885,5,3,2,1990,Urban,Poor,No,757508,Sunrise Group
1940,4768,2,3,1,1908,Rural,Excellent,No,401301,Nova Estates
1941,1171,1,1,2,1921,Urban,Excellent,No,270319,Nova Estates
1942,663,3,1,2,1933,Urban,Fair,No,679999,GreenBrick
1943,964,5,2,1,2009,Suburban,Poor,No,684378,Oakfield Ltd
1944,3542,2,1,2,1948,Rural,Fair,Yes,929753,BlueRiver Dev
1945,2942,4,2,2,1900,Suburban,Good,No,776262,Oakfield Ltd
1946,2855,2,4,2,1972,Urban,Good,No,862897,UrbanCore
1947,4778,5,1,2,1983,Urban,Fair,No,868718,Sunrise Group
1948,3057,5,3,3,1952,Urban,Poor,Yes,104795,Nova Estates
1949,1045,2,1,2,1982,Downtown,Excellent,No,420283,GreenBrick
1950,4335,4,2,2,1999,Downtown,Good,No,784543,Sunrise Group
1951,1093,2,1,1,2023,Downtown,Poor,No,153845,Nova Estates
1952,4304,5,4,3,1939,Suburban,Poor,Yes,362130,Skyline Holdings
1953,1959,5,3,1,1944,Urban,Good,Yes,387540,Horizon Builders
1954,3993,3,2,1,1967,Rural,Good,No,891610,Pioneer Homes
1955,3101,3,3,1,1908,Suburban,Poor,No,847177,Atlas Properties
1956,2944,1,3,3,2004,Suburban,Excellent,No,828520,Luna Developments
1957,3172,5,2,1,1921,Suburban,Fair,No,303730,Horizon Builders
1958,4700,3,3,1,1917,Rural,Good,Yes,253426,Sunrise Group
1959,516,2,3,1,1975,Urban,Fair,No,916069,Horizon Builders
1960,3691,4,1,2,2005,Downtown,Poor,Yes,972532,Oakfield Ltd
1961,892,2,3,1,1942,Urban,Fair,No,279333,Nova Estates
1962,924,4,3,3,1938,Urban,Excellent,Yes,622854,GreenBrick
1963,1071,3,3,3,1972,Suburban,Poor,Yes,880154,MetroConstruct
1964,4131,1,3,2,1905,Suburban,Excellent,No,923055,GreenBrick
1965,1620,2,2,3,1982,Suburban,Poor,Yes,423218,UrbanCore
1966,741,2,4,3,1947,Downtown,Excellent,No,649262,UrbanCore
1967,4397,2,1,2,2010,Downtown,Poor,Yes,526908,Nova Estates
1968,4595,4,3,1,1906,Downtown,Excellent,Yes,396228,GreenBrick
1969,2779,3,3,2,1979,Urban,Poor,No,220951,GreenBrick
1970,1288,2,2,1,1968,Suburban,Excellent,No,467983,Nova Estates
1971,1214,2,4,1,1915,Rural,Poor,Yes,298595,Nova Estates
1972,3349,1,3,3,1900,Urban,Excellent,Yes,953785,MetroConstruct
1973,1275,1,2,2,2014,Downtown,Good,No,678705,Skyline Holdings
1974,4526,3,1,3,1936,Rural,Fair,No,904531,UrbanCore
1975,2747,3,1,3,2002,Rural,Poor,No,229729,Skyline Holdings
1976,578,5,3,1,1982,Suburban,Excellent,Yes,189570,Luna Developments
1977,4426,1,3,3,2017,Rural,Good,No,254739,Skyline Holdings
1978,1355,5,4,2,1936,Downtown,Poor,No,337251,Sunrise Group
1979,2648,4,4,3,1980,Suburban,Poor,Yes,734153,Stonegate
1980,1531,5,3,3,1963,Rural,Poor,No,970200,MetroConstruct
1981,3771,2,2,1,1989,Suburban,Fair,No,890271,Nova Estates
1982,4076,5,4,2,1985,Rural,Excellent,No,663529,Oakfield Ltd
1983,4682,3,3,3,1961,Urban,Excellent,No,597685,Sunrise Group
1984,3956,4,4,1,1971,Urban,Poor,Yes,581992,Sunrise Group
1985,4006,2,3,3,1960,Downtown,Poor,No,852874,Nova Estates
1986,907,5,1,2,1932,Urban,Poor,No,769148,Nova Estates
1987,3211,4,3,3,1965,Urban,Good,No,179576,Pioneer Homes
1988,3588,4,1,3,1929,Urban,Poor,No,59765,Sunrise Group
1989,2168,2,4,1,2010,Rural,Fair,No,427972,Sunrise Group
1990,647,5,3,3,1919,Rural,Excellent,No,60002,Pioneer Homes
1991,4827,4,4,1,1959,Suburban,Fair,Yes,834141,Pioneer Homes
1992,4397,4,1,2,1981,Rural,Poor,Yes,847822,Nova Estates
1993,2450,1,3,3,2006,Urban,Good,Yes,225508,Horizon Builders
1994,865,4,4,2,2020,Rural,Poor,No,308446,Nova Estates
1995,2174,1,1,2,1973,Downtown,Poor,No,527698,Pioneer Homes
1996,4994,5,4,3,1923,Suburban,Poor,No,295620,Horizon Builders
1997,3046,5,2,1,2019,Suburban,Poor,Yes,580929,Luna Developments
1998,1062,5,1,2,1903,Rural,Poor,No,476925,Nova Estates
1999,4062,3,1,2,1936,Urban,Excellent,Yes,161119,Nova Estates
2000,2989,5,1,3,1903,Suburban,Fair,No,482525,Skyline Holdings
